frame,timestamp_ms,person_id,mediapipe_error,lm0_x,lm0_y,lm0_z,lm0_visibility,lm0_presence,lm1_x,lm1_y,lm1_z,lm1_visibility,lm1_presence,lm2_x,lm2_y,lm2_z,lm2_visibility,lm2_presence,lm3_x,lm3_y,lm3_z,lm3_visibility,lm3_presence,lm4_x,lm4_y,lm4_z,lm4_visibility,lm4_presence,lm5_x,lm5_y,lm5_z,lm5_visibility,lm5_presence,lm6_x,lm6_y,lm6_z,lm6_visibility,lm6_presence,lm7_x,lm7_y,lm7_z,lm7_visibility,lm7_presence,lm8_x,lm8_y,lm8_z,lm8_visibility,lm8_presence,lm9_x,lm9_y,lm9_z,lm9_visibility,lm9_presence,lm10_x,lm10_y,lm10_z,lm10_visibility,lm10_presence,lm11_x,lm11_y,lm11_z,lm11_visibility,lm11_presence,lm12_x,lm12_y,lm12_z,lm12_visibility,lm12_presence,lm13_x,lm13_y,lm13_z,lm13_visibility,lm13_presence,lm14_x,lm14_y,lm14_z,lm14_visibility,lm14_presence,lm15_x,lm15_y,lm15_z,lm15_visibility,lm15_presence,lm16_x,lm16_y,lm16_z,lm16_visibility,lm16_presence,lm17_x,lm17_y,lm17_z,lm17_visibility,lm17_presence,lm18_x,lm18_y,lm18_z,lm18_visibility,lm18_presence,lm19_x,lm19_y,lm19_z,lm19_visibility,lm19_presence,lm20_x,lm20_y,lm20_z,lm20_visibility,lm20_presence,lm21_x,lm21_y,lm21_z,lm21_visibility,lm21_presence,lm22_x,lm22_y,lm22_z,lm22_visibility,lm22_presence,lm23_x,lm23_y,lm23_z,lm23_visibility,lm23_presence,lm24_x,lm24_y,lm24_z,lm24_visibility,lm24_presence,lm25_x,lm25_y,lm25_z,lm25_visibility,lm25_presence,lm26_x,lm26_y,lm26_z,lm26_visibility,lm26_presence,lm27_x,lm27_y,lm27_z,lm27_visibility,lm27_presence,lm28_x,lm28_y,lm28_z,lm28_visibility,lm28_presence,lm29_x,lm29_y,lm29_z,lm29_visibility,lm29_presence,lm30_x,lm30_y,lm30_z,lm30_visibility,lm30_presence,lm31_x,lm31_y,lm31_z,lm31_visibility,lm31_presence,lm32_x,lm32_y,lm32_z,lm32_visibility,lm32_presence,lm29_floor_y,lm29_height_above_floor,lm29_floor_confidence,lm30_floor_y,lm30_height_above_floor,lm30_floor_confidence,heel_lifting_flag_left,heel_lifting_flag_right,heel_lifting_confirmed_flag_left,heel_lifting_confirmed_flag_right
0,0,0,False,0.8785463571548462,0.4529276490211487,-0.24703383445739746,0.9977939128875732,0.9996881484985352,0.8943207263946533,0.4570305645465851,-0.28590357303619385,0.9980548620223999,0.9998428821563721,0.8952367901802063,0.45883405208587646,-0.2863878905773163,0.998067319393158,0.9998898506164551,0.8963375091552734,0.4611038565635681,-0.28628218173980713,0.9987658262252808,0.999890923500061,0.8952471613883972,0.45638078451156616,-0.22601225972175598,0.9977110624313354,0.9996740818023682,0.8965200781822205,0.45748698711395264,-0.22657977044582367,0.9978347420692444,0.9997149109840393,0.8980391025543213,0.4589386284351349,-0.22682395577430725,0.9982677698135376,0.9996604919433594,0.8955944776535034,0.47567078471183777,-0.3636084794998169,0.9990565180778503,0.9999125003814697,0.8953590393066406,0.47387075424194336,-0.09225941449403763,0.9947168231010437,0.9995830655097961,0.8631649017333984,0.4603387117385864,-0.26323050260543823,0.997846245765686,0.9998860359191895,0.8632817268371582,0.45928847789764404,-0.18833665549755096,0.9959958791732788,0.9995635151863098,0.8187865614891052,0.508621096611023,-0.46044716238975525,0.9999836683273315,0.999993085861206,0.7994163036346436,0.49141132831573486,0.1419081836938858,0.9992614388465881,0.9997310042381287,0.6807177662849426,0.5266849994659424,-0.5579667687416077,0.9910258650779724,0.9999313354492188,0.6702979803085327,0.5020688772201538,0.21533310413360596,0.006023190449923277,0.9992454051971436,0.553522527217865,0.5301176309585571,-0.6045894622802734,0.9621505737304688,0.9999308586120605,0.559836208820343,0.5045687556266785,0.04831410571932793,0.012298324145376682,0.999606192111969,0.5147832036018372,0.5356146097183228,-0.6676396131515503,0.9229465126991272,0.9996929168701172,0.521343469619751,0.5063691735267639,0.02602003701031208,0.016952181234955788,0.9992479681968689,0.5102877020835876,0.530299723148346,-0.6726471185684204,0.920631468296051,0.9996628761291504,0.5159553289413452,0.5021466016769409,-0.03289727121591568,0.018559623509645462,0.9991335272789001,0.5215131640434265,0.5272221565246582,-0.6034557819366455,0.859642744064331,0.99982088804245,0.5246738195419312,0.5039246678352356,0.01512614544481039,0.017765123397111893,0.9994714856147766,0.5706236362457275,0.5123907923698425,-0.17669251561164856,0.9999740123748779,0.9999984502792358,0.5681260228157043,0.49607551097869873,0.17666880786418915,0.9999275207519531,0.9999958276748657,0.37423187494277954,0.5107316970825195,-0.1060580313205719,0.808997631072998,0.9999327659606934,0.37557077407836914,0.5051733255386353,0.17871011793613434,0.13962028920650482,0.9999189376831055,0.16613134741783142,0.515113115310669,0.020272189751267433,0.9157025218009949,0.9997698664665222,0.1788489818572998,0.5122373104095459,0.29539281129837036,0.4412402808666229,0.9998569488525391,0.14275923371315002,0.525722086429596,0.019707880914211273,0.7048926949501038,0.9993374943733215,0.1537156105041504,0.523253321647644,0.2983204424381256,0.40262237191200256,0.9997701048851013,0.08339467644691467,0.4789077639579773,-0.18898482620716095,0.890354335308075,0.9990205764770508,0.09440195560455322,0.47827500104904175,0.13928315043449402,0.5657345652580261,0.9994252920150757,0.5293616414070129,0.00363955497741697,high,0.5288581281900406,0.00560480654239659,high,False,False,False,False
1,33,0,False,0.8781071901321411,0.45350056886672974,-0.16987955570220947,0.9979091882705688,0.9998387098312378,0.8944140076637268,0.4573664367198944,-0.2057105451822281,0.9981586933135986,0.9999135732650757,0.8955336809158325,0.45932286977767944,-0.20614321529865265,0.9981750845909119,0.9999407529830933,0.8967534303665161,0.46139830350875854,-0.20606394112110138,0.998835563659668,0.9999428987503052,0.8951998353004456,0.4566478133201599,-0.1481541395187378,0.9978313446044922,0.9998100399971008,0.8964546322822571,0.4579112231731415,-0.14863410592079163,0.9979459047317505,0.9998255372047424,0.8979339599609375,0.4593571126461029,-0.14880035817623138,0.9983513355255127,0.99978107213974,0.8965990543365479,0.47542616724967957,-0.2826343774795532,0.9991196393966675,0.9999630451202393,0.895724892616272,0.4736129939556122,-0.020732499659061432,0.9949861168861389,0.9997431635856628,0.8632522225379944,0.4615817964076996,-0.18675260245800018,0.9979692101478577,0.9999439716339111,0.8632822036743164,0.4603619873523712,-0.11455868184566498,0.9962010979652405,0.9997310042381287,0.8200221061706543,0.50822913646698,-0.39537209272384644,0.999984622001648,0.9999972581863403,0.7993608117103577,0.49108219146728516,0.19734446704387665,0.9992602467536926,0.9997496008872986,0.6848198175430298,0.5267114043235779,-0.5054516196250916,0.9913005232810974,0.9999512434005737,0.6703318953514099,0.5036624670028687,0.2528298795223236,0.005802472587674856,0.999254047870636,0.5546989440917969,0.529241681098938,-0.5573790073394775,0.9630211591720581,0.9999539852142334,0.5599672198295593,0.5049795508384705,0.08685202896595001,0.011851949617266655,0.9995927214622498,0.5155003666877747,0.5355138778686523,-0.6188334226608276,0.9248306751251221,0.9998171925544739,0.5244255661964417,0.5064841508865356,0.06562531739473343,0.01655868999660015,0.9993478655815125,0.510340690612793,0.5301257967948914,-0.6204348802566528,0.9224040508270264,0.9997883439064026,0.5190719366073608,0.502498209476471,0.011545287445187569,0.018075430765748024,0.9992413520812988,0.5216107964515686,0.5267172455787659,-0.5551766753196716,0.8623030185699463,0.9998828172683716,0.5288910865783691,0.5038681626319885,0.055455368012189865,0.017361020669341087,0.9994977712631226,0.5708988308906555,0.5117771029472351,-0.17676007747650146,0.9999752044677734,0.9999991655349731,0.5684365630149841,0.4960060715675354,0.17673632502555847,0.9999300241470337,0.9999969005584717,0.37422987818717957,0.5111050009727478,-0.12434019893407822,0.8218933343887329,0.9999699592590332,0.37559619545936584,0.5050545334815979,0.17795929312705994,0.14464382827281952,0.9999557733535767,0.16520139575004578,0.5150652527809143,-0.018848981708288193,0.9216799736022949,0.9999173879623413,0.17891228199005127,0.5118651390075684,0.2816886901855469,0.4572504758834839,0.9999380111694336,0.13994957506656647,0.5257104635238647,-0.021008040755987167,0.7209447026252747,0.9997288584709167,0.15361635386943817,0.5232371687889099,0.2829879820346832,0.41734299063682556,0.9998921155929565,0.08356647938489914,0.4789194166660309,-0.2222345471382141,0.8981665968894958,0.999515175819397,0.09608214348554611,0.47845274209976196,0.1341196596622467,0.5834011435508728,0.999646782875061,0.5293616414070129,0.003651177883148171,high,0.5288581281900406,0.005620959401130721,high,False,False,False,False
2,66,0,False,0.876264214515686,0.4543110132217407,-0.14173851907253265,0.997951090335846,0.9996838569641113,0.8937734961509705,0.4584096670150757,-0.17498718202114105,0.9981951117515564,0.999824583530426,0.8951029181480408,0.4604319632053375,-0.17538517713546753,0.998214840888977,0.9998772144317627,0.8963757157325745,0.4623165428638458,-0.1753101795911789,0.9988618493080139,0.9998787641525269,0.8938916325569153,0.45742276310920715,-0.12074732035398483,0.997882068157196,0.9996334314346313,0.8950238823890686,0.4588136374950409,-0.12123331427574158,0.9979899525642395,0.9996700286865234,0.8962834477424622,0.4602315127849579,-0.12140641361474991,0.9983831644058228,0.9995906949043274,0.8964095115661621,0.4754861891269684,-0.24446462094783783,0.9991545081138611,0.9999203681945801,0.8949989080429077,0.4736103117465973,0.0023645474575459957,0.9951242208480835,0.9995390176773071,0.862687349319458,0.4627903699874878,-0.1561352163553238,0.9980124235153198,0.9998798370361328,0.8624937534332275,0.4614923298358917,-0.08824257552623749,0.996263325214386,0.9994580149650574,0.8200220465660095,0.5079090595245361,-0.35189780592918396,0.9999850392341614,0.9999942779541016,0.7981346845626831,0.4909766614437103,0.209468811750412,0.9992257356643677,0.9995854496955872,0.6871158480644226,0.5266624093055725,-0.4631655812263489,0.9913328289985657,0.9999171495437622,0.6702027916908264,0.5044654607772827,0.26361003518104553,0.005530891008675098,0.9990094900131226,0.5553641319274902,0.5286080837249756,-0.52228182554245,0.9627716541290283,0.9999192953109741,0.5594800114631653,0.5054472088813782,0.10907872021198273,0.011340351775288582,0.9994900226593018,0.5161312818527222,0.5354015827178955,-0.5820546746253967,0.9248975515365601,0.9996715784072876,0.5249029994010925,0.507341206073761,0.08842452615499496,0.0160107109695673,0.9991389513015747,0.5104288458824158,0.5301276445388794,-0.5842133164405823,0.9223652482032776,0.9996347427368164,0.5194689631462097,0.5038004517555237,0.03723682090640068,0.0174336489289999,0.9990285634994507,0.5217334032058716,0.5266026854515076,-0.5207754373550415,0.8621793389320374,0.9998001456260681,0.529151976108551,0.5040915608406067,0.07939258217811584,0.016782334074378014,0.999359667301178,0.5709935426712036,0.5106666684150696,-0.1739010363817215,0.9999752044677734,0.9999979734420776,0.5686994791030884,0.49593907594680786,0.1738860160112381,0.9999288320541382,0.9999936819076538,0.37470853328704834,0.5111738443374634,-0.12204936146736145,0.8270151615142822,0.9999191761016846,0.376255065202713,0.5049253106117249,0.16892342269420624,0.14020968973636627,0.9998950958251953,0.1651855856180191,0.5150243043899536,-0.03739529475569725,0.9246308207511902,0.9997808337211609,0.17906057834625244,0.5118772387504578,0.24763265252113342,0.450628399848938,0.9998407363891602,0.13862678408622742,0.5257118344306946,-0.042176201939582825,0.727685272693634,0.9992805123329163,0.15305720269680023,0.523291826248169,0.2468537837266922,0.4140789806842804,0.9997194409370422,0.0847189873456955,0.4781002104282379,-0.23973335325717926,0.9022138118743896,0.9989097118377686,0.09796343743801117,0.4784432053565979,0.10496942698955536,0.5813168287277222,0.9992462396621704,0.5293616414070129,0.003649806976318337,high,0.5288581281900406,0.0055663019418716875,high,False,False,False,False
3,100,0,False,0.8763050436973572,0.454830527305603,-0.15254415571689606,0.9980461001396179,0.9997875094413757,0.8938677906990051,0.4591415524482727,-0.18649214506149292,0.998281717300415,0.9998772144317627,0.8952072858810425,0.4612160325050354,-0.18689286708831787,0.9983011484146118,0.9999141693115234,0.8965926170349121,0.4631389379501343,-0.18682582676410675,0.9989196062088013,0.9999151229858398,0.8939002752304077,0.45790350437164307,-0.13062162697315216,0.9979851841926575,0.9997355341911316,0.8950287699699402,0.4592418670654297,-0.13110916316509247,0.9980805516242981,0.9997556805610657,0.8962835073471069,0.46055757999420166,-0.13127972185611725,0.9984548687934875,0.9996892213821411,0.8967565894126892,0.47571617364883423,-0.2578563690185547,0.9992055892944336,0.9999469518661499,0.8951044678688049,0.4735930263996124,-0.0036083320155739784,0.9953568577766418,0.9996556043624878,0.8627368807792664,0.4634039103984833,-0.16754086315631866,0.9981074929237366,0.9999196529388428,0.8624880313873291,0.46193042397499084,-0.09750881046056747,0.9964240193367004,0.9996240139007568,0.8200263977050781,0.5078683495521545,-0.3642899990081787,0.9999856948852539,0.9999958276748657,0.7967207431793213,0.4908777177333832,0.20819717645645142,0.9992194175720215,0.9996722936630249,0.6869351863861084,0.5266362428665161,-0.4630763530731201,0.9914243221282959,0.9999415874481201,0.6691502928733826,0.5052863955497742,0.27351289987564087,0.00533221336081624,0.9992039799690247,0.5551442503929138,0.528181791305542,-0.5009074807167053,0.9628596305847168,0.9999394416809082,0.5572816133499146,0.5063930749893188,0.13121871650218964,0.01097854133695364,0.9995602965354919,0.5160786509513855,0.5351250171661377,-0.5577294230461121,0.9251511693000793,0.9997420907020569,0.5248573422431946,0.5093377828598022,0.1130761131644249,0.01564723812043667,0.9992356300354004,0.5101884007453918,0.5300554037094116,-0.5605114102363586,0.9225042462348938,0.9997037053108215,0.5194116234779358,0.5063962936401367,0.06098457798361778,0.016987686976790428,0.9991080164909363,0.5214426517486572,0.5264126062393188,-0.4989818334579468,0.8624145984649658,0.9998425245285034,0.5290669798851013,0.5053801536560059,0.101508729159832,0.01642763987183571,0.9994286894798279,0.5709352493286133,0.5099514722824097,-0.17395374178886414,0.9999755620956421,0.9999983310699463,0.5687755942344666,0.4959612786769867,0.17393821477890015,0.9999290704727173,0.9999947547912598,0.37491801381111145,0.5112864375114441,-0.1239451915025711,0.831870436668396,0.999936580657959,0.37640470266342163,0.5049071311950684,0.16459178924560547,0.13740554451942444,0.9999141693115234,0.16521525382995605,0.5148805975914001,-0.036082301288843155,0.9271438717842102,0.9998158812522888,0.1794331967830658,0.511911928653717,0.2501775026321411,0.44666293263435364,0.9998601675033569,0.13857242465019226,0.5257114171981812,-0.039608120918273926,0.7328124642372131,0.9993849992752075,0.1532837301492691,0.5235421657562256,0.25074028968811035,0.4126184284687042,0.9997496008872986,0.08487014472484589,0.4776183068752289,-0.2335052639245987,0.9057599902153015,0.9989952445030212,0.09840245544910431,0.47862908244132996,0.11083335429430008,0.581966757774353,0.9992702603340149,0.5293616414070129,0.003650224208831765,high,0.5288581281900406,0.005315962433815047,high,False,False,False,False
4,133,0,False,0.8754061460494995,0.45516446232795715,-0.15004578232765198,0.9980872869491577,0.9997194409370422,0.8938001990318298,0.4595106840133667,-0.1845446527004242,0.9983192086219788,0.9998406171798706,0.8951556086540222,0.46157360076904297,-0.18495148420333862,0.9983420968055725,0.9998893737792969,0.8965457081794739,0.4634276330471039,-0.18489016592502594,0.998948335647583,0.9998918771743774,0.8936259746551514,0.45824959874153137,-0.12827491760253906,0.9980330467224121,0.9996622800827026,0.8946877121925354,0.45964813232421875,-0.12876060605049133,0.9981208443641663,0.9996916055679321,0.8958444595336914,0.4609556198120117,-0.12893614172935486,0.9984855651855469,0.9996145963668823,0.8967556953430176,0.4757179319858551,-0.2590087056159973,0.9992395043373108,0.9999326467514038,0.8950510621070862,0.4735901951789856,-0.002780229551717639,0.9954781532287598,0.99957674741745,0.8623666763305664,0.4637988805770874,-0.16622407734394073,0.9981583952903748,0.999901533126831,0.8619738817214966,0.46235835552215576,-0.09564536064863205,0.9965035319328308,0.9995521903038025,0.8200242519378662,0.5077988505363464,-0.36887210607528687,0.9999862313270569,0.9999955892562866,0.7964822053909302,0.4907321631908417,0.2091292291879654,0.999208390712738,0.9996705055236816,0.6872686147689819,0.5265928506851196,-0.4661961495876312,0.9914658665657043,0.9999405145645142,0.6691164374351501,0.5053004622459412,0.2716839611530304,0.005136051215231419,0.9991903901100159,0.555744469165802,0.5276558995246887,-0.49883541464805603,0.962458610534668,0.9999375343322754,0.5573922395706177,0.5070587992668152,0.12265711277723312,0.010539029724895954,0.9995348453521729,0.5168582201004028,0.5347678065299988,-0.5553290843963623,0.9246354103088379,0.9997417330741882,0.5255849957466125,0.5103692412376404,0.10370700061321259,0.015155266039073467,0.999210000038147,0.5106258988380432,0.529902994632721,-0.5574892163276672,0.921818733215332,0.9997010231018066,0.5199952721595764,0.5075282454490662,0.05145071819424629,0.016417838633060455,0.9990787506103516,0.5221180319786072,0.5261684656143188,-0.49647900462150574,0.8612803220748901,0.9998376369476318,0.5297864675521851,0.5060535669326782,0.0926395133137703,0.015932893380522728,0.9993994235992432,0.5710161924362183,0.5096369385719299,-0.17409399151802063,0.9999759197235107,0.9999983310699463,0.5693408250808716,0.49593764543533325,0.1740797460079193,0.9999292492866516,0.9999948740005493,0.3752119839191437,0.5114061236381531,-0.1266901046037674,0.8379064798355103,0.9999390840530396,0.3769215941429138,0.504850447177887,0.16527143120765686,0.13499779999256134,0.9999192953109741,0.16518543660640717,0.5148749947547913,-0.03882753103971481,0.9300959706306458,0.9998362064361572,0.17985844612121582,0.5118920803070068,0.251649409532547,0.44552525877952576,0.9998801946640015,0.13812336325645447,0.5257129073143005,-0.042221445590257645,0.739035964012146,0.9994687438011169,0.15328004956245422,0.5235413312911987,0.2520654797554016,0.4129083752632141,0.9997901320457458,0.08494290709495544,0.4775647521018982,-0.23634089529514313,0.9096929430961609,0.9991432428359985,0.09950308501720428,0.47863227128982544,0.11180023103952408,0.584398627281189,0.9993791580200195,0.5293616414070129,0.00364873409271238,high,0.5288581281900406,0.005316796898841902,high,False,False,False,False
5,166,0,False,0.8750453591346741,0.45601698756217957,-0.16383638978004456,0.9981990456581116,0.9998766183853149,0.8936800956726074,0.46034765243530273,-0.1989315152168274,0.9984207153320312,0.9999314546585083,0.8950791954994202,0.4624219238758087,-0.19935128092765808,0.9984422326087952,0.9999523162841797,0.8964468836784363,0.46430787444114685,-0.19928483664989471,0.9990137219429016,0.9999525547027588,0.8933109045028687,0.45883139967918396,-0.14146621525287628,0.9981500506401062,0.9998483657836914,0.8943527936935425,0.4601176381111145,-0.14195550978183746,0.9982262253761292,0.9998569488525391,0.8954533338546753,0.4613548219203949,-0.14213018119335175,0.9985693097114563,0.9998142123222351,0.8965567946434021,0.4759708642959595,-0.27299800515174866,0.9992905259132385,0.9999691247940063,0.8946268558502197,0.473594605922699,-0.011279893107712269,0.9957218766212463,0.9997833371162415,0.8622546792030334,0.46432867646217346,-0.17972330749034882,0.9982591271400452,0.9999477863311768,0.8617884516716003,0.4627188742160797,-0.10768543928861618,0.9966802000999451,0.9997528195381165,0.819988489151001,0.5077802538871765,-0.38236379623413086,0.9999869465827942,0.9999970197677612,0.7957538366317749,0.49072715640068054,0.2071191966533661,0.9992205500602722,0.9997478127479553,0.687163770198822,0.526579737663269,-0.48067113757133484,0.9915604591369629,0.9999560117721558,0.668592631816864,0.505763053894043,0.2723616063594818,0.005002689082175493,0.9993225336074829,0.5546211004257202,0.5277193784713745,-0.5123112201690674,0.9624305963516235,0.9999483823776245,0.5551037192344666,0.5071630477905273,0.12313994020223618,0.010202551260590553,0.9995798468589783,0.5159510374069214,0.5347803235054016,-0.5695250630378723,0.9243688583374023,0.9997765421867371,0.5250586867332458,0.5105935335159302,0.1048748642206192,0.014779767952859402,0.9992664456367493,0.5095522999763489,0.5301565527915955,-0.5721121430397034,0.9214429259300232,0.9997382760047913,0.5190328359603882,0.508070170879364,0.051543716341257095,0.015977436676621437,0.9991399049758911,0.5206611752510071,0.5264889597892761,-0.5099918246269226,0.8607003092765808,0.9998605251312256,0.5290614366531372,0.5064586997032166,0.09257707744836807,0.0155732287093997,0.9994475245475769,0.5709704756736755,0.5093756914138794,-0.17638839781284332,0.9999765753746033,0.9999988079071045,0.5693590044975281,0.4959973990917206,0.17636750638484955,0.9999305605888367,0.9999959468841553,0.37518900632858276,0.5115566849708557,-0.13377420604228973,0.8423283100128174,0.9999532699584961,0.3769564628601074,0.5049288272857666,0.1656195968389511,0.1335456818342209,0.9999350309371948,0.16521799564361572,0.5150753855705261,-0.04070444777607918,0.9319438338279724,0.9998598098754883,0.17981132864952087,0.5123751163482666,0.25486910343170166,0.44486528635025024,0.9998956918716431,0.13810011744499207,0.5265620946884155,-0.04348548874258995,0.7430519461631775,0.9995402097702026,0.1529526263475418,0.5248582363128662,0.25563666224479675,0.41421565413475037,0.9998113512992859,0.08503725379705429,0.47794055938720703,-0.23754024505615234,0.9125091433525085,0.999230146408081,0.09946418553590775,0.478863388299942,0.11407377570867538,0.5874296426773071,0.9994297623634338,0.5293616414070129,0.00279954671859739,high,0.5288581281900406,0.003999891877174422,high,False,False,False,False
6,200,0,False,0.8750362992286682,0.45672330260276794,-0.16963399946689606,0.9982994198799133,0.9998762607574463,0.8936786651611328,0.4611782133579254,-0.20451703667640686,0.9985105395317078,0.9999282360076904,0.8950746655464172,0.46324047446250916,-0.2049345225095749,0.9985300302505493,0.9999493360519409,0.8964444398880005,0.4651022255420685,-0.20486806333065033,0.9990707039833069,0.99994957447052,0.8932870626449585,0.45963460206985474,-0.14742021262645721,0.9982554912567139,0.9998445510864258,0.8942898511886597,0.46079403162002563,-0.14790625870227814,0.9983219504356384,0.9998540878295898,0.8953454494476318,0.4618908762931824,-0.1480758786201477,0.9986451864242554,0.9998114705085754,0.8965425491333008,0.4764341711997986,-0.27637699246406555,0.999335765838623,0.9999667406082153,0.8945773839950562,0.47371789813041687,-0.0170188806951046,0.9959492087364197,0.9997811913490295,0.8622228503227234,0.46479684114456177,-0.1847916841506958,0.9983506798744202,0.9999470710754395,0.8617132306098938,0.4631119966506958,-0.11323414742946625,0.9968445301055908,0.9997528195381165,0.8198246955871582,0.5076937079429626,-0.38517487049102783,0.9999875426292419,0.9999966621398926,0.7952895760536194,0.4907369315624237,0.20249521732330322,0.9992320537567139,0.9997472167015076,0.6861987709999084,0.5266057848930359,-0.4845614433288574,0.9916321635246277,0.9999481439590454,0.6680319309234619,0.5059816241264343,0.26677045226097107,0.004872734658420086,0.9992969036102295,0.5529255270957947,0.5278027057647705,-0.5199999809265137,0.96268230676651,0.9999464750289917,0.5533576607704163,0.5074745416641235,0.11418020725250244,0.010021191090345383,0.999629020690918,0.5147635340690613,0.5348560214042664,-0.5782302618026733,0.9248687028884888,0.9997726082801819,0.5244238972663879,0.5112082958221436,0.09499821811914444,0.014662574976682663,0.9993485808372498,0.5082393884658813,0.5302048921585083,-0.5810472965240479,0.9219223260879517,0.9997411370277405,0.5177470445632935,0.5084252953529358,0.04106583073735237,0.015813391655683517,0.9992570281028748,0.5189446806907654,0.526500940322876,-0.517943263053894,0.8614172339439392,0.9998617172241211,0.5280655026435852,0.506588339805603,0.08330973982810974,0.015455407090485096,0.9995224475860596,0.5705942511558533,0.5093496441841125,-0.17684876918792725,0.9999769330024719,0.9999986886978149,0.5693550705909729,0.49639567732810974,0.17682787775993347,0.9999310374259949,0.9999957084655762,0.3749668300151825,0.5119630098342896,-0.13627827167510986,0.8452064990997314,0.9999464750289917,0.37690573930740356,0.5054134726524353,0.166072815656662,0.13050949573516846,0.99992835521698,0.16490347683429718,0.5154557824134827,-0.043523143976926804,0.9333323836326599,0.9998611211776733,0.1795720010995865,0.5130714774131775,0.25764772295951843,0.44059357047080994,0.9998975992202759,0.1378098577260971,0.5276057720184326,-0.04629000648856163,0.7472106218338013,0.9995473027229309,0.15279538929462433,0.5260792374610901,0.2586541771888733,0.41331928968429565,0.9998182654380798,0.08514475077390671,0.47852975130081177,-0.2395544797182083,0.9150147438049316,0.9992483258247375,0.09987980127334595,0.4793241620063782,0.11498600244522095,0.5875501036643982,0.9994624257087708,0.5293616414070129,0.0017558693885803,high,0.5288581281900406,0.002778890728950545,high,False,False,False,False
7,233,0,False,0.874976396560669,0.4580625891685486,-0.16886481642723083,0.9983720779418945,0.9998267292976379,0.8936588168144226,0.4623981714248657,-0.2041051685810089,0.9985769987106323,0.9999030828475952,0.8950696587562561,0.4645485281944275,-0.20452049374580383,0.9985970854759216,0.9999327659606934,0.8964499831199646,0.4664976894855499,-0.20445725321769714,0.9991136193275452,0.9999338388442993,0.8932605981826782,0.46090999245643616,-0.14700330793857574,0.9983309507369995,0.9997848868370056,0.8942698836326599,0.4620007872581482,-0.14748647809028625,0.9983901381492615,0.9997987151145935,0.8953467011451721,0.4630744755268097,-0.1476551741361618,0.9986976981163025,0.9997426867485046,0.8965678811073303,0.47765758633613586,-0.2775861918926239,0.9993728995323181,0.9999573230743408,0.8946684002876282,0.47478094696998596,-0.01788986660540104,0.996121346950531,0.9997064471244812,0.8621760010719299,0.4660486578941345,-0.18450525403022766,0.9984253644943237,0.9999356269836426,0.861656904220581,0.46411895751953125,-0.11288055777549744,0.996973991394043,0.9996949434280396,0.8200783133506775,0.5082748532295227,-0.3852085769176483,0.9999880790710449,0.9999966621398926,0.7952962517738342,0.4916543662548065,0.1997929811477661,0.9992458820343018,0.9997405409812927,0.6863430738449097,0.5271657109260559,-0.48705190420150757,0.9918001294136047,0.9999517202377319,0.6680619120597839,0.5075416564941406,0.2661297917366028,0.0048414296470582485,0.99928879737854,0.5532799363136292,0.5283378958702087,-0.5259163975715637,0.9634488224983215,0.9999480247497559,0.553406298160553,0.508273720741272,0.11563489586114883,0.010035833343863487,0.9996168613433838,0.5151867866516113,0.535350501537323,-0.5846519470214844,0.9263408780097961,0.9997780919075012,0.5244534611701965,0.5121511816978455,0.09637139737606049,0.01481690164655447,0.9993345141410828,0.5084735155105591,0.5306077599525452,-0.5876082181930542,0.923401951789856,0.9997460246086121,0.5177422761917114,0.5092298984527588,0.04261454567313194,0.015937481075525284,0.9992201328277588,0.5192378759384155,0.526818573474884,-0.5238995552062988,0.8638619184494019,0.9998641014099121,0.5281044840812683,0.5070576667785645,0.0849909782409668,0.015632180497050285,0.999500036239624,0.5703000426292419,0.509336531162262,-0.17684580385684967,0.9999774694442749,0.9999985694885254,0.5693313479423523,0.4966396689414978,0.17682497203350067,0.9999321699142456,0.999995231628418,0.3750361502170563,0.5128809809684753,-0.13599427044391632,0.8501136302947998,0.9999421834945679,0.3772348463535309,0.506470263004303,0.17086270451545715,0.13167057931423187,0.9999179840087891,0.1655120849609375,0.5162913203239441,-0.03817196190357208,0.9357785582542419,0.9998373985290527,0.1802130490541458,0.5140424370765686,0.2636660039424896,0.4442332684993744,0.9998754262924194,0.13802440464496613,0.5288679599761963,-0.04071788862347603,0.7533361911773682,0.9994664788246155,0.15291769802570343,0.5274441242218018,0.26501548290252686,0.41767773032188416,0.9997782111167908,0.08539651334285736,0.4800167679786682,-0.23817488551139832,0.9182736873626709,0.9990799427032471,0.1002267599105835,0.4804319739341736,0.12813438475131989,0.5934175848960876,0.9993463158607483,0.5293616414070129,0.0004936814308166282,high,0.5288581281900406,0.001414003968238875,high,False,False,False,False
8,266,0,False,0.8751046657562256,0.4587613046169281,-0.16406488418579102,0.9984433650970459,0.9998496770858765,0.893690288066864,0.4630124866962433,-0.19976624846458435,0.9986423850059509,0.9999134540557861,0.8951009511947632,0.4651767313480377,-0.20018517971038818,0.9986634254455566,0.9999403953552246,0.8965232968330383,0.4671042263507843,-0.20012003183364868,0.9991564750671387,0.9999421834945679,0.893265962600708,0.46168991923332214,-0.1428692638874054,0.9984077215194702,0.9998125433921814,0.8942694067955017,0.4629743695259094,-0.1433388739824295,0.9984610080718994,0.9998260140419006,0.8953443169593811,0.4641715884208679,-0.14349527657032013,0.9987531304359436,0.9997791647911072,0.8970998525619507,0.4785374104976654,-0.2765301465988159,0.9994090795516968,0.9999654293060303,0.8949552178382874,0.4755978286266327,-0.017056478187441826,0.9963000416755676,0.9997512698173523,0.8622631430625916,0.46709755063056946,-0.18101145327091217,0.9985032677650452,0.999947190284729,0.8616828918457031,0.4655095636844635,-0.10948555916547775,0.9971140623092651,0.999743640422821,0.8219286203384399,0.5095269680023193,-0.3862255811691284,0.9999887347221375,0.9999973773956299,0.7954537868499756,0.4922719895839691,0.19836187362670898,0.9992648959159851,0.9997735619544983,0.6909195184707642,0.527866005897522,-0.489494651556015,0.9919403195381165,0.9999549388885498,0.6690179109573364,0.5084818601608276,0.26652953028678894,0.004789372906088829,0.9993811845779419,0.554905354976654,0.5286811590194702,-0.5270219445228577,0.9640831351280212,0.9999547004699707,0.5547218322753906,0.5085285902023315,0.12180949747562408,0.010031326673924923,0.999674916267395,0.5157049298286438,0.5356366038322449,-0.5849129557609558,0.9276828169822693,0.9998127818107605,0.5247949957847595,0.5121909976005554,0.10340384393930435,0.0149458022788167,0.9994179010391235,0.5091015696525574,0.5311087965965271,-0.5883200168609619,0.9247353672981262,0.9997817873954773,0.5185670852661133,0.5095070004463196,0.04873054474592209,0.016054024919867516,0.9993112087249756,0.520231306552887,0.5273071527481079,-0.5247790813446045,0.8658294677734375,0.9998830556869507,0.5287186503410339,0.5074526071548462,0.09093631058931351,0.015778249129652977,0.9995657801628113,0.570509672164917,0.509459376335144,-0.17694443464279175,0.9999780654907227,0.9999988079071045,0.569453239440918,0.4967241883277893,0.17692220211029053,0.9999335408210754,0.9999957084655762,0.3764299154281616,0.513994038105011,-0.13475963473320007,0.8549741506576538,0.999953031539917,0.3801492750644684,0.5071109533309937,0.1822674572467804,0.12935137748718262,0.999929666519165,0.16561274230480194,0.5169421434402466,-0.04055130109190941,0.9381511211395264,0.9998801946640015,0.18073561787605286,0.5146600604057312,0.27045154571533203,0.44402801990509033,0.9999009370803833,0.138149231672287,0.5293136835098267,-0.043445687741041183,0.7601522207260132,0.999606192111969,0.15341851115226746,0.5276837348937988,0.27100974321365356,0.4192184805870056,0.9998235106468201,0.08563436567783356,0.48087647557258606,-0.23923280835151672,0.921696662902832,0.9993095397949219,0.10024205595254898,0.48144689202308655,0.1332225650548935,0.5971468091011047,0.9994679093360901,0.5293616414070129,4.795789718625709e-05,high,0.5288581281900406,0.0011743932962418047,high,False,False,False,False
9,300,0,False,0.8751193284988403,0.4593854248523712,-0.17460650205612183,0.9984908103942871,0.9998219609260559,0.8937286138534546,0.46343478560447693,-0.21141637861728668,0.9986881613731384,0.9999039173126221,0.8951941728591919,0.46563681960105896,-0.2118547409772873,0.9987093806266785,0.9999336004257202,0.8966477513313293,0.4675351083278656,-0.21180298924446106,0.999187171459198,0.9999351501464844,0.893280565738678,0.46219009160995483,-0.15443217754364014,0.9984576106071472,0.9997902512550354,0.8942926526069641,0.4635768532752991,-0.15489031374454498,0.9985039234161377,0.9998050332069397,0.8953851461410522,0.46485474705696106,-0.15504349768161774,0.9987863302230835,0.9997525811195374,0.8971872925758362,0.47884130477905273,-0.2911064624786377,0.9994344115257263,0.9999566078186035,0.8950091600418091,0.47602933645248413,-0.030999550595879555,0.9963870048522949,0.9997058510780334,0.8622649312019348,0.4678822457790375,-0.19249780476093292,0.9985473155975342,0.9999326467514038,0.8616957068443298,0.46632686257362366,-0.1208304688334465,0.9971866607666016,0.9996799230575562,0.8219451308250427,0.5097131133079529,-0.40332263708114624,0.9999890923500061,0.999996542930603,0.7957239747047424,0.4923185408115387,0.18826772272586823,0.9992708563804626,0.9997184872627258,0.6906671524047852,0.5279335379600525,-0.5052117705345154,0.9918679594993591,0.999946117401123,0.6692439913749695,0.5083906054496765,0.2553400993347168,0.004713368136435747,0.9992530941963196,0.5540847778320312,0.5290191173553467,-0.5387120246887207,0.9637612104415894,0.9999394416809082,0.5542902946472168,0.5085542798042297,0.10887724906206131,0.009867814369499683,0.9995617270469666,0.5148399472236633,0.5357750654220581,-0.59701007604599,0.9271112680435181,0.9997451901435852,0.5244849324226379,0.5122526288032532,0.0909084752202034,0.014801706187427044,0.9992061257362366,0.5084046721458435,0.5315400958061218,-0.6008562445640564,0.924159824848175,0.9996999502182007,0.5182743072509766,0.5094916820526123,0.035766612738370895,0.015884019434452057,0.9990764856338501,0.5194748044013977,0.5276892781257629,-0.5368863940238953,0.8649242520332336,0.9998378753662109,0.528562605381012,0.5074647665023804,0.07766348123550415,0.015643993392586708,0.9994096755981445,0.5709288716316223,0.5098379850387573,-0.17785237729549408,0.9999784827232361,0.9999988079071045,0.5698770880699158,0.49699848890304565,0.17782056331634521,0.9999346733093262,0.9999958276748657,0.37725070118904114,0.5146963000297546,-0.13362324237823486,0.8558478355407715,0.9999465942382812,0.38084954023361206,0.5079761147499084,0.191057488322258,0.12670718133449554,0.9999253749847412,0.16616207361221313,0.5172169804573059,-0.03776157647371292,0.9388836026191711,0.9998645782470703,0.18135683238506317,0.5151826739311218,0.28407782316207886,0.4426378607749939,0.9999023675918579,0.13899920880794525,0.5298449397087097,-0.040515631437301636,0.7614586353302002,0.9995763897895813,0.154365673661232,0.5282794237136841,0.2851610481739044,0.41898953914642334,0.9998325109481812,0.08583313971757889,0.481821209192276,-0.2375923991203308,0.9230086207389832,0.9992351531982422,0.10022658854722977,0.48284250497817993,0.14787745475769043,0.5976287126541138,0.9994714856147766,0.5293616414070129,-0.00048329830169679955,high,0.5288581281900406,0.0005787044763565508,high,False,False,False,False
10,333,0,False,0.8749297261238098,0.459568589925766,-0.1697002649307251,0.9984816312789917,0.99968421459198,0.8934358358383179,0.46369075775146484,-0.20497934520244598,0.9986820220947266,0.9998258948326111,0.894965410232544,0.46586644649505615,-0.20540554821491241,0.9987059831619263,0.9998794794082642,0.8963943719863892,0.4678106904029846,-0.20535075664520264,0.9991874694824219,0.9998822212219238,0.8929110169410706,0.4623374342918396,-0.1488574743270874,0.9984533190727234,0.9996254444122314,0.8939663767814636,0.4636707901954651,-0.1493351310491562,0.9984950423240662,0.9996579885482788,0.8951065540313721,0.46491801738739014,-0.14950808882713318,0.9987788200378418,0.999573290348053,0.8968246579170227,0.4789840579032898,-0.27938830852508545,0.9994419813156128,0.9999254941940308,0.8946200609207153,0.47607800364494324,-0.024054741486907005,0.9963808059692383,0.9995250701904297,0.8622289299964905,0.46799251437187195,-0.18587209284305573,0.9985487461090088,0.9998902082443237,0.8616213798522949,0.46635255217552185,-0.11542043834924698,0.9971789717674255,0.9994961023330688,0.8217912912368774,0.5098138451576233,-0.38854530453681946,0.9999892115592957,0.9999949932098389,0.7957060933113098,0.4923085570335388,0.19143570959568024,0.9992542862892151,0.9996325969696045,0.6904664635658264,0.5281137824058533,-0.4877808690071106,0.9917894601821899,0.9999366998672485,0.6692842245101929,0.5083191990852356,0.25942856073379517,0.004626851994544268,0.9991722106933594,0.5545806884765625,0.5290557742118835,-0.5243980884552002,0.9631316661834717,0.999935507774353,0.5545997619628906,0.5089438557624817,0.11615879833698273,0.009617541916668415,0.9995086193084717,0.5156591534614563,0.5358355045318604,-0.5819371938705444,0.9261010885238647,0.9997267127037048,0.5250040292739868,0.5125093460083008,0.09772102534770966,0.014477983117103577,0.9991235136985779,0.5090653300285339,0.5316905379295349,-0.5854134559631348,0.9230759143829346,0.9996850490570068,0.5187928080558777,0.5099033713340759,0.0443161278963089,0.015518901869654655,0.9989795088768005,0.5202572345733643,0.5278359651565552,-0.522662341594696,0.8632886409759521,0.9998308420181274,0.529337465763092,0.5079885721206665,0.08576937764883041,0.015320761129260063,0.9993476271629333,0.5709987282752991,0.5099467039108276,-0.17729437351226807,0.9999784231185913,0.9999982118606567,0.5699015259742737,0.49713119864463806,0.1772684007883072,0.9999341368675232,0.9999942779541016,0.37726426124572754,0.5147029161453247,-0.12775200605392456,0.855475127696991,0.999925971031189,0.38083019852638245,0.5079458951950073,0.18049873411655426,0.123920738697052,0.9999008178710938,0.16613911092281342,0.5172306299209595,-0.036149729043245316,0.9393486380577087,0.9997805953025818,0.18111218512058258,0.5152217149734497,0.2632327973842621,0.4374220073223114,0.999842643737793,0.13890621066093445,0.529829204082489,-0.03901364654302597,0.7612793445587158,0.9992851614952087,0.15395288169384003,0.5282145738601685,0.2632454037666321,0.41515207290649414,0.9997220635414124,0.08645962178707123,0.48131734132766724,-0.23630806803703308,0.9236708283424377,0.9988464117050171,0.10056810826063156,0.4827735722064972,0.12199736386537552,0.5940859913825989,0.9991852641105652,0.5293616414070129,-0.0004675626754760964,high,0.5288581281900406,0.0006435543298721758,high,False,False,False,False
11,367,0,False,0.8750866651535034,0.4595240354537964,-0.16276295483112335,0.9984110593795776,0.999516487121582,0.8935200572013855,0.4637715220451355,-0.19726936519145966,0.9986248016357422,0.9997323155403137,0.8949839472770691,0.465951144695282,-0.19768668711185455,0.9986526966094971,0.9998156428337097,0.8964028358459473,0.46793824434280396,-0.19763529300689697,0.9991568326950073,0.9998205304145813,0.8930310010910034,0.4623466432094574,-0.14132331311702728,0.9983855485916138,0.9994224309921265,0.8940592408180237,0.4636729955673218,-0.14180584251880646,0.9984240531921387,0.9994732737541199,0.8952028155326843,0.4649113416671753,-0.14198705554008484,0.9987208843231201,0.9993420243263245,0.896817147731781,0.479128360748291,-0.27004361152648926,0.9994348883628845,0.9998899698257446,0.8946663737297058,0.4761457145214081,-0.015590637922286987,0.9962531328201294,0.9992803931236267,0.8622286915779114,0.46799901127815247,-0.17847886681556702,0.998508095741272,0.9998458623886108,0.8616104125976562,0.46630316972732544,-0.10830388963222504,0.997079074382782,0.999275267124176,0.8215107917785645,0.5098628401756287,-0.37800881266593933,0.9999891519546509,0.9999935626983643,0.7956674098968506,0.4923444390296936,0.19574257731437683,0.9992249011993408,0.9995149374008179,0.690345823764801,0.5282424688339233,-0.4774787127971649,0.9916521310806274,0.9999204874038696,0.6692420244216919,0.5082877278327942,0.2612544000148773,0.004489506594836712,0.9989520311355591,0.5547066330909729,0.5290606617927551,-0.5157442688941956,0.9619534611701965,0.9999134540557861,0.55536288022995,0.5091846585273743,0.11562332510948181,0.00935326237231493,0.9994051456451416,0.5159097909927368,0.5358479619026184,-0.572961151599884,0.9242791533470154,0.9996451139450073,0.5254972577095032,0.5126944780349731,0.09663238376379013,0.01417654287070036,0.9989759922027588,0.5092636942863464,0.5318005681037903,-0.5757181644439697,0.9211023449897766,0.9995898604393005,0.5197286009788513,0.5101358294487,0.04368603602051735,0.015174240805208683,0.9988019466400146,0.5205464959144592,0.5279346704483032,-0.5138471722602844,0.8602168560028076,0.9997761845588684,0.5300688743591309,0.508302628993988,0.08536726981401443,0.015015793964266777,0.9992278814315796,0.5704372525215149,0.5099989771842957,-0.17668417096138,0.9999784827232361,0.9999980926513672,0.5697311162948608,0.4972650408744812,0.17666339874267578,0.9999339580535889,0.9999938011169434,0.376896470785141,0.5146926641464233,-0.12217745184898376,0.8564823269844055,0.9999126195907593,0.3804676830768585,0.5079025030136108,0.17854373157024384,0.12257315218448639,0.999885082244873,0.16622284054756165,0.5172574520111084,-0.02545551210641861,0.9404089450836182,0.9997958540916443,0.1809801310300827,0.5152997374534607,0.2636457681655884,0.4372289180755615,0.9998371601104736,0.13896876573562622,0.5298212170600891,-0.027559010311961174,0.7633609175682068,0.9993475079536438,0.15395142138004303,0.5281673669815063,0.2640470862388611,0.4152691662311554,0.9997156262397766,0.08648113906383514,0.4815060794353485,-0.22061610221862793,0.9250087141990662,0.998848557472229,0.10018263012170792,0.48288029432296753,0.12275242060422897,0.5949215888977051,0.9991119503974915,0.5293616414070129,-0.0004595756530761941,high,0.5288581281900406,0.0006907612085342851,high,False,False,False,False
12,400,0,False,0.8751044273376465,0.45919913053512573,-0.1430734395980835,0.9984031915664673,0.9996669292449951,0.8935096859931946,0.4636531472206116,-0.17781952023506165,0.9986156821250916,0.9998143315315247,0.8949447870254517,0.46588993072509766,-0.17823384702205658,0.9986502528190613,0.9998729228973389,0.896346390247345,0.4678758978843689,-0.1781863421201706,0.9991570711135864,0.9998781681060791,0.8930219411849976,0.46221405267715454,-0.12115377932786942,0.9983784556388855,0.9996016621589661,0.894037127494812,0.46358564496040344,-0.12163884192705154,0.998417317867279,0.9996395111083984,0.8951743245124817,0.4648440480232239,-0.12182005494832993,0.9987152814865112,0.9995569586753845,0.8967590928077698,0.4790390431880951,-0.25440171360969543,0.9994446635246277,0.9999262094497681,0.8946553468704224,0.4760572016239166,0.003568136366084218,0.9962604641914368,0.9995254278182983,0.8621777296066284,0.46787160634994507,-0.16036778688430786,0.9985271096229553,0.9999023675918579,0.8615264892578125,0.46616461873054504,-0.08924002200365067,0.9971057176589966,0.9995489716529846,0.8212348818778992,0.5098481774330139,-0.3681780993938446,0.9999894499778748,0.9999961853027344,0.7955347895622253,0.49212053418159485,0.21236911416053772,0.9992262125015259,0.9997101426124573,0.6902456879615784,0.5280510783195496,-0.4631001353263855,0.991796612739563,0.9999545812606812,0.6692112684249878,0.5079020261764526,0.28272250294685364,0.0044739823788404465,0.9993842840194702,0.5555839538574219,0.5289146900177002,-0.49482834339141846,0.9622763991355896,0.9999518394470215,0.5566946864128113,0.5093814134597778,0.1379091739654541,0.009293805807828903,0.9996516704559326,0.5167961120605469,0.5358469486236572,-0.5508359670639038,0.924833357334137,0.9997960925102234,0.5264288783073425,0.5129011273384094,0.11947103589773178,0.014151671901345253,0.9993925094604492,0.5098578333854675,0.5317752361297607,-0.5540450215339661,0.9215983748435974,0.9997584223747253,0.5205461382865906,0.5102114677429199,0.0665072575211525,0.01512489840388298,0.9992771744728088,0.5213268399238586,0.5277974009513855,-0.4927760362625122,0.8611500859260559,0.9998703002929688,0.5307421684265137,0.5083839297294617,0.10767453163862228,0.015008856542408466,0.9995349645614624,0.5704503655433655,0.5100052952766418,-0.17668916285037994,0.9999788403511047,0.9999984502792358,0.5697563290596008,0.49725642800331116,0.17666904628276825,0.9999347925186157,0.9999948740005493,0.376874178647995,0.5146765112876892,-0.12403059750795364,0.8602854013442993,0.9999372959136963,0.3802911937236786,0.5078731179237366,0.17215237021446228,0.12327519059181213,0.99991774559021,0.16598546504974365,0.5171677470207214,-0.0301648061722517,0.9419304728507996,0.9998143315315247,0.18053804337978363,0.5152563452720642,0.2507302165031433,0.4394187927246094,0.9998592138290405,0.13839282095432281,0.5293480157852173,-0.032801296561956406,0.7656519412994385,0.9993964433670044,0.15286214649677277,0.5278295874595642,0.2503637373447418,0.41660237312316895,0.9997496008872986,0.08655469119548798,0.4811185598373413,-0.226156085729599,0.926918625831604,0.9990226030349731,0.10017618536949158,0.4826776087284088,0.1090325117111206,0.5984052419662476,0.9992484450340271,0.5293616414070129,1.3625621795632092e-05,high,0.5288581281900406,0.0010285407304764238,high,False,False,False,False
13,433,0,False,0.87406325340271,0.45917922258377075,-0.1458301842212677,0.9982903003692627,0.9993921518325806,0.8929762244224548,0.4636206030845642,-0.18068157136440277,0.9985172152519226,0.9996625185012817,0.8944195508956909,0.46583396196365356,-0.18109644949436188,0.9985601305961609,0.9997691512107849,0.8957424759864807,0.4677528142929077,-0.18104757368564606,0.9991040229797363,0.9997772574424744,0.8923788666725159,0.46219947934150696,-0.12483932822942734,0.998271107673645,0.9992910623550415,0.8933566212654114,0.46355316042900085,-0.125328928232193,0.9983124732971191,0.9993665814399719,0.8944069743156433,0.4648083746433258,-0.12551485002040863,0.9986329674720764,0.9992274045944214,0.8961291313171387,0.47876036167144775,-0.25679129362106323,0.9994245171546936,0.9998687505722046,0.893915593624115,0.475893497467041,-0.0018133616540580988,0.9960687756538391,0.9991838335990906,0.8613088726997375,0.46783432364463806,-0.1627292037010193,0.9984647631645203,0.9998248219490051,0.860724925994873,0.4661144018173218,-0.0926847755908966,0.9969756603240967,0.9992071986198425,0.8206698298454285,0.5095430612564087,-0.3682197630405426,0.99998939037323,0.9999938011169434,0.7949777245521545,0.4921168088912964,0.2089981585741043,0.9991998076438904,0.9995496869087219,0.6900478005409241,0.5280241370201111,-0.4599033296108246,0.9916827082633972,0.9999263286590576,0.6690183281898499,0.507882297039032,0.2784273624420166,0.004382431507110596,0.9990872144699097,0.5554547905921936,0.5288413763046265,-0.48811858892440796,0.961026132106781,0.999914288520813,0.5567418336868286,0.509563684463501,0.13573326170444489,0.00907706469297409,0.999467670917511,0.5166807174682617,0.535733163356781,-0.5428429245948792,0.9227330088615417,0.9996474981307983,0.526462733745575,0.5131775140762329,0.1177157461643219,0.013877320103347301,0.9990649819374084,0.5097981095314026,0.5317068696022034,-0.5456796288490295,0.9193283319473267,0.9995844960212708,0.520804762840271,0.510957658290863,0.0652175024151802,0.014816811308264732,0.9988906979560852,0.5212979316711426,0.5277385115623474,-0.4858579933643341,0.8577241897583008,0.9997729659080505,0.5308724045753479,0.5088875889778137,0.10583797842264175,0.014726412482559681,0.999285876750946,0.570248544216156,0.5098854303359985,-0.17565473914146423,0.9999785423278809,0.9999977350234985,0.5694953799247742,0.4971887469291687,0.17563748359680176,0.9999335408210754,0.999992847442627,0.3766400218009949,0.5144216418266296,-0.12214094400405884,0.8608106970787048,0.999897837638855,0.3796418607234955,0.5077363848686218,0.17072200775146484,0.12096714973449707,0.9998664855957031,0.16581779718399048,0.5168574452400208,-0.028616946190595627,0.9422686100006104,0.9997305274009705,0.18053539097309113,0.5151570439338684,0.25308072566986084,0.4344129264354706,0.9997926354408264,0.13833369314670563,0.5288018584251404,-0.031113766133785248,0.7655019164085388,0.9991449117660522,0.15287399291992188,0.5276550650596619,0.2532053291797638,0.4120005965232849,0.9996421337127686,0.08633585274219513,0.4798814654350281,-0.22327500581741333,0.9272240400314331,0.9986248016357422,0.09995249658823013,0.48264166712760925,0.11173320561647415,0.5938104391098022,0.9989620447158813,0.5293616414070129,0.0005597829818725364,high,0.5288581281900406,0.0012030631303787676,high,False,False,False,False
14,467,0,False,0.8728569746017456,0.4591479003429413,-0.14981867372989655,0.9983565211296082,0.999828577041626,0.8919086456298828,0.4635913074016571,-0.185157909989357,0.9985758662223816,0.9999039173126221,0.8933048844337463,0.46580857038497925,-0.1855769008398056,0.9986171722412109,0.999933123588562,0.8944899439811707,0.4677172601222992,-0.18552438914775848,0.9991393685340881,0.999934196472168,0.8911995887756348,0.46214455366134644,-0.12863509356975555,0.9983385801315308,0.9997909665107727,0.8920586705207825,0.4635019302368164,-0.12913042306900024,0.9983744025230408,0.9998049139976501,0.8929632902145386,0.4647616147994995,-0.12932193279266357,0.9986804723739624,0.9997499585151672,0.894749641418457,0.47869306802749634,-0.26036056876182556,0.999450147151947,0.9999579191207886,0.8923714756965637,0.4757653474807739,-0.00447559729218483,0.9962120056152344,0.9997100234031677,0.8601226806640625,0.4677872061729431,-0.16688185930252075,0.9985164999961853,0.9999309778213501,0.8594772815704346,0.4660731852054596,-0.09608638286590576,0.9970679879188538,0.9996671676635742,0.820417582988739,0.5095178484916687,-0.3708457350730896,0.9999896883964539,0.9999963045120239,0.7944685220718384,0.49196675419807434,0.20848634839057922,0.9992056488990784,0.999697208404541,0.6898928880691528,0.5278664231300354,-0.4612339437007904,0.9917073845863342,0.9999368190765381,0.6685470938682556,0.5077751874923706,0.2721525728702545,0.0043214973993599415,0.9991866946220398,0.555246114730835,0.5287397503852844,-0.51011723279953,0.9613747000694275,0.9999369382858276,0.5564928650856018,0.5092513561248779,0.13317613303661346,0.009003078565001488,0.9995580315589905,0.5166071057319641,0.5356050729751587,-0.5682721138000488,0.9236472845077515,0.9997383952140808,0.5260629653930664,0.5127148032188416,0.11633534729480743,0.013844610191881657,0.9992185831069946,0.5097572803497314,0.5316254496574402,-0.5696167349815369,0.9202889800071716,0.999702513217926,0.5204178094863892,0.5102807879447937,0.06470123678445816,0.014762264676392078,0.9991016387939453,0.5212610363960266,0.5276802182197571,-0.5080543160438538,0.8592195510864258,0.9998382329940796,0.5306177735328674,0.5083036422729492,0.1040138304233551,0.01469519641250372,0.9994230270385742,0.5700777769088745,0.5098724961280823,-0.1755683720111847,0.99997878074646,0.9999985694885254,0.5694748759269714,0.49719130992889404,0.17554828524589539,0.9999339580535889,0.999995231628418,0.37601059675216675,0.5141737461090088,-0.1221538558602333,0.8629134893417358,0.9999411106109619,0.3790094554424286,0.5074961185455322,0.17219045758247375,0.11983779072761536,0.9999169111251831,0.1654140055179596,0.5168532133102417,-0.030413642525672913,0.9432676434516907,0.9998406171798706,0.18029439449310303,0.5151320695877075,0.2561338543891907,0.4330756962299347,0.9998761415481567,0.13817569613456726,0.5290446877479553,-0.0330955944955349,0.7689173817634583,0.9994751811027527,0.15279695391654968,0.5277585983276367,0.25660043954849243,0.41234302520751953,0.9997816681861877,0.08619087934494019,0.4799376428127289,-0.22330600023269653,0.9287456274032593,0.9990590214729309,0.09994582831859589,0.4825660288333893,0.12319539487361908,0.5941479206085205,0.9993113279342651,0.5293616414070129,0.000316953659057595,high,0.5288581281900406,0.001099529862403914,high,False,False,False,False
15,500,0,False,0.8724035024642944,0.45878714323043823,-0.15032142400741577,0.9984436631202698,0.9998732805252075,0.8912956714630127,0.46331310272216797,-0.18528839945793152,0.998654305934906,0.99992835521698,0.8925557732582092,0.46559059619903564,-0.18570221960544586,0.9986926913261414,0.9999501705169678,0.8935908079147339,0.4674832224845886,-0.18564362823963165,0.9991869926452637,0.9999512434005737,0.8906168937683105,0.4617096185684204,-0.12878689169883728,0.9984297752380371,0.9998425245285034,0.8914056420326233,0.46310290694236755,-0.1292686015367508,0.9984598159790039,0.9998522996902466,0.8922389149665833,0.4643732011318207,-0.12943920493125916,0.9987486004829407,0.999810516834259,0.8937188982963562,0.47857627272605896,-0.2600928843021393,0.9994823336601257,0.9999691247940063,0.8915112614631653,0.47564420104026794,-0.003554545110091567,0.9964067339897156,0.9997827410697937,0.8591874241828918,0.4676903188228607,-0.1670127958059311,0.9985944032669067,0.9999524354934692,0.8583616614341736,0.46593841910362244,-0.09617334604263306,0.9972144961357117,0.9997696280479431,0.8200035095214844,0.509354293346405,-0.3723299503326416,0.9999901652336121,0.9999973773956299,0.7937217950820923,0.49192798137664795,0.20947317779064178,0.9992236495018005,0.999778687953949,0.6898245215415955,0.5277194976806641,-0.4640558362007141,0.9918762445449829,0.999955415725708,0.6681572794914246,0.5075951814651489,0.27448901534080505,0.004281475208699703,0.9993752837181091,0.5552317500114441,0.5286849737167358,-0.5187047123908997,0.9622146487236023,0.9999517202377319,0.5563856363296509,0.508924126625061,0.133114755153656,0.008957813493907452,0.9996300935745239,0.5165676474571228,0.5355802178382874,-0.5780543684959412,0.925234317779541,0.9997944235801697,0.5257527828216553,0.511972963809967,0.11579540371894836,0.013845322653651237,0.9993485808372498,0.5096956491470337,0.5316101312637329,-0.578789234161377,0.9219070076942444,0.9997630715370178,0.5201756954193115,0.5095033645629883,0.06310442835092545,0.014740298502147198,0.9992387294769287,0.5212029814720154,0.5276778340339661,-0.516429603099823,0.8618000745773315,0.9998722076416016,0.5305349826812744,0.5078872442245483,0.10321342945098877,0.01471781823784113,0.9995108842849731,0.5699495673179626,0.5098835229873657,-0.17588254809379578,0.9999794363975525,0.999998927116394,0.5693013668060303,0.49725452065467834,0.17585879564285278,0.9999357461929321,0.9999964237213135,0.37555015087127686,0.5139462947845459,-0.12209821492433548,0.8671484589576721,0.9999556541442871,0.378562867641449,0.5072050094604492,0.17368963360786438,0.12183690071105957,0.9999399185180664,0.16532394289970398,0.5168339014053345,-0.02921510674059391,0.945205569267273,0.9998828172683716,0.1794266700744629,0.515069305896759,0.25746050477027893,0.44022318720817566,0.9999099969863892,0.13811661303043365,0.5290336012840271,-0.03167697787284851,0.7741250395774841,0.9996126294136047,0.15238992869853973,0.5277138352394104,0.2578357458114624,0.41804927587509155,0.9998364448547363,0.08592530339956284,0.4799642860889435,-0.2218419462442398,0.93135666847229,0.9992944002151489,0.09891369193792343,0.4823460578918457,0.1240520030260086,0.6021934747695923,0.9994557499885559,0.5293616414070129,0.00032804012298581764,high,0.5288581281900406,0.0011442929506302324,high,False,False,False,False
16,533,0,False,0.8716502785682678,0.45876163244247437,-0.14631175994873047,0.9984642267227173,0.9997413754463196,0.8905596733093262,0.4632919132709503,-0.18072976171970367,0.998669445514679,0.9998571872711182,0.8918411135673523,0.46552684903144836,-0.18113994598388672,0.9987092018127441,0.999901294708252,0.8928829431533813,0.4673985540866852,-0.18108497560024261,0.9991986155509949,0.9999039173126221,0.889805793762207,0.4616563022136688,-0.12416352331638336,0.9984478950500488,0.999692440032959,0.8905994296073914,0.4630012810230255,-0.12464454025030136,0.9984760284423828,0.9997181296348572,0.891433835029602,0.4641972482204437,-0.12481323629617691,0.9987617135047913,0.999646782875061,0.8933553099632263,0.4783991873264313,-0.25510361790657043,0.9994930624961853,0.9999392032623291,0.8910582065582275,0.47511810064315796,0.0021086542401462793,0.9964429140090942,0.9996028542518616,0.8585577011108398,0.46767154335975647,-0.16280698776245117,0.9986186623573303,0.9999102354049683,0.8577069640159607,0.4659150540828705,-0.09185998141765594,0.9972556829452515,0.9995836615562439,0.8192495107650757,0.5092800259590149,-0.36869069933891296,0.9999903440475464,0.9999958276748657,0.7934166789054871,0.49177423119544983,0.2149576097726822,0.9992299675941467,0.9996892213821411,0.6895104050636292,0.5277156233787537,-0.4655746817588806,0.991987407207489,0.9999479055404663,0.6679571270942688,0.5075588226318359,0.28530436754226685,0.0042881108820438385,0.9993209838867188,0.555190920829773,0.5286623239517212,-0.5111129879951477,0.9626994132995605,0.999943733215332,0.5563569068908691,0.5089223980903625,0.13993164896965027,0.00904035847634077,0.9996269941329956,0.516570508480072,0.5356042385101318,-0.5698246955871582,0.9259821176528931,0.9997557997703552,0.52574622631073,0.5119765400886536,0.12179653346538544,0.013997387140989304,0.9993139505386353,0.5096895098686218,0.5316064953804016,-0.5712102651596069,0.9226773977279663,0.9997178912162781,0.520164430141449,0.5095003843307495,0.06828014552593231,0.014898772351443768,0.9991994500160217,0.5212057828903198,0.5276485085487366,-0.5088246464729309,0.8630760312080383,0.9998490810394287,0.5305138230323792,0.5078926682472229,0.10952123999595642,0.014889881946146488,0.9994931221008301,0.5698505640029907,0.5098458528518677,-0.17590388655662537,0.9999791979789734,0.9999979734420776,0.5691131949424744,0.4972541630268097,0.17588111758232117,0.9999350905418396,0.9999932050704956,0.3755401074886322,0.5138649344444275,-0.1221420019865036,0.8647319078445435,0.9999072551727295,0.37841659784317017,0.5071846842765808,0.16756384074687958,0.11957287788391113,0.9998791217803955,0.1652693748474121,0.5168307423591614,-0.03016015887260437,0.9436745643615723,0.9997244477272034,0.1784723848104477,0.5151023268699646,0.24288025498390198,0.43230101466178894,0.999788224697113,0.1378956288099289,0.5288551449775696,-0.03283613175153732,0.769905149936676,0.9991366267204285,0.15074771642684937,0.5276892185211182,0.24217204749584198,0.41157281398773193,0.9996271133422852,0.08576851338148117,0.4799633026123047,-0.2230348438024521,0.9299249053001404,0.9986843466758728,0.0980297401547432,0.4823305308818817,0.10175880789756775,0.5958071351051331,0.9989896416664124,0.5293616414070129,0.0005064964294433372,high,0.5288581281900406,0.0011689096689224687,high,False,False,False,False
17,567,0,False,0.8711423277854919,0.4587746262550354,-0.1517467498779297,0.9984872341156006,0.9997389912605286,0.8898857831954956,0.463259220123291,-0.18616707623004913,0.9986870884895325,0.9998476505279541,0.8911313414573669,0.46548542380332947,-0.18657328188419342,0.998727023601532,0.9998955726623535,0.8922677636146545,0.46736153960227966,-0.18652187287807465,0.9992126226425171,0.9998989105224609,0.8892017602920532,0.4616337716579437,-0.13011954724788666,0.9984692335128784,0.9996672868728638,0.8900125622749329,0.4629904627799988,-0.1306009143590927,0.9984920024871826,0.9996927976608276,0.8909074068069458,0.4641534984111786,-0.13077174127101898,0.9987761974334717,0.9996121525764465,0.8930973410606384,0.47838810086250305,-0.2593275308609009,0.9995037317276001,0.9999407529830933,0.8908699750900269,0.475089967250824,-0.00426217308267951,0.9964789152145386,0.9995787739753723,0.8580926060676575,0.46763092279434204,-0.16749072074890137,0.998642086982727,0.9999147653579712,0.8572292327880859,0.46589013934135437,-0.09716056287288666,0.9972943663597107,0.9995942711830139,0.8187453746795654,0.5092737078666687,-0.3696652054786682,0.9999905824661255,0.999996542930603,0.7930007576942444,0.4916530251502991,0.21264825761318207,0.9992312788963318,0.9997032284736633,0.6880289912223816,0.527701735496521,-0.46550503373146057,0.9919683933258057,0.999955415725708,0.6669766902923584,0.5075076818466187,0.2826777994632721,0.004222324583679438,0.999342143535614,0.5545716881752014,0.5286072492599487,-0.49278876185417175,0.9623138308525085,0.99994957447052,0.5557360649108887,0.5089696049690247,0.14383897185325623,0.008864345960319042,0.9996182918548584,0.5161343216896057,0.535580039024353,-0.5481463670730591,0.925078272819519,0.9997815489768982,0.525299608707428,0.5121299624443054,0.12703558802604675,0.013751505874097347,0.9993265867233276,0.5091645121574402,0.5315905809402466,-0.5506431460380554,0.9216861128807068,0.9997397065162659,0.5196333527565002,0.5096932053565979,0.07379211485385895,0.01462631206959486,0.9991936087608337,0.5206368565559387,0.5276195406913757,-0.49030840396881104,0.8614637851715088,0.9998623132705688,0.5300955176353455,0.5080446004867554,0.11380668729543686,0.01465261448174715,0.9994884729385376,0.5694513916969299,0.5098482966423035,-0.17593052983283997,0.9999793767929077,0.9999986886978149,0.5686999559402466,0.49725207686424255,0.17590835690498352,0.9999353885650635,0.9999955892562866,0.3748186528682709,0.5138100385665894,-0.11933065205812454,0.8643625378608704,0.9999485015869141,0.3772898316383362,0.5067843794822693,0.16796869039535522,0.11809664964675903,0.9999278783798218,0.16449016332626343,0.5167449712753296,-0.02445138990879059,0.9438998699188232,0.9998407363891602,0.17753557860851288,0.5149472951889038,0.24587921798229218,0.4300047755241394,0.999881386756897,0.1375763714313507,0.5288493633270264,-0.02689584717154503,0.7685563564300537,0.9994733929634094,0.1503659188747406,0.5276606678962708,0.2462317794561386,0.40897423028945923,0.9997872710227966,0.08563277125358582,0.4799584150314331,-0.21657836437225342,0.9302898645401001,0.999106228351593,0.0974397361278534,0.4821358919143677,0.10922538489103317,0.5949406623840332,0.999333918094635,0.5293616414070129,0.0005122780799865501,high,0.5288581281900406,0.0011974602937698808,high,False,False,False,False
18,600,0,False,0.871080756187439,0.4587614834308624,-0.1463528722524643,0.9984455704689026,0.9995848536491394,0.8896557688713074,0.463233083486557,-0.17969055473804474,0.9986452460289001,0.9997596144676208,0.8908985257148743,0.4654538929462433,-0.18008799850940704,0.9986875057220459,0.9998337030410767,0.8921095728874207,0.4673323333263397,-0.1800399273633957,0.999190092086792,0.9998375177383423,0.8889638185501099,0.461616575717926,-0.12459027022123337,0.9984281063079834,0.9994950294494629,0.889756441116333,0.462980717420578,-0.12507590651512146,0.9984490871429443,0.9995414018630981,0.8906718492507935,0.4641101658344269,-0.12525257468223572,0.9987440705299377,0.9994292855262756,0.8930665254592896,0.4783827066421509,-0.25005021691322327,0.9994965195655823,0.9999034404754639,0.8908378481864929,0.47498342394828796,0.0008279923349618912,0.9964063763618469,0.9993913173675537,0.8579610586166382,0.46759921312332153,-0.1611776351928711,0.9986168146133423,0.99986732006073,0.8570236563682556,0.4658648371696472,-0.09205195307731628,0.9972401261329651,0.9993869066238403,0.8183997869491577,0.5092654228210449,-0.35968074202537537,0.9999905824661255,0.9999945163726807,0.7925143837928772,0.4916018843650818,0.21453753113746643,0.9992152452468872,0.999605119228363,0.6876704096794128,0.5276576280593872,-0.4507932662963867,0.9918681383132935,0.9999302625656128,0.6665970087051392,0.5074425935745239,0.2866159677505493,0.004166009370237589,0.999173104763031,0.5545783638954163,0.5284731388092041,-0.4766567051410675,0.9614776372909546,0.9999186992645264,0.5558675527572632,0.5091227889060974,0.15010984241962433,0.008762991055846214,0.9995183944702148,0.5161303877830505,0.535513699054718,-0.5308552980422974,0.9235731959342957,0.999665379524231,0.5253876447677612,0.5124438405036926,0.13347798585891724,0.013623547740280628,0.9991590976715088,0.5091341137886047,0.531517505645752,-0.533204197883606,0.9200741052627563,0.9996063113212585,0.5197404026985168,0.5099594593048096,0.08102385699748993,0.014472891576588154,0.9989940524101257,0.5206611752510071,0.527471661567688,-0.47413358092308044,0.859062135219574,0.9997866749763489,0.5301902294158936,0.508201003074646,0.1204647347331047,0.014522758312523365,0.999354898929596,0.5692732930183411,0.5098500847816467,-0.17564557492733002,0.9999790191650391,0.9999977350234985,0.5685105323791504,0.49732357263565063,0.1756235957145691,0.999934196472168,0.9999929666519165,0.374532014131546,0.5137133598327637,-0.12196812033653259,0.8655786514282227,0.9999129772186279,0.37681111693382263,0.5067741870880127,0.1633189469575882,0.117696613073349,0.9998915195465088,0.16427776217460632,0.5167005658149719,-0.027530096471309662,0.9440926909446716,0.9997501969337463,0.1773308962583542,0.5149400234222412,0.2434622049331665,0.42850953340530396,0.9998062252998352,0.13725735247135162,0.5288411378860474,-0.02989049069583416,0.7676929235458374,0.9991810917854309,0.15008588135242462,0.527642011642456,0.24379247426986694,0.40676063299179077,0.9996498823165894,0.08547824621200562,0.47955402731895447,-0.21910451352596283,0.9303721785545349,0.9986752867698669,0.09743670374155045,0.4820970296859741,0.10541340708732605,0.5934993028640747,0.9989595413208008,0.5293616414070129,0.000520503520965554,high,0.5288581281900406,0.001216116547584578,high,False,False,False,False
19,633,0,False,0.8695999383926392,0.45875295996665955,-0.14696969091892242,0.9985378980636597,0.9999082088470459,0.8877124786376953,0.4631763696670532,-0.18101997673511505,0.998725414276123,0.9999513626098633,0.8892552852630615,0.4653792381286621,-0.18141987919807434,0.9987661242485046,0.9999655485153198,0.89077228307724,0.4672999680042267,-0.18137642741203308,0.9992375373840332,0.9999657869338989,0.88698410987854,0.4615042507648468,-0.12592892348766327,0.9985217452049255,0.9998979568481445,0.8878975510597229,0.4628111720085144,-0.12641455233097076,0.998542070388794,0.999906063079834,0.8890568017959595,0.46390393376350403,-0.12659338116645813,0.9988179802894592,0.9998816251754761,0.891890287399292,0.47839075326919556,-0.25223860144615173,0.9995248913764954,0.9999749660491943,0.8891535401344299,0.4748414158821106,0.0014422257663682103,0.9966045022010803,0.9998540878295898,0.8571587800979614,0.4675304591655731,-0.16261564195156097,0.9986861348152161,0.9999580383300781,0.8559536337852478,0.46570539474487305,-0.09337503463029861,0.9973783493041992,0.9998123049736023,0.8176597952842712,0.5092284083366394,-0.3623118996620178,0.9999908208847046,0.9999971389770508,0.7919206619262695,0.49111881852149963,0.21756072342395782,0.999235212802887,0.999817430973053,0.68712317943573,0.5276538729667664,-0.4538044333457947,0.9920728802680969,0.9999595880508423,0.6663869619369507,0.5067744255065918,0.2878108620643616,0.004336184356361628,0.9995355606079102,0.5543728470802307,0.5285710692405701,-0.4991948902606964,0.9626666903495789,0.999963641166687,0.5557509660720825,0.5088832378387451,0.14860200881958008,0.009108539670705795,0.9997742772102356,0.5159924030303955,0.5356493592262268,-0.5585641860961914,0.9258047342300415,0.9998509883880615,0.5253334045410156,0.5122730731964111,0.13253319263458252,0.014150095172226429,0.999607503414154,0.5090843439102173,0.5316479802131653,-0.5617456436157227,0.9224153757095337,0.9998272061347961,0.5197316408157349,0.5096419453620911,0.07930456846952438,0.01503080315887928,0.9995423555374146,0.5205416083335876,0.5275987982749939,-0.49746251106262207,0.8629559278488159,0.999906063079834,0.5300195217132568,0.5079771280288696,0.1195036992430687,0.015062415041029453,0.9997028708457947,0.5690308213233948,0.510057270526886,-0.1759597361087799,0.9999794363975525,0.9999988079071045,0.5681190490722656,0.4971843361854553,0.17593973875045776,0.999935507774353,0.9999964237213135,0.37396249175071716,0.513687252998352,-0.13191400468349457,0.8701736330986023,0.9999594688415527,0.3763467073440552,0.5065767765045166,0.16230952739715576,0.1222943365573883,0.9999496936798096,0.16408638656139374,0.5167041420936584,-0.03496489301323891,0.9458056092262268,0.9998838901519775,0.1778842657804489,0.514850378036499,0.24469740688800812,0.43617919087409973,0.9999221563339233,0.1368095576763153,0.528763473033905,-0.037441086024045944,0.7728322148323059,0.9996272325515747,0.15048739314079285,0.5274856686592102,0.24474450945854187,0.41329091787338257,0.9998637437820435,0.0854705423116684,0.47972026467323303,-0.23319154977798462,0.9327511191368103,0.9994139671325684,0.09794744104146957,0.4821263253688812,0.10728193819522858,0.601671576499939,0.9995988011360168,0.5293616414070129,0.000598168373107888,high,0.5288581281900406,0.0013724595308304277,high,False,False,False,False
20,667,0,False,0.8695728182792664,0.459113210439682,-0.12299805879592896,0.9985430240631104,0.9997647404670715,0.8875738978385925,0.463347852230072,-0.15699422359466553,0.998727023601532,0.9998629093170166,0.8891075849533081,0.46556752920150757,-0.15738748013973236,0.9987673163414001,0.9999046325683594,0.8906629085540771,0.4675687253475189,-0.15733666718006134,0.9992403984069824,0.9999067783355713,0.8869078755378723,0.46166011691093445,-0.09954366087913513,0.9985286593437195,0.9997116923332214,0.8878164887428284,0.46284255385398865,-0.10002186894416809,0.9985466003417969,0.999737560749054,0.8890076279640198,0.4638978838920593,-0.10018917173147202,0.9988254904747009,0.99967360496521,0.8917133212089539,0.47848182916641235,-0.23255503177642822,0.9995283484458923,0.9999426603317261,0.8891589641571045,0.47488778829574585,0.02952781319618225,0.9966203570365906,0.9996474981307983,0.8569758534431458,0.46764975786209106,-0.14025969803333282,0.9986977577209473,0.999920129776001,0.8558496832847595,0.46568113565444946,-0.06812197715044022,0.9974020719528198,0.9996421337127686,0.8176226615905762,0.5094642043113708,-0.35124558210372925,0.9999909400939941,0.9999960660934448,0.7915039658546448,0.49117669463157654,0.2409599870443344,0.9992409348487854,0.9997398257255554,0.6870976686477661,0.5276778936386108,-0.4468570351600647,0.9920747876167297,0.9999568462371826,0.665791392326355,0.506967306137085,0.3160684108734131,0.004299161024391651,0.9994798302650452,0.5544142127037048,0.5285715460777283,-0.48008444905281067,0.962275505065918,0.9999532699584961,0.5557222366333008,0.5090503096580505,0.17191147804260254,0.009021158330142498,0.999701201915741,0.5160754323005676,0.5356470942497253,-0.5368087887763977,0.9248446226119995,0.9997993111610413,0.5253296494483948,0.5123907923698425,0.15489612519741058,0.014021605253219604,0.9994657635688782,0.5091012120246887,0.5316426157951355,-0.5386778712272644,0.9212914705276489,0.9997653365135193,0.519730269908905,0.5098816156387329,0.10118447989225388,0.014884713105857372,0.999360978603363,0.5205944180488586,0.5275991559028625,-0.47746920585632324,0.861109733581543,0.9998750686645508,0.5299819111824036,0.5082271695137024,0.14156359434127808,0.014941618777811527,0.9995952248573303,0.5688709616661072,0.5100619196891785,-0.17653405666351318,0.9999793767929077,0.9999982118606567,0.5676840543746948,0.4973163306713104,0.17651592195034027,0.9999353289604187,0.9999946355819702,0.37390583753585815,0.5135684013366699,-0.13134589791297913,0.8680098056793213,0.9999243021011353,0.37592652440071106,0.5065500140190125,0.1624339520931244,0.11974645406007767,0.9999090433120728,0.1640811413526535,0.5167397260665894,-0.0351574681699276,0.9440900087356567,0.9997653365135193,0.1764320284128189,0.5148948431015015,0.23938386142253876,0.4288795590400696,0.9998254179954529,0.1367536336183548,0.5287660956382751,-0.03771406412124634,0.7674240469932556,0.9992468357086182,0.14912058413028717,0.5274881720542908,0.23857396841049194,0.4073512554168701,0.9996848106384277,0.08546397089958191,0.47963947057724,-0.23283807933330536,0.9309906363487244,0.9989475607872009,0.09791623055934906,0.48176607489585876,0.09637919813394547,0.5957334637641907,0.9991594552993774,0.5293616414070129,0.0005955457687377708,high,0.5288581281900406,0.0013699561357498613,high,False,False,False,False
21,700,0,False,0.8695873022079468,0.4594704210758209,-0.1284140944480896,0.9985747933387756,0.9998006224632263,0.8875325322151184,0.4636992812156677,-0.16220499575138092,0.9987546801567078,0.9998869895935059,0.8890178799629211,0.4658943712711334,-0.1626032441854477,0.9987937808036804,0.9999207258224487,0.8905776739120483,0.46799007058143616,-0.16254983842372894,0.9992565512657166,0.9999219179153442,0.8869002461433411,0.46188223361968994,-0.10541297495365143,0.9985620379447937,0.9997596144676208,0.8878034353256226,0.4629644751548767,-0.10588685423135757,0.9985779523849487,0.9997783303260803,0.8889972567558289,0.4639613926410675,-0.10605008155107498,0.9988502860069275,0.9997199177742004,0.8916094303131104,0.4787853956222534,-0.23592056334018707,0.9995400905609131,0.99994957447052,0.8891687393188477,0.4749983549118042,0.022739240899682045,0.9966917634010315,0.999681830406189,0.8568828105926514,0.467861145734787,-0.14486995339393616,0.9987210631370544,0.9999239444732666,0.8557764291763306,0.4657582938671112,-0.07358908653259277,0.9974473118782043,0.9996525049209595,0.81746506690979,0.5094485878944397,-0.3538127541542053,0.9999910593032837,0.9999958276748657,0.7910794019699097,0.4912576973438263,0.23444892466068268,0.999241828918457,0.9997071623802185,0.6869363188743591,0.5276898145675659,-0.4489107131958008,0.9920805096626282,0.9999462366104126,0.6656132936477661,0.5070593357086182,0.30769017338752747,0.004256381653249264,0.9993525147438049,0.5544268488883972,0.5285652875900269,-0.4896276295185089,0.9620872139930725,0.9999439716339111,0.5556017756462097,0.5093493461608887,0.16583701968193054,0.008959569036960602,0.9996504783630371,0.5161147117614746,0.5356054306030273,-0.5484086871147156,0.9245769381523132,0.9997650980949402,0.5251893997192383,0.512558102607727,0.14941537380218506,0.013970280066132545,0.9993773102760315,0.5091096758842468,0.5314992070198059,-0.5483835339546204,0.9209532737731934,0.9997312426567078,0.519662082195282,0.5100973844528198,0.09459695219993591,0.014817740768194199,0.9992820620536804,0.5206581354141235,0.5274806618690491,-0.4867078959941864,0.8604658246040344,0.9998546838760376,0.5296990275382996,0.5085256099700928,0.1352371722459793,0.014880471862852573,0.999538779258728,0.5679369568824768,0.51021409034729,-0.17662644386291504,0.9999794960021973,0.9999984502792358,0.5667607188224792,0.4978145658969879,0.17661015689373016,0.9999356865882874,0.9999951124191284,0.3738258183002472,0.5132805109024048,-0.12923182547092438,0.8680757880210876,0.9999300241470337,0.3756689131259918,0.5065290927886963,0.16407214105129242,0.11828596889972687,0.999914288520813,0.16408061981201172,0.5167939066886902,-0.0318903923034668,0.9441354274749756,0.9998196959495544,0.1763070821762085,0.5149542093276978,0.24024729430675507,0.4268258810043335,0.9998645782470703,0.13679878413677216,0.5289873480796814,-0.03417031466960907,0.768258273601532,0.9994223117828369,0.14913929998874664,0.5275746583938599,0.23922628164291382,0.4072478711605072,0.9997594952583313,0.08546742051839828,0.47964972257614136,-0.22603677213191986,0.9312818646430969,0.9990993738174438,0.09773864597082138,0.48175933957099915,0.09901144355535507,0.5949387550354004,0.9992938041687012,0.5293616414070129,0.00037429332733152076,high,0.5288581281900406,0.0012834697961807695,high,False,False,False,False
22,734,0,False,0.8694823980331421,0.4600957930088043,-0.12658211588859558,0.9986242651939392,0.9998397827148438,0.8872820138931274,0.4641713500022888,-0.1596614569425583,0.9987965226173401,0.9999083280563354,0.8888478875160217,0.4664064943790436,-0.16005876660346985,0.9988340139389038,0.999935507774353,0.8904957175254822,0.468584269285202,-0.16000308096408844,0.9992810487747192,0.9999363422393799,0.8867093324661255,0.46236124634742737,-0.10322590172290802,0.998610258102417,0.9998015761375427,0.8876689672470093,0.4633377492427826,-0.10369473695755005,0.9986243844032288,0.9998154044151306,0.8889409303665161,0.464286208152771,-0.10384342074394226,0.998886227607727,0.9997647404670715,0.8915440440177917,0.4792422950267792,-0.23099909722805023,0.9995558261871338,0.9999586343765259,0.8891571760177612,0.47527602314949036,0.025709282606840134,0.9967936873435974,0.9997256398200989,0.8566581010818481,0.46817877888679504,-0.14235326647758484,0.9987619519233704,0.9999361038208008,0.8556185364723206,0.4659586250782013,-0.07155787944793701,0.9975278377532959,0.999705970287323,0.8176950216293335,0.5094419717788696,-0.34807679057121277,0.999991238117218,0.9999961853027344,0.7909743189811707,0.4915551245212555,0.2348625510931015,0.9992579221725464,0.9997311234474182,0.6871306896209717,0.5275653600692749,-0.4525975286960602,0.9921131730079651,0.9999517202377319,0.6655188798904419,0.5070015788078308,0.30686989426612854,0.0043286909349262714,0.9993929862976074,0.5544238686561584,0.5285645127296448,-0.4986020624637604,0.962553858757019,0.9999513626098633,0.5554474592208862,0.5093134045600891,0.16173766553401947,0.009239256381988525,0.9996927976608276,0.5161136388778687,0.5356526970863342,-0.5595781803131104,0.92549067735672,0.9997900128364563,0.5249333381652832,0.5119990110397339,0.14411653578281403,0.01440374180674553,0.9994230270385742,0.5090609788894653,0.5314936637878418,-0.5601264834403992,0.9219179749488831,0.9997637867927551,0.5195035338401794,0.5099846124649048,0.08975578844547272,0.015284214168787003,0.9993371367454529,0.520646870136261,0.527476966381073,-0.49640944600105286,0.8620008230209351,0.9998735189437866,0.5293505191802979,0.5085251331329346,0.13107110559940338,0.01534308772534132,0.999586284160614,0.5676416754722595,0.5103021264076233,-0.17611554265022278,0.9999794960021973,0.9999980926513672,0.5661989450454712,0.498341828584671,0.17609836161136627,0.9999357461929321,0.9999936819076538,0.37386298179626465,0.5127676129341125,-0.1289936900138855,0.8652780652046204,0.9999141693115234,0.37566399574279785,0.506520688533783,0.15881074965000153,0.11663413047790527,0.9998883008956909,0.16403421759605408,0.5168421864509583,-0.03531820327043533,0.9427777528762817,0.9997699856758118,0.17589402198791504,0.5149756073951721,0.2295275628566742,0.4209248423576355,0.9998061060905457,0.13674800097942352,0.5288960933685303,-0.038170959800481796,0.7661129832267761,0.9992648959159851,0.14828307926654816,0.5275664925575256,0.22807402908802032,0.40223467350006104,0.9996548891067505,0.0851752758026123,0.4802932143211365,-0.22943653166294098,0.9302245378494263,0.9988678693771362,0.09596411138772964,0.4820146858692169,0.0844375267624855,0.5904302000999451,0.9990593791007996,0.5293616414070129,0.0004655480384826438,high,0.5288581281900406,0.001291635632514998,high,False,False,False,False
23,767,0,False,0.8691768050193787,0.46075886487960815,-0.1264435201883316,0.998625636100769,0.9997521042823792,0.886694610118866,0.464640736579895,-0.15905001759529114,0.9987947344779968,0.9998600482940674,0.8882867693901062,0.46690747141838074,-0.15944872796535492,0.9988329410552979,0.999901294708252,0.8900638222694397,0.4692034423351288,-0.15939180552959442,0.9992784857749939,0.9999020099639893,0.8861241936683655,0.4627656042575836,-0.10336180776357651,0.9986053109169006,0.9996941089630127,0.8870483636856079,0.46368294954299927,-0.1038263738155365,0.9986183643341064,0.9997135996818542,0.8883044123649597,0.4646011292934418,-0.1039750948548317,0.9988774657249451,0.9996308088302612,0.891403079032898,0.479796439409256,-0.22838860750198364,0.9995548725128174,0.9999357461929321,0.8889261484146118,0.475615531206131,0.024762416258454323,0.9967778325080872,0.9995595812797546,0.8561750054359436,0.4686538279056549,-0.1415199488401413,0.9987484812736511,0.9998923540115356,0.8550909757614136,0.466348260641098,-0.07167456299066544,0.9975005388259888,0.9994993209838867,0.8183874487876892,0.5094674825668335,-0.3448345959186554,0.9999911785125732,0.9999938011169434,0.790909469127655,0.4918872117996216,0.23249325156211853,0.9992512464523315,0.9995569586753845,0.6882902979850769,0.5275626182556152,-0.45355477929115295,0.9919782876968384,0.999927282333374,0.6656234860420227,0.507053017616272,0.30412861704826355,0.0043497104197740555,0.99913090467453,0.554831326007843,0.5286073684692383,-0.519145131111145,0.9622683525085449,0.9999258518218994,0.5555901527404785,0.5095967054367065,0.162794828414917,0.009401777759194374,0.9995550513267517,0.5163205862045288,0.5356810688972473,-0.581335186958313,0.9252206087112427,0.9996763467788696,0.524967610836029,0.5121947526931763,0.1452517807483673,0.014651363715529442,0.9991214871406555,0.509223222732544,0.5315567851066589,-0.5814006924629211,0.9216451048851013,0.9996393918991089,0.5195620656013489,0.5104784369468689,0.09170527756214142,0.01554950326681137,0.9990001320838928,0.5209834575653076,0.5275384187698364,-0.5172412395477295,0.8614839315414429,0.9998062252998352,0.5293458104133606,0.5090988278388977,0.1325080394744873,0.015604217536747456,0.999383807182312,0.5675364136695862,0.510486900806427,-0.1751721352338791,0.9999788403511047,0.9999971389770508,0.5658287405967712,0.49916258454322815,0.17515075206756592,0.9999340772628784,0.9999905824661255,0.3738711476325989,0.5117414593696594,-0.12116236984729767,0.8587512969970703,0.9998468160629272,0.37555310130119324,0.5065155625343323,0.15972040593624115,0.11340748518705368,0.9997984766960144,0.1642955243587494,0.5169363617897034,-0.03173892945051193,0.9398894309997559,0.9996305704116821,0.17586232721805573,0.5151757001876831,0.2331366389989853,0.41147884726524353,0.9996727705001831,0.13705365359783173,0.528940737247467,-0.034563999623060226,0.7611553072929382,0.9988594055175781,0.14818984270095825,0.5277514457702637,0.23206661641597748,0.39496761560440063,0.9994402527809143,0.08518080413341522,0.4809649586677551,-0.22014294564723969,0.9271198511123657,0.9982207417488098,0.09531479328870773,0.48256349563598633,0.08968188613653183,0.5806611776351929,0.9984502792358398,0.5293616414070129,0.00042090415954587623,high,0.5288581281900406,0.001106682419776961,high,False,False,False,False
24,800,0,False,0.8689977526664734,0.46110743284225464,-0.12173885852098465,0.9987013936042786,0.9999055862426758,0.8864030838012695,0.46497610211372375,-0.15324141085147858,0.9988600611686707,0.9999467134475708,0.8880266547203064,0.46724697947502136,-0.1536286175251007,0.998896598815918,0.9999620914459229,0.889885425567627,0.46959155797958374,-0.15356285870075226,0.9993166327476501,0.999962329864502,0.8858276009559631,0.4630246162414551,-0.09799323230981827,0.9986806511878967,0.999884843826294,0.886749804019928,0.4638949930667877,-0.09845198690891266,0.9986924529075623,0.9998918771743774,0.8880307674407959,0.4647822082042694,-0.09858376532793045,0.998936116695404,0.9998602867126465,0.8912791609764099,0.4801473021507263,-0.21808695793151855,0.9995776414871216,0.9999744892120361,0.8887909650802612,0.4758024215698242,0.032946404069662094,0.9969417452812195,0.9998286962509155,0.8559312224388123,0.4688924551010132,-0.13530826568603516,0.9988042116165161,0.9999545812606812,0.8548387289047241,0.46653077006340027,-0.06610067933797836,0.9976114630699158,0.9997884631156921,0.8183969855308533,0.5095697045326233,-0.33413997292518616,0.9999914169311523,0.9999967813491821,0.7905116081237793,0.49215954542160034,0.24026060104370117,0.9992651343345642,0.9997666478157043,0.6882799863815308,0.527648389339447,-0.45490142703056335,0.9920585751533508,0.9999552965164185,0.6654325127601624,0.5071296691894531,0.31145939230918884,0.0043760621920228004,0.9994698166847229,0.5547271966934204,0.5288600325584412,-0.5269501805305481,0.9631356000900269,0.9999620914459229,0.5555625557899475,0.5097499489784241,0.16915307939052582,0.009571617469191551,0.9997594952583313,0.5162912607192993,0.5360603928565979,-0.5903060436248779,0.9270491600036621,0.9998416900634766,0.5249485969543457,0.512331485748291,0.15103137493133545,0.014931616373360157,0.9995632767677307,0.5091601610183716,0.531891942024231,-0.5905981659889221,0.9235594272613525,0.9998243451118469,0.5195698142051697,0.5105805993080139,0.09816525876522064,0.01584945246577263,0.9995050430297852,0.5209532976150513,0.5278594493865967,-0.5252748727798462,0.8643819689750671,0.9999048709869385,0.5293385982513428,0.509263277053833,0.1390824019908905,0.015869462862610817,0.9996846914291382,0.5663318634033203,0.5107390284538269,-0.1747160106897354,0.9999790191650391,0.9999985694885254,0.5644025206565857,0.500068187713623,0.17469623684883118,0.9999346137046814,0.999995231628418,0.3735145926475525,0.5097570419311523,-0.12127590924501419,0.8571555018424988,0.9999333620071411,0.3743191659450531,0.5060483813285828,0.16001345217227936,0.11153971403837204,0.9999128580093384,0.16440868377685547,0.5169524550437927,-0.03168564289808273,0.9389859437942505,0.9998462200164795,0.1755012720823288,0.5152523517608643,0.2338884323835373,0.4058200418949127,0.9998650550842285,0.13744989037513733,0.5291264057159424,-0.034453149884939194,0.7613006234169006,0.9995090961456299,0.14805327355861664,0.5280867218971252,0.23291443288326263,0.39165279269218445,0.9997660517692566,0.08534662425518036,0.48108384013175964,-0.21921727061271667,0.9271445274353027,0.9992877840995789,0.09530242532491684,0.48269274830818176,0.0916140079498291,0.5778893232345581,0.9993694424629211,0.5293616414070129,0.00023523569107053444,high,0.5288581281900406,0.0007714062929153886,high,False,False,False,False
25,834,0,False,0.8690920472145081,0.46126776933670044,-0.11501026153564453,0.9987139105796814,0.9998142123222351,0.8865294456481934,0.465196818113327,-0.14675596356391907,0.9988678693771362,0.999891996383667,0.888244092464447,0.46748167276382446,-0.14713473618030548,0.9989059567451477,0.999923825263977,0.8900664448738098,0.46987083554267883,-0.14705967903137207,0.999318540096283,0.9999241828918457,0.8858952522277832,0.4632687270641327,-0.09166408330202103,0.9986867904663086,0.9997640252113342,0.8869027495384216,0.46413126587867737,-0.09212364256381989,0.9986987709999084,0.9997798800468445,0.8882334232330322,0.4650341272354126,-0.09225908666849136,0.9989375472068787,0.9997163414955139,0.8914319276809692,0.48063382506370544,-0.21258176863193512,0.9995800852775574,0.9999518394470215,0.8889361619949341,0.4762002229690552,0.03804575651884079,0.996975302696228,0.9996730089187622,0.8559325933456421,0.46913063526153564,-0.1286354660987854,0.9988018870353699,0.9999164342880249,0.8548550009727478,0.4666709303855896,-0.05960946902632713,0.9976052045822144,0.9996077418327332,0.8195233941078186,0.5097008943557739,-0.3269290626049042,0.9999914169311523,0.9999946355819702,0.7912622690200806,0.49288371205329895,0.24173086881637573,0.9992586374282837,0.99962317943573,0.6897256374359131,0.5276728868484497,-0.4571012556552887,0.9919545650482178,0.9999219179153442,0.6656054854393005,0.5076265335083008,0.3137848377227783,0.004320065025240183,0.9991969466209412,0.5549644827842712,0.5288907289505005,-0.552827000617981,0.9631319642066956,0.9999332427978516,0.5566366314888,0.5098445415496826,0.1792306900024414,0.009620784781873226,0.9996472597122192,0.5165215730667114,0.5362091660499573,-0.6180934906005859,0.9275919795036316,0.9997335076332092,0.5257088541984558,0.5123276114463806,0.16191883385181427,0.015048949979245663,0.9993698000907898,0.5093864798545837,0.5319409370422363,-0.6178784966468811,0.9240955710411072,0.9997113347053528,0.5205804109573364,0.5106403231620789,0.10989052057266235,0.015967009589076042,0.9992871880531311,0.5212229490280151,0.5278789401054382,-0.5514610409736633,0.8648679256439209,0.9998418092727661,0.5309507846832275,0.5093385577201843,0.1497844159603119,0.01595681719481945,0.9995463490486145,0.566315233707428,0.5107751488685608,-0.1735750138759613,0.9999783635139465,0.9999974966049194,0.564403772354126,0.5004557967185974,0.17354600131511688,0.999932587146759,0.9999918937683105,0.3733375668525696,0.5080549120903015,-0.12126457691192627,0.8536765575408936,0.9998793601989746,0.3740292489528656,0.5053297877311707,0.1603403091430664,0.10870283097028732,0.9998370409011841,0.16449695825576782,0.5169587731361389,-0.03342381864786148,0.9370483160018921,0.9996987581253052,0.17535315454006195,0.5154415369033813,0.23478645086288452,0.3956219553947449,0.9997275471687317,0.13772805035114288,0.5291827917098999,-0.03633871674537659,0.7601091265678406,0.9990195035934448,0.14802716672420502,0.5284498929977417,0.23391138017177582,0.3859374523162842,0.9995254278182983,0.0856301337480545,0.4810890555381775,-0.21949902176856995,0.9255950450897217,0.9986456036567688,0.09522382915019989,0.4827878773212433,0.09307185560464859,0.5688150525093079,0.9988297820091248,0.5293616414070129,0.0001788496971130149,high,0.5288581281900406,0.00040823519229893357,high,False,False,False,False
26,867,0,False,0.8690871000289917,0.46132028102874756,-0.14678746461868286,0.9986392259597778,0.9995827078819275,0.8865194320678711,0.4652349054813385,-0.1801844835281372,0.9988085031509399,0.9997792840003967,0.8881901502609253,0.4674904942512512,-0.18059933185577393,0.998852550983429,0.9998490810394287,0.8899834752082825,0.4698510766029358,-0.18054847419261932,0.999285101890564,0.9998540878295898,0.885895311832428,0.46335145831108093,-0.12412232160568237,0.9986072778701782,0.9995057582855225,0.8868952989578247,0.4642605781555176,-0.1246076226234436,0.9986214637756348,0.9995459914207458,0.8882201313972473,0.465172678232193,-0.12478294223546982,0.9988714456558228,0.999426007270813,0.8913930654525757,0.4807242751121521,-0.24722488224506378,0.999562680721283,0.9999098777770996,0.8889407515525818,0.4763258695602417,0.007332798559218645,0.9967963099479675,0.9993485808372498,0.8559129238128662,0.46930381655693054,-0.1604587733745575,0.9987428784370422,0.9998579025268555,0.8548099994659424,0.46706247329711914,-0.090301014482975,0.9974693655967712,0.9993225336074829,0.8179105520248413,0.5099906921386719,-0.3521251082420349,0.9999911785125732,0.9999935626983643,0.7911825180053711,0.4931965172290802,0.21806269884109497,0.9992324113845825,0.999494194984436,0.6875003576278687,0.528107762336731,-0.46306365728378296,0.9917479753494263,0.9999281167984009,0.6653412580490112,0.5082403421401978,0.28864583373069763,0.004237312823534012,0.9989744424819946,0.553948700428009,0.5292602777481079,-0.5472034215927124,0.9617592096328735,0.999925971031189,0.5565390586853027,0.5105367302894592,0.14647135138511658,0.009357753209769726,0.9994242191314697,0.5159164071083069,0.5365714430809021,-0.6076714992523193,0.9253397583961487,0.9996984004974365,0.5257046222686768,0.5133720636367798,0.12739813327789307,0.014677021652460098,0.9990090131759644,0.5088977813720703,0.5323231816291809,-0.6101473569869995,0.9217585325241089,0.9996486902236938,0.5205743908882141,0.5119832158088684,0.07547801733016968,0.015572124160826206,0.9988314509391785,0.5207475423812866,0.5282527208328247,-0.5460478663444519,0.861147940158844,0.9998070597648621,0.5308718085289001,0.5102479457855225,0.11680372059345245,0.015563476830720901,0.999251663684845,0.5640259385108948,0.5109501481056213,-0.17358432710170746,0.9999784231185913,0.9999980926513672,0.5630751848220825,0.5009925365447998,0.1735558956861496,0.9999328255653381,0.9999934434890747,0.3714735507965088,0.5058162808418274,-0.1209314689040184,0.8517624139785767,0.9999037981033325,0.3721769452095032,0.5042797923088074,0.1606244295835495,0.10822003334760666,0.9998565912246704,0.16444557905197144,0.5169392228126526,-0.019903946667909622,0.9364456534385681,0.9997618794441223,0.17525160312652588,0.5155276656150818,0.23570294678211212,0.3944196403026581,0.9997871518135071,0.13783146440982819,0.5293096899986267,-0.02093932405114174,0.7594190239906311,0.9992469549179077,0.14816680550575256,0.5286926627159119,0.2351631373167038,0.38529109954833984,0.9996398687362671,0.08556973934173584,0.48137131333351135,-0.20467309653759003,0.9249509572982788,0.9987198114395142,0.09513990581035614,0.4833317697048187,0.09358822554349899,0.5674219131469727,0.9989010095596313,0.5293616414070129,5.1951408386208264e-05,high,0.5288581281900406,0.00016546547412876755,high,False,False,False,False
27,900,0,False,0.8690758347511292,0.4612636864185333,-0.12750956416130066,0.9986523985862732,0.9997804760932922,0.8864256739616394,0.46517589688301086,-0.16021651029586792,0.9988214373588562,0.9998788833618164,0.888185441493988,0.4674217104911804,-0.16062414646148682,0.9988691210746765,0.9999171495437622,0.889997661113739,0.46968311071395874,-0.1605580747127533,0.9992932677268982,0.9999204874038696,0.8856853246688843,0.46334683895111084,-0.10420543700456619,0.998615562915802,0.9997273087501526,0.8867550492286682,0.46429339051246643,-0.1046663150191307,0.998630702495575,0.9997473359107971,0.8881427049636841,0.4652559459209442,-0.10481543093919754,0.9988736510276794,0.9996789693832397,0.8915604948997498,0.4807189404964447,-0.23146037757396698,0.9995698928833008,0.9999516010284424,0.8890578150749207,0.47653332352638245,0.023525068536400795,0.996827244758606,0.9996237754821777,0.8558972477912903,0.46930283308029175,-0.14340172708034515,0.9987684488296509,0.9999243021011353,0.8547462224960327,0.4671679437160492,-0.07310518622398376,0.9975054860115051,0.9996222257614136,0.8179231286048889,0.5101115107536316,-0.34613198041915894,0.9999912977218628,0.9999955892562866,0.7911170125007629,0.49386119842529297,0.22661733627319336,0.9992296695709229,0.9996142387390137,0.6880845427513123,0.5282013416290283,-0.4800637662410736,0.9917969107627869,0.9999301433563232,0.664924681186676,0.5091601610183716,0.2961084544658661,0.0042592850513756275,0.9991269707679749,0.5539402961730957,0.5293416380882263,-0.5853020548820496,0.9625696539878845,0.9999442100524902,0.5561679005622864,0.5107584595680237,0.15627746284008026,0.009495445527136326,0.999583899974823,0.5158752799034119,0.5366882681846619,-0.6528120040893555,0.927249014377594,0.9997815489768982,0.525384247303009,0.5135102868080139,0.13701581954956055,0.014932645484805107,0.9992848038673401,0.5088237524032593,0.5324675440788269,-0.6525782942771912,0.9237104654312134,0.9997590184211731,0.5203481316566467,0.5120660066604614,0.08450084179639816,0.01583063043653965,0.9991795420646667,0.5207046270370483,0.5283304452896118,-0.5840189456939697,0.863900899887085,0.9998661279678345,0.5308298468589783,0.5103759169578552,0.1263313889503479,0.015804005786776543,0.9994738698005676,0.5637004971504211,0.5112147927284241,-0.1735619306564331,0.9999786019325256,0.9999980926513672,0.5625787377357483,0.501656174659729,0.17353004217147827,0.9999331831932068,0.9999932050704956,0.37102606892585754,0.5034719109535217,-0.12109964340925217,0.8534706830978394,0.9999135732650757,0.37149572372436523,0.5031288266181946,0.1627710610628128,0.10993694514036179,0.9998611211776733,0.16461047530174255,0.5169036984443665,-0.02013983018696308,0.9369961619377136,0.99977046251297,0.17525556683540344,0.5156102776527405,0.24332532286643982,0.39612120389938354,0.9997909665107727,0.13816805183887482,0.5293079614639282,-0.021273663267493248,0.7615740299224854,0.9992532134056091,0.14819109439849854,0.5288606882095337,0.24330590665340424,0.38806140422821045,0.9996448755264282,0.08607542514801025,0.48155805468559265,-0.20536726713180542,0.9257567524909973,0.9988517761230469,0.09528177231550217,0.483517050743103,0.10472459346055984,0.5693994164466858,0.9989883303642273,0.5293616414070129,5.367994308469459e-05,high,0.5288581281900406,-2.5600194930586184e-06,high,False,False,False,False
28,934,0,False,0.8691165447235107,0.46125587821006775,-0.12812581658363342,0.9987066388130188,0.9998509883880615,0.8865350484848022,0.46517083048820496,-0.16068008542060852,0.9988669753074646,0.9999150037765503,0.8884446024894714,0.46740949153900146,-0.1610826849937439,0.9989151954650879,0.9999411106109619,0.8902750015258789,0.4696718752384186,-0.1610153615474701,0.9993196725845337,0.9999423027038574,0.8856892585754395,0.4632706344127655,-0.10486385971307755,0.9986666440963745,0.9998098015785217,0.886753499507904,0.46420392394065857,-0.1053253635764122,0.9986810088157654,0.9998218417167664,0.888114869594574,0.46514126658439636,-0.10547392070293427,0.9989109635353088,0.9997695088386536,0.8918441534042358,0.4807066321372986,-0.22902628779411316,0.9995871782302856,0.9999650716781616,0.8890779614448547,0.47644832730293274,0.023527363315224648,0.9969487190246582,0.9997325539588928,0.8559567332267761,0.46934059262275696,-0.14347036182880402,0.9988173842430115,0.9999403953552246,0.854730486869812,0.4671746790409088,-0.07351372390985489,0.9975948929786682,0.9997019171714783,0.8187769055366516,0.5101125836372375,-0.343263179063797,0.9999915361404419,0.9999960660934448,0.7911773920059204,0.49400702118873596,0.22740387916564941,0.9992351531982422,0.9996640682220459,0.6889302134513855,0.5282238125801086,-0.4814941883087158,0.9918906092643738,0.9999282360076904,0.6649103760719299,0.5096140503883362,0.3009859621524811,0.004336261656135321,0.9992160797119141,0.5539098381996155,0.5293585658073425,-0.5796223282814026,0.9631890058517456,0.999936580657959,0.5561655759811401,0.5111623406410217,0.17392157018184662,0.00973628181964159,0.9996174573898315,0.5157982707023621,0.5367699265480042,-0.6456411480903625,0.9286472797393799,0.9997561573982239,0.5253524780273438,0.5137465596199036,0.15677925944328308,0.015281238593161106,0.9993470311164856,0.5087939500808716,0.5326749086380005,-0.6455864906311035,0.9251353740692139,0.9997261166572571,0.520338237285614,0.5123263001441956,0.10467700660228729,0.016174277290701866,0.9992344379425049,0.5207045674324036,0.5284702777862549,-0.5782070159912109,0.8659489750862122,0.9998477697372437,0.530832827091217,0.5108399391174316,0.14457683265209198,0.01614152453839779,0.9995083808898926,0.5637257099151611,0.5114107131958008,-0.17323161661624908,0.9999786615371704,0.9999979734420776,0.5625070929527283,0.5020406246185303,0.1731913685798645,0.9999334216117859,0.9999932050704956,0.3709436357021332,0.5010226964950562,-0.12367573380470276,0.8578716516494751,0.9999215602874756,0.37078994512557983,0.5020419359207153,0.1628311574459076,0.11448720097541809,0.9998782873153687,0.16461080312728882,0.5165740251541138,-0.01908162422478199,0.9383712410926819,0.9997679591178894,0.17491424083709717,0.5156753659248352,0.2490590363740921,0.4013131558895111,0.9997898936271667,0.13885511457920074,0.5293142795562744,-0.019621940329670906,0.7657902240753174,0.9992092847824097,0.14821872115135193,0.5291444063186646,0.24996116757392883,0.3928946256637573,0.9996317625045776,0.08641905337572098,0.4814475178718567,-0.20200613141059875,0.92743319272995,0.9988068342208862,0.09533456712961197,0.4835125207901001,0.1140691339969635,0.5744009613990784,0.9989362359046936,0.5293616414070129,4.7361850738503186e-05,high,0.5288581281900406,-0.000286278128623918,high,False,False,False,False
29,967,0,False,0.8685464859008789,0.46124646067619324,-0.13010632991790771,0.998729944229126,0.9998019337654114,0.8859100341796875,0.4651619493961334,-0.16266916692256927,0.9988881349563599,0.9998965263366699,0.8877673149108887,0.46739956736564636,-0.16307204961776733,0.9989373683929443,0.9999281167984009,0.8896960020065308,0.46965545415878296,-0.16300040483474731,0.9993312358856201,0.9999294281005859,0.8851736783981323,0.4632846713066101,-0.10729910433292389,0.9986863732337952,0.9997681975364685,0.886246383190155,0.46425381302833557,-0.1077611893415451,0.9987015724182129,0.9997841715812683,0.8876662850379944,0.46521806716918945,-0.10790794342756271,0.9989241361618042,0.99972003698349,0.8913100957870483,0.4807257354259491,-0.2311910092830658,0.9995928406715393,0.999953031539917,0.8888003826141357,0.47657525539398193,0.019283706322312355,0.9969825148582458,0.9996500015258789,0.8549719452857971,0.46939507126808167,-0.14539258182048798,0.9988205432891846,0.9999147653579712,0.8538728952407837,0.46729978919029236,-0.07606149464845657,0.9975868463516235,0.9995773434638977,0.8151824474334717,0.510215699672699,-0.3445591330528259,0.9999914169311523,0.9999946355819702,0.7889590263366699,0.4945393204689026,0.2229326367378235,0.9992088675498962,0.9995604157447815,0.6870198845863342,0.5285804867744446,-0.4821987450122833,0.99184650182724,0.9999276399612427,0.6631003022193909,0.510068953037262,0.2965047061443329,0.004214968997985125,0.9990887641906738,0.5524429082870483,0.529723048210144,-0.5694111585617065,0.9629287719726562,0.9999356269836426,0.5545102953910828,0.5114628076553345,0.1731598675251007,0.009434797801077366,0.999509334564209,0.5145440101623535,0.5371196866035461,-0.633268415927887,0.9285311698913574,0.9997431635856628,0.5242134928703308,0.5143969655036926,0.15619385242462158,0.014858820475637913,0.999152660369873,0.5077031850814819,0.532864511013031,-0.6332648396492004,0.9249986410140991,0.9997149109840393,0.519723653793335,0.5126566886901855,0.10296511650085449,0.01572597771883011,0.999024510383606,0.5194114446640015,0.528739333152771,-0.5676940083503723,0.8655885457992554,0.9998408555984497,0.5296760201454163,0.5111432671546936,0.14430832862854004,0.01569325290620327,0.9993708729743958,0.5585480332374573,0.511488676071167,-0.1728796809911728,0.9999786019325256,0.9999980926513672,0.5573130249977112,0.5029542446136475,0.1728459745645523,0.9999330639839172,0.9999934434890747,0.370657354593277,0.498909592628479,-0.11147940903902054,0.8543931245803833,0.9998998641967773,0.36937791109085083,0.5016612410545349,0.16926340758800507,0.11197349429130554,0.9998496770858765,0.16462822258472443,0.5163753628730774,0.009742248803377151,0.9363569021224976,0.9997559189796448,0.17463111877441406,0.5158867239952087,0.2598907947540283,0.39422255754470825,0.9997813105583191,0.13980801403522491,0.5291022062301636,0.011122123338282108,0.7642448544502258,0.9992412328720093,0.1482270061969757,0.5293726921081543,0.26108723878860474,0.3887634873390198,0.9996384382247925,0.08672835677862167,0.48140034079551697,-0.15879178047180176,0.9256042242050171,0.9989001750946045,0.09533824026584625,0.48357924818992615,0.13127970695495605,0.5676906704902649,0.9990478157997131,0.5293616414070129,0.00025943517684934303,high,0.5288581281900406,-0.0005145639181136641,high,False,False,False,False
30,1000,0,False,0.8685833811759949,0.4605548679828644,-0.13366267085075378,0.9987612366676331,0.9997923970222473,0.8858457207679749,0.464656263589859,-0.1662488579750061,0.9989143013954163,0.999885082244873,0.8876459002494812,0.46708711981773376,-0.16664224863052368,0.9989674091339111,0.9999227523803711,0.8895159363746643,0.4693731665611267,-0.1665758192539215,0.9993473887443542,0.9999258518218994,0.8851500749588013,0.46287891268730164,-0.1113060787320137,0.998704731464386,0.9997202754020691,0.8862028121948242,0.46395301818847656,-0.1117587611079216,0.9987200498580933,0.9997320771217346,0.8876162767410278,0.46507135033607483,-0.11189667880535126,0.998930811882019,0.99964439868927,0.8905634880065918,0.4807511568069458,-0.23414355516433716,0.9996069073677063,0.9999583959579468,0.8881034255027771,0.47668924927711487,0.01503678597509861,0.9970415830612183,0.9995962977409363,0.855033814907074,0.46926185488700867,-0.14842864871025085,0.9988527894020081,0.999923586845398,0.8540067672729492,0.4672331213951111,-0.07953660935163498,0.9976240992546082,0.9995800852775574,0.8152618408203125,0.5102241635322571,-0.3454510569572449,0.9999916553497314,0.9999958276748657,0.7896299958229065,0.49461352825164795,0.21838010847568512,0.9992009401321411,0.9995423555374146,0.6867863535881042,0.5285990238189697,-0.49213913083076477,0.9920250773429871,0.9999269247055054,0.6631419658660889,0.5103849768638611,0.29650306701660156,0.004190131556242704,0.9989487528800964,0.5524681806564331,0.5298877954483032,-0.5897620916366577,0.9637538194656372,0.9999333620071411,0.5543262958526611,0.5132513046264648,0.18201565742492676,0.00935796182602644,0.9994338154792786,0.514406144618988,0.5373470187187195,-0.6554186940193176,0.9302748441696167,0.9997319579124451,0.523574709892273,0.5156223177909851,0.167955219745636,0.014797911047935486,0.9990273714065552,0.5074920654296875,0.5331763029098511,-0.6529830694198608,0.9267773032188416,0.9997054934501648,0.5185028314590454,0.5143044590950012,0.1170828640460968,0.01564202830195427,0.9988704323768616,0.5194109678268433,0.5289623737335205,-0.5875140428543091,0.8682606220245361,0.999836802482605,0.5293976664543152,0.5125930309295654,0.15402734279632568,0.015633314847946167,0.999278724193573,0.5579240918159485,0.5116829872131348,-0.17246593534946442,0.99997878074646,0.9999980926513672,0.5563185811042786,0.503610372543335,0.17242585122585297,0.9999333024024963,0.9999926090240479,0.37065112590789795,0.49632951617240906,-0.11744777113199234,0.8570404648780823,0.9998971223831177,0.36926814913749695,0.4999302625656128,0.17287960648536682,0.11450956016778946,0.9998165965080261,0.1646985113620758,0.5160433053970337,0.008079906925559044,0.9372958540916443,0.9997562766075134,0.17431950569152832,0.5158656239509583,0.2590058445930481,0.3986211121082306,0.9997181296348572,0.1406349539756775,0.5289305448532104,0.006112353410571814,0.769484281539917,0.9991889595985413,0.14826543629169464,0.5293706059455872,0.25988686084747314,0.3943501114845276,0.9995242357254028,0.08672947436571121,0.48139747977256775,-0.1740822046995163,0.9270575046539307,0.9986030459403992,0.09529168158769608,0.4836360514163971,0.13048100471496582,0.572270393371582,0.9985595345497131,0.5293616414070129,0.00043109655380246803,high,0.5288581281900406,-0.0005124777555465254,high,False,False,False,False
31,1034,0,False,0.8684421181678772,0.4603668749332428,-0.12276991456747055,0.9987702965736389,0.9997854828834534,0.8858103156089783,0.46438106894493103,-0.15613093972206116,0.998915433883667,0.9998835325241089,0.8876201510429382,0.46689024567604065,-0.15652874112129211,0.998974084854126,0.9999222755432129,0.8894676566123962,0.46916520595550537,-0.156472846865654,0.9993521571159363,0.9999263286590576,0.8849742412567139,0.4626663327217102,-0.09987001866102219,0.9986956715583801,0.9997257590293884,0.8859401941299438,0.4638484716415405,-0.10032320022583008,0.9987116456031799,0.99974125623703,0.887170135974884,0.4650174677371979,-0.10046461969614029,0.9989207983016968,0.9996647834777832,0.8905534148216248,0.4805086553096771,-0.23041483759880066,0.9996131658554077,0.9999583959579468,0.8879402279853821,0.47653093934059143,0.024542901664972305,0.9970227479934692,0.9996088147163391,0.8549574613571167,0.46925824880599976,-0.14000798761844635,0.9988718628883362,0.9999275207519531,0.8535094261169434,0.46723923087120056,-0.06944754719734192,0.9976349472999573,0.9996132254600525,0.81544429063797,0.5102549195289612,-0.3455114960670471,0.9999918937683105,0.999996542930603,0.789696991443634,0.49468955397605896,0.22806455194950104,0.9991975426673889,0.9996070265769958,0.6867650747299194,0.5287178158760071,-0.47785547375679016,0.9922861456871033,0.9999523162841797,0.6637288331985474,0.5109525322914124,0.3119300603866577,0.00420667789876461,0.9992097616195679,0.5523935556411743,0.5300797820091248,-0.5357449650764465,0.9646627306938171,0.9999532699584961,0.5546388030052185,0.513830840587616,0.19935870170593262,0.009255923330783844,0.9995373487472534,0.5136380791664124,0.5376155972480774,-0.5944217443466187,0.9317135214805603,0.9997988343238831,0.5235942006111145,0.5160773992538452,0.18670785427093506,0.014608689583837986,0.9991859793663025,0.506817638874054,0.5332790017127991,-0.5907509922981262,0.9281607270240784,0.9997671246528625,0.5185939073562622,0.5147182941436768,0.13572321832180023,0.015430961735546589,0.9990158081054688,0.519163191318512,0.5291289687156677,-0.5314008593559265,0.870396614074707,0.9998726844787598,0.5297359228134155,0.5131384134292603,0.17090007662773132,0.01546215359121561,0.9993829727172852,0.5580146312713623,0.5117926001548767,-0.17247669398784637,0.9999790191650391,0.9999983310699463,0.5561015605926514,0.5037911534309387,0.17243614792823792,0.9999336004257202,0.9999932050704956,0.370747447013855,0.4940824806690216,-0.12287086248397827,0.8604288697242737,0.9999243021011353,0.3691171109676361,0.4985703229904175,0.17136138677597046,0.11636656522750854,0.9998650550842285,0.16482746601104736,0.5157137513160706,0.0012823394499719143,0.9376991987228394,0.9997561573982239,0.17377516627311707,0.5156905651092529,0.2582899034023285,0.39986222982406616,0.9997376799583435,0.14194968342781067,0.5285468101501465,0.0007261226419359446,0.7720291018486023,0.9992097616195679,0.148179829120636,0.5291406512260437,0.25895917415618896,0.39558663964271545,0.9995579123497009,0.08671002089977264,0.48179367184638977,-0.1731753945350647,0.9275218844413757,0.9986948370933533,0.09488166868686676,0.48364904522895813,0.12769192457199097,0.5727221369743347,0.9986560344696045,0.5293616414070129,0.0008148312568664329,high,0.5288581281900406,-0.0002825230360030684,high,False,False,False,False
32,1067,0,False,0.8676055073738098,0.46052563190460205,-0.12406079471111298,0.9988345503807068,0.999895453453064,0.884700357913971,0.46462470293045044,-0.15741252899169922,0.9989712834358215,0.9999474287033081,0.886810839176178,0.46710389852523804,-0.15781144797801971,0.9990296363830566,0.9999641180038452,0.8889145851135254,0.4693852961063385,-0.15775609016418457,0.9993860721588135,0.9999653100967407,0.8836530447006226,0.46279969811439514,-0.1003304198384285,0.9987586736679077,0.9998775720596313,0.8846942186355591,0.4639456570148468,-0.10078231990337372,0.9987748265266418,0.9998836517333984,0.8860583901405334,0.4650717079639435,-0.1009218841791153,0.9989710450172424,0.9998476505279541,0.8902522325515747,0.4806981086730957,-0.23166824877262115,0.9996342658996582,0.9999772310256958,0.887366533279419,0.47655829787254333,0.02411356195807457,0.9971598386764526,0.9998078942298889,0.8542253971099854,0.4694071412086487,-0.14133840799331665,0.9989268779754639,0.9999556541442871,0.8525881171226501,0.4673161208629608,-0.06989359110593796,0.9977356791496277,0.9997701048851013,0.8153659105300903,0.5105425119400024,-0.34898102283477783,0.9999921917915344,0.9999972581863403,0.7880205512046814,0.4948159158229828,0.2302192896604538,0.9992110729217529,0.9997267127037048,0.6863456964492798,0.5287733674049377,-0.4779566526412964,0.9926483035087585,0.999958872795105,0.6624652147293091,0.5109342932701111,0.31490424275398254,0.004340506158769131,0.9993745684623718,0.5516945123672485,0.5303183197975159,-0.536886990070343,0.9662795662879944,0.9999626874923706,0.5533974170684814,0.5139685273170471,0.19419287145137787,0.009467720054090023,0.999666690826416,0.5125481486320496,0.5378995537757874,-0.5964347720146179,0.9345025420188904,0.9998416900634766,0.5224184393882751,0.5163209438323975,0.18019527196884155,0.014890014193952084,0.9994269609451294,0.5056899785995483,0.5336336493492126,-0.5937193632125854,0.9310389161109924,0.9998182654380798,0.5174143314361572,0.5149134993553162,0.12859168648719788,0.01571354828774929,0.9993116855621338,0.5181064009666443,0.5294406414031982,-0.5329879522323608,0.8752760887145996,0.9999001026153564,0.528603196144104,0.5134339928627014,0.16521517932415009,0.015773553401231766,0.9995613694190979,0.5579922199249268,0.5121036767959595,-0.1729482114315033,0.999979555606842,0.9999984502792358,0.5556411147117615,0.5038759112358093,0.17291519045829773,0.99993497133255,0.9999942779541016,0.37075117230415344,0.4922468066215515,-0.12572452425956726,0.8665347099304199,0.9999396800994873,0.369010329246521,0.49754461646080017,0.16797129809856415,0.1241985484957695,0.9998992681503296,0.1648336946964264,0.5151993632316589,-0.0007407175144180655,0.9399985671043396,0.9998118281364441,0.17373855412006378,0.5154439210891724,0.2562362253665924,0.4101729989051819,0.9998223185539246,0.1430579572916031,0.5282894372940063,-0.002023158362135291,0.7796618342399597,0.9993841648101807,0.1488548070192337,0.5290979146957397,0.25713202357292175,0.40537336468696594,0.9996970891952515,0.08664466440677643,0.4817131459712982,-0.17848210036754608,0.9302513003349304,0.9989812970161438,0.09487827867269516,0.483652263879776,0.12742316722869873,0.5823513865470886,0.9990770816802979,0.5293616414070129,0.0010722041130065696,high,0.5288581281900406,-0.0002397865056991133,high,False,False,False,False
33,1101,0,False,0.8675870895385742,0.46025070548057556,-0.12658807635307312,0.9988334774971008,0.9997274279594421,0.8847108483314514,0.46424251794815063,-0.1599733680486679,0.9989696741104126,0.9998586177825928,0.8868124485015869,0.46675899624824524,-0.16037635505199432,0.9990333318710327,0.9999071359634399,0.8888729810714722,0.4689883291721344,-0.16033655405044556,0.9993885159492493,0.9999129772186279,0.8836662173271179,0.4625142812728882,-0.10330957919359207,0.9987427592277527,0.9996535778045654,0.8846814632415771,0.46371757984161377,-0.10376083850860596,0.9987584948539734,0.9996695518493652,0.8859334588050842,0.46488988399505615,-0.10390697419643402,0.9989522695541382,0.9995666146278381,0.8902193903923035,0.48041707277297974,-0.23521313071250916,0.9996404051780701,0.9999524354934692,0.8872258067131042,0.4763825535774231,0.01949635148048401,0.9971262812614441,0.9994947910308838,0.8542013764381409,0.4693518280982971,-0.14435884356498718,0.998943030834198,0.9999169111251831,0.8523684144020081,0.4673120379447937,-0.07344615459442139,0.9977352023124695,0.9995313882827759,0.8154094219207764,0.5105492472648621,-0.35181960463523865,0.9999923706054688,0.9999961853027344,0.7882934212684631,0.49487391114234924,0.22512038052082062,0.9992032647132874,0.9995287656784058,0.6860230565071106,0.5288388729095459,-0.4776003360748291,0.9928312301635742,0.9999421834945679,0.6628269553184509,0.5110259652137756,0.30969464778900146,0.0043119871988892555,0.9989269375801086,0.5514636039733887,0.5304067730903625,-0.5331864356994629,0.9668517112731934,0.9999374151229858,0.553736686706543,0.5142021775245667,0.190249964594841,0.009293251670897007,0.9993085861206055,0.5122422575950623,0.5380655527114868,-0.5921152234077454,0.935478150844574,0.9997308850288391,0.5226569175720215,0.5164333581924438,0.1751091629266739,0.014631950296461582,0.9987956285476685,0.5051974654197693,0.5337216258049011,-0.5892730951309204,0.9319915175437927,0.9996883869171143,0.5176425576210022,0.5152561068534851,0.12337582558393478,0.01543144416064024,0.9985448122024536,0.5178089141845703,0.5296071767807007,-0.5292637348175049,0.8767949342727661,0.9998278617858887,0.5289211869239807,0.5137437582015991,0.1609218418598175,0.015521318651735783,0.9990872144699097,0.5578941106796265,0.5121659636497498,-0.17287635803222656,0.9999797940254211,0.9999980926513672,0.5555874109268188,0.5039671659469604,0.17284081876277924,0.9999354481697083,0.9999918937683105,0.3708358705043793,0.4900873601436615,-0.13406726717948914,0.8698941469192505,0.9998997449874878,0.3689880073070526,0.4964976906776428,0.168411985039711,0.1264757513999939,0.9997990727424622,0.16527503728866577,0.5145503282546997,-0.003538465825840831,0.9403274655342102,0.9997180104255676,0.17373065650463104,0.5151306390762329,0.2561350166797638,0.41340529918670654,0.9996436834335327,0.14538787305355072,0.5278100967407227,-0.003760064486414194,0.7829456925392151,0.9990978240966797,0.1490737497806549,0.5288998484611511,0.2569727897644043,0.4079659879207611,0.9994165897369385,0.08656967431306839,0.4821532964706421,-0.17079412937164307,0.9306778907775879,0.9982682466506958,0.09428438544273376,0.48399075865745544,0.12606598436832428,0.583889901638031,0.9980395436286926,0.5293616414070129,0.001551544666290261,high,0.5288581281900406,-4.172027111049026e-05,high,False,False,False,False
34,1134,0,False,0.86701500415802,0.4605148136615753,-0.1298147290945053,0.9988895654678345,0.999880313873291,0.8839924335479736,0.46453550457954407,-0.16162839531898499,0.9990208745002747,0.9999423027038574,0.8861693143844604,0.4670001268386841,-0.16203433275222778,0.9990828037261963,0.9999607801437378,0.8883556127548218,0.469232976436615,-0.1619921326637268,0.9994189143180847,0.9999619722366333,0.8830008506774902,0.462698370218277,-0.10507991909980774,0.9988005757331848,0.9998621940612793,0.884087860584259,0.4638400077819824,-0.1055341586470604,0.9988158345222473,0.9998677968978882,0.8854550123214722,0.4649462103843689,-0.10567816346883774,0.9989975690841675,0.9998243451118469,0.8897197246551514,0.48081645369529724,-0.234414204955101,0.9996589422225952,0.9999747276306152,0.8867935538291931,0.4764237105846405,0.020099617540836334,0.9972449541091919,0.9997703433036804,0.8534746170043945,0.4695051610469818,-0.14565661549568176,0.9989888668060303,0.9999474287033081,0.8517783880233765,0.4673791825771332,-0.07496936619281769,0.9978178143501282,0.9997236132621765,0.8142203688621521,0.5107072591781616,-0.35030120611190796,0.9999925494194031,0.9999963045120239,0.7869771122932434,0.4951072335243225,0.22778688371181488,0.9992055892944336,0.9996296167373657,0.6855801939964294,0.5288913249969482,-0.4734322726726532,0.993134081363678,0.9999487400054932,0.6620544195175171,0.5110121965408325,0.30973711609840393,0.004432786256074905,0.9991320967674255,0.5516477227210999,0.5304557085037231,-0.5323091149330139,0.9683164954185486,0.9999538660049438,0.5537291169166565,0.5142178535461426,0.18968458473682404,0.009563354775309563,0.9995273351669312,0.5122354626655579,0.5382112860679626,-0.5920031666755676,0.9380698800086975,0.9998027682304382,0.5226327776908875,0.5164697766304016,0.17476946115493774,0.015029819682240486,0.9991793036460876,0.5052061080932617,0.5337482690811157,-0.5895476341247559,0.9347042441368103,0.9997766613960266,0.5176017880439758,0.5152191519737244,0.12281320244073868,0.01584653928875923,0.9990216493606567,0.5178266167640686,0.5296429395675659,-0.5286334753036499,0.8815194368362427,0.9998767375946045,0.5289062857627869,0.5137400031089783,0.1606876254081726,0.015940116718411446,0.9993816614151001,0.5577964186668396,0.5122547745704651,-0.1728857159614563,0.9999801516532898,0.9999980926513672,0.5552789568901062,0.5040266513824463,0.17285017669200897,0.9999361634254456,0.9999922513961792,0.3708270788192749,0.4887899160385132,-0.13657544553279877,0.8746137022972107,0.9999171495437622,0.3685103952884674,0.4962165653705597,0.16615569591522217,0.1323590725660324,0.9998434782028198,0.16535276174545288,0.514122724533081,-0.00452243210747838,0.9416677951812744,0.999747097492218,0.17371806502342224,0.5149278044700623,0.25432395935058594,0.42039597034454346,0.9997312426567078,0.1460658311843872,0.5275634527206421,-0.005145885981619358,0.7884445190429688,0.9991850256919861,0.1494317352771759,0.5287883877754211,0.2552333176136017,0.4146476686000824,0.9995520710945129,0.08644914627075195,0.48251715302467346,-0.17449292540550232,0.9322922229766846,0.9985587000846863,0.09428121894598007,0.4844038784503937,0.12472490221261978,0.5898116827011108,0.998634397983551,0.5293616414070129,0.0017981886863708274,high,0.5288581281900406,6.974041461949021e-05,high,False,False,False,False
35,1167,0,False,0.8669253587722778,0.4600779712200165,-0.14272676408290863,0.998848021030426,0.9996311664581299,0.883983314037323,0.46398815512657166,-0.17582060396671295,0.9989847540855408,0.9998119473457336,0.8861399292945862,0.4666246175765991,-0.1762380599975586,0.999055027961731,0.9998775720596313,0.8882741928100586,0.46892642974853516,-0.1762099713087082,0.9994032382965088,0.999886155128479,0.8829667568206787,0.46235451102256775,-0.11987687647342682,0.9987389445304871,0.9995381832122803,0.8840122222900391,0.4636171758174896,-0.12034055590629578,0.9987543821334839,0.9995637536048889,0.8852719068527222,0.464866042137146,-0.12050261348485947,0.9989418387413025,0.9994332194328308,0.8896727561950684,0.4807145893573761,-0.25027385354042053,0.9996547698974609,0.9999386072158813,0.8865848779678345,0.4764232337474823,0.0031354117672890425,0.997109591960907,0.9993492960929871,0.8532546162605286,0.46944400668144226,-0.15947075188159943,0.9989776611328125,0.999895453453064,0.8514230251312256,0.4673784375190735,-0.08938673883676529,0.9977532625198364,0.999411940574646,0.8142527937889099,0.510773241519928,-0.3617243766784668,0.9999926686286926,0.9999957084655762,0.7868070006370544,0.49516597390174866,0.21050839126110077,0.9991950392723083,0.9994744658470154,0.6848656535148621,0.5288995504379272,-0.4735275208950043,0.9931925535202026,0.9999425411224365,0.661311686038971,0.5111786723136902,0.2957208752632141,0.004387576133012772,0.9988672733306885,0.5503504872322083,0.5305967926979065,-0.5223349332809448,0.9682718515396118,0.9999366998672485,0.5536025166511536,0.5145367383956909,0.1845373958349228,0.009364033117890358,0.999295711517334,0.5109001398086548,0.5382527112960815,-0.5793997049331665,0.9377947449684143,0.999723494052887,0.522207498550415,0.5165616869926453,0.1723819524049759,0.014722373336553574,0.9987647533416748,0.5036231279373169,0.5339832305908203,-0.5775963664054871,0.9343711137771606,0.9996737241744995,0.5172487497329712,0.5156322717666626,0.12080329656600952,0.015518540516495705,0.9984904527664185,0.5166492462158203,0.529934287071228,-0.5185890197753906,0.8810153603553772,0.999821126461029,0.528670072555542,0.5143660306930542,0.15612342953681946,0.01563544012606144,0.9990618824958801,0.5574974417686462,0.5123580098152161,-0.17264024913311005,0.9999804496765137,0.9999982118606567,0.5549182891845703,0.5040107369422913,0.1725996881723404,0.9999368190765381,0.9999922513961792,0.3709258437156677,0.48765861988067627,-0.13648316264152527,0.8753418326377869,0.9999097585678101,0.3685108721256256,0.4949881136417389,0.16726744174957275,0.13277895748615265,0.999809205532074,0.16601082682609558,0.5132662057876587,-0.004989514593034983,0.941310465335846,0.9997486472129822,0.17357738316059113,0.5145381093025208,0.25409963726997375,0.42145732045173645,0.9996747970581055,0.14714215695858002,0.5270048379898071,-0.0038680084981024265,0.7890835404396057,0.9991925358772278,0.14942041039466858,0.5285676121711731,0.2549530863761902,0.41430968046188354,0.9994686245918274,0.08665230125188828,0.4825603663921356,-0.167709082365036,0.9319514632225037,0.9983476400375366,0.094194695353508,0.4845775067806244,0.12481659650802612,0.5894777178764343,0.9981558918952942,0.5293616414070129,0.0023568034172057883,high,0.5288581281900406,0.0002905160188675371,high,False,False,False,False
36,1201,0,False,0.8663433194160461,0.460066020488739,-0.15629708766937256,0.9988641142845154,0.9997788071632385,0.883411169052124,0.463987797498703,-0.19003690779209137,0.9990001916885376,0.9998971223831177,0.8858100175857544,0.46662333607673645,-0.19045454263687134,0.9990730285644531,0.9999326467514038,0.8881025314331055,0.4689213037490845,-0.190425306558609,0.9994133114814758,0.9999358654022217,0.8822383880615234,0.4623536467552185,-0.1331261247396469,0.9987436532974243,0.999745786190033,0.8834031224250793,0.4636191427707672,-0.13358770310878754,0.9987598061561584,0.9997560381889343,0.8848049640655518,0.4648706316947937,-0.13375133275985718,0.9989413619041443,0.9996758699417114,0.8896467089653015,0.48074448108673096,-0.26326805353164673,0.9996630549430847,0.9999597072601318,0.8864152431488037,0.47648048400878906,-0.0049120113253593445,0.9971041679382324,0.9995926022529602,0.8527334928512573,0.46944183111190796,-0.17253918945789337,0.99898761510849,0.9999184608459473,0.8508698344230652,0.467384934425354,-0.10116231441497803,0.9977352619171143,0.999536395072937,0.8137545585632324,0.5108354687690735,-0.37588170170783997,0.9999927282333374,0.9999957084655762,0.7860396504402161,0.4954538941383362,0.20784516632556915,0.9991829991340637,0.9995133876800537,0.6843459606170654,0.5289016962051392,-0.49632495641708374,0.9932757616043091,0.9999332427978516,0.6610373258590698,0.511189341545105,0.28814661502838135,0.004329444374889135,0.9988085031509399,0.5503847002983093,0.5305988192558289,-0.5505910515785217,0.9680460691452026,0.9999207258224487,0.5536555051803589,0.5147688388824463,0.1629774123430252,0.009091105312108994,0.9991818070411682,0.5108979940414429,0.538268506526947,-0.6110417246818542,0.9372400045394897,0.9996743202209473,0.5221887230873108,0.5166217088699341,0.14932474493980408,0.014331242069602013,0.9986571073532104,0.5036408305168152,0.5339981317520142,-0.6073915958404541,0.9337204098701477,0.9996209144592285,0.5171591639518738,0.5157869458198547,0.09824184328317642,0.015094181522727013,0.9983558058738708,0.5166718363761902,0.5299915671348572,-0.5464840531349182,0.879963219165802,0.9997847676277161,0.5286499857902527,0.5146408081054688,0.13414832949638367,0.015226736664772034,0.9989411234855652,0.5569545030593872,0.5125440359115601,-0.17358489334583282,0.9999809265136719,0.9999983310699463,0.5542690753936768,0.5041175484657288,0.17353983223438263,0.9999383091926575,0.9999932050704956,0.3710283041000366,0.4853941798210144,-0.1444370150566101,0.879956841468811,0.9999324083328247,0.36853456497192383,0.4949432909488678,0.18746960163116455,0.1387414038181305,0.9998631477355957,0.16693633794784546,0.5125073194503784,-0.005194181110709906,0.9429356455802917,0.9998205304145813,0.1739199310541153,0.514112651348114,0.27815496921539307,0.43378859758377075,0.9997716546058655,0.14808140695095062,0.5267158150672913,-0.002482408657670021,0.7947952151298523,0.9994231462478638,0.15068583190441132,0.5284053683280945,0.27947768568992615,0.4241885244846344,0.9996308088302612,0.08731140941381454,0.48360946774482727,-0.16402770578861237,0.9336740374565125,0.998766303062439,0.09672211855649948,0.48522868752479553,0.15168830752372742,0.5982796549797058,0.9986947178840637,0.5293616414070129,0.0026458263397216575,high,0.5288581281900406,0.00045275986194615037,high,False,False,False,False
37,1234,0,False,0.8664493560791016,0.45968496799468994,-0.15409374237060547,0.998820960521698,0.9996063113212585,0.8835457563400269,0.46359017491340637,-0.1880994737148285,0.9989601373672485,0.9998067021369934,0.8858320116996765,0.4662500023841858,-0.18851794302463531,0.9990407824516296,0.9998753070831299,0.8880957961082458,0.4685421884059906,-0.18851730227470398,0.9993945956230164,0.9998840093612671,0.8824264407157898,0.4620809853076935,-0.13201433420181274,0.9986717104911804,0.9995284080505371,0.8834680914878845,0.46337467432022095,-0.13247822225093842,0.9986898899078369,0.999555766582489,0.8848069906234741,0.4647022485733032,-0.13264434039592743,0.9988812208175659,0.9994258880615234,0.8895445466041565,0.4805331528186798,-0.26107415556907654,0.9996577501296997,0.9999372959136963,0.8862807750701904,0.4764496088027954,-0.0021538245491683483,0.9969615340232849,0.9993380904197693,0.852768063545227,0.4692305326461792,-0.17193268239498138,0.9989699721336365,0.9998887777328491,0.8508742451667786,0.4673076868057251,-0.10066433995962143,0.9976496696472168,0.9993630051612854,0.8137083649635315,0.5108373165130615,-0.3713133931159973,0.9999927878379822,0.9999951124191284,0.7860338687896729,0.49563565850257874,0.20849256217479706,0.9991723299026489,0.9994601607322693,0.6842016577720642,0.5289056301116943,-0.488311767578125,0.9931174516677856,0.9999322891235352,0.6609312891960144,0.511476993560791,0.289316326379776,0.004276071675121784,0.9987804293632507,0.5505017042160034,0.5306064486503601,-0.5442655086517334,0.9670764803886414,0.9999257326126099,0.5537818670272827,0.5149029493331909,0.1815006285905838,0.008875386789441109,0.9992468357086182,0.5109106302261353,0.5382868051528931,-0.6044573783874512,0.935629665851593,0.9996885061264038,0.5221936106681824,0.5166271924972534,0.17101570963859558,0.014006529003381729,0.998699426651001,0.5036006569862366,0.5339969992637634,-0.5992714166641235,0.9319086670875549,0.9996392726898193,0.5170925855636597,0.5158075094223022,0.12066305428743362,0.014743863604962826,0.9984068274497986,0.5166828632354736,0.5299984216690063,-0.5397637486457825,0.8769531846046448,0.9997971653938293,0.5286588668823242,0.5146442651748657,0.15372806787490845,0.01488425862044096,0.9990081191062927,0.5561951994895935,0.5126333832740784,-0.17205558717250824,0.9999814629554749,0.9999984502792358,0.5533834099769592,0.5043476819992065,0.17198656499385834,0.9999399781227112,0.9999936819076538,0.3711126148700714,0.4831690788269043,-0.15036237239837646,0.8811111450195312,0.9999266862869263,0.3683973550796509,0.4949880540370941,0.19571098685264587,0.13857068121433258,0.9998408555984497,0.1702173352241516,0.5104782581329346,-0.0023000205401331186,0.9425116181373596,0.9998468160629272,0.17431968450546265,0.5131406784057617,0.2895854115486145,0.4364805817604065,0.9997228980064392,0.1519937664270401,0.5246933698654175,0.0033701076172292233,0.796890139579773,0.9995160102844238,0.15183308720588684,0.5273709893226624,0.29168328642845154,0.42416319251060486,0.9995728135108948,0.08734676241874695,0.48367613554000854,-0.14672905206680298,0.933555543422699,0.9988228678703308,0.09660397469997406,0.485623836517334,0.16878275573253632,0.5989797115325928,0.9983891248703003,0.5293616414070129,0.004668271541595437,high,0.5288581281900406,0.0014871388673782793,high,False,False,False,False
38,1267,0,False,0.8664760589599609,0.45963534712791443,-0.12909334897994995,0.998852014541626,0.9998220801353455,0.8836416602134705,0.463582307100296,-0.16207346320152283,0.9989800453186035,0.9999059438705444,0.8858553171157837,0.4662366807460785,-0.16246165335178375,0.9990614652633667,0.9999375343322754,0.8880894184112549,0.46850070357322693,-0.16244558990001678,0.9994068145751953,0.9999402761459351,0.8824871182441711,0.4620809257030487,-0.10533495247364044,0.9986925721168518,0.9997798800468445,0.8834786415100098,0.4633883833885193,-0.10579518973827362,0.998711109161377,0.9997923970222473,0.8847900032997131,0.464725524187088,-0.10594823211431503,0.9988996386528015,0.999729573726654,0.8894906044006348,0.4803951680660248,-0.2360427975654602,0.9996656179428101,0.9999644756317139,0.8862133026123047,0.47643572092056274,0.023745525628328323,0.99701327085495,0.9996811151504517,0.8527726531028748,0.469211220741272,-0.14646866917610168,0.9989915490150452,0.9999353885650635,0.8508049249649048,0.46730753779411316,-0.07487808912992477,0.997681736946106,0.9996569156646729,0.8137591481208801,0.5108250379562378,-0.3544796407222748,0.9999929070472717,0.9999963045120239,0.7860718369483948,0.4957580864429474,0.23467755317687988,0.9991772770881653,0.9996547698974609,0.6844308376312256,0.5288626551628113,-0.48355114459991455,0.9931321144104004,0.9999436140060425,0.6616402864456177,0.5118104219436646,0.3199530243873596,0.004272116348147392,0.9991886019706726,0.5518840551376343,0.5306084752082825,-0.5441287755966187,0.9665576219558716,0.9999362230300903,0.5541563630104065,0.515325665473938,0.2063913196325302,0.008702867664396763,0.9994574189186096,0.5119045972824097,0.5383241176605225,-0.6041136384010315,0.9347054958343506,0.9997430443763733,0.5225540399551392,0.5168691277503967,0.19540458917617798,0.013727676123380661,0.9991061091423035,0.5041546821594238,0.5339958667755127,-0.5989751815795898,0.9307937026023865,0.9997015595436096,0.517204999923706,0.5160940289497375,0.1457703709602356,0.01442861370742321,0.9988980293273926,0.5175821185112,0.5299997925758362,-0.539472222328186,0.8749167323112488,0.9998307228088379,0.5288074016571045,0.5149745345115662,0.17861320078372955,0.014586911536753178,0.9992899894714355,0.5562706589698792,0.5127508640289307,-0.17403186857700348,0.9999818205833435,0.9999984502792358,0.5534439086914062,0.5047783851623535,0.17394596338272095,0.9999412894248962,0.999994158744812,0.3712005019187927,0.47976869344711304,-0.1620008498430252,0.8845637440681458,0.9999417066574097,0.3682315945625305,0.49463024735450745,0.19162456691265106,0.14135538041591644,0.9998964071273804,0.17057815194129944,0.5094432234764099,-0.01478569395840168,0.9427065253257751,0.9998289346694946,0.17368187010288239,0.5122659206390381,0.2858628034591675,0.44213223457336426,0.9997702240943909,0.1517842710018158,0.5238158106803894,-0.00860846508294344,0.7986282706260681,0.9994457364082336,0.14923417568206787,0.5265881419181824,0.2881845235824585,0.42867493629455566,0.999625563621521,0.08792120963335037,0.48352673649787903,-0.14716865122318268,0.9339941143989563,0.9989219903945923,0.09645356982946396,0.48471328616142273,0.15851622819900513,0.6029577255249023,0.9986900687217712,0.5293616414070129,0.005545830726623513,high,0.5288581281900406,0.0022699862718582597,high,False,False,False,False
39,1301,0,False,0.866184651851654,0.4598848521709442,-0.13361281156539917,0.9989266991615295,0.9999263286590576,0.8832837343215942,0.4639689028263092,-0.1665228009223938,0.9990453720092773,0.9999650716781616,0.8856528997421265,0.4664781987667084,-0.16690568625926971,0.9991225004196167,0.999976634979248,0.8879352807998657,0.46866926550865173,-0.1668972223997116,0.9994441866874695,0.9999772310256958,0.8819484114646912,0.4623655676841736,-0.10887308418750763,0.9987728595733643,0.9999171495437622,0.8830505609512329,0.4636259377002716,-0.10933640599250793,0.998791515827179,0.9999209642410278,0.8844700455665588,0.46488162875175476,-0.10947856307029724,0.9989674687385559,0.9998948574066162,0.8892979025840759,0.4805489778518677,-0.23859676718711853,0.999686598777771,0.9999847412109375,0.8860943913459778,0.47656571865081787,0.022796934470534325,0.9971892237663269,0.9998660087585449,0.8525816202163696,0.46926239132881165,-0.1500212699174881,0.9990459680557251,0.9999676942825317,0.8506277799606323,0.46733182668685913,-0.07745130360126495,0.9977972507476807,0.9998311996459961,0.8130661249160767,0.510824978351593,-0.3553082048892975,0.999993085861206,0.9999974966049194,0.7846794724464417,0.495956689119339,0.2345612496137619,0.9992092251777649,0.9998077750205994,0.6844368577003479,0.5288382768630981,-0.4850572943687439,0.9930983185768127,0.9999580383300781,0.660841703414917,0.5118200778961182,0.32098230719566345,0.004333765711635351,0.9993937015533447,0.5518543720245361,0.5306105613708496,-0.5499230027198792,0.9658060669898987,0.9999493360519409,0.5536062121391296,0.5153478384017944,0.2017628401517868,0.0086422273889184,0.999607503414154,0.5119084119796753,0.5383284091949463,-0.6117600798606873,0.933403730392456,0.999803364276886,0.5216649174690247,0.5168025493621826,0.1905166059732437,0.01367119699716568,0.9993842840194702,0.5040083527565002,0.5339565277099609,-0.6064077615737915,0.9293165802955627,0.9997679591178894,0.5158548355102539,0.5159606337547302,0.14012250304222107,0.014346400275826454,0.9992284774780273,0.5174874067306519,0.5299828052520752,-0.5455203056335449,0.8726595640182495,0.9998663663864136,0.5275395512580872,0.5149626135826111,0.17363128066062927,0.014517129398882389,0.9994969367980957,0.5543332099914551,0.5128381252288818,-0.17692361772060394,0.9999828934669495,0.9999992847442627,0.5522453188896179,0.5053878426551819,0.17682071030139923,0.9999448657035828,0.9999973773956299,0.37166622281074524,0.4733557105064392,-0.19361548125743866,0.8903471231460571,0.9999748468399048,0.36692214012145996,0.4946589171886444,0.19224588572978973,0.15350186824798584,0.9999572038650513,0.17582854628562927,0.5067774057388306,-0.029242614284157753,0.9441836476325989,0.9999380111694336,0.17257632315158844,0.5117331147193909,0.2838948369026184,0.4650920629501343,0.9998997449874878,0.15788602828979492,0.5215685367584229,-0.021013647317886353,0.8051500916481018,0.9998008608818054,0.14771679043769836,0.5260254144668579,0.28783413767814636,0.4479101002216339,0.9998329877853394,0.08980048447847366,0.48353177309036255,-0.15228822827339172,0.936209499835968,0.9995156526565552,0.09643548727035522,0.48443862795829773,0.15275175869464874,0.6211647391319275,0.9993172883987427,0.5293616414070129,0.007793104648590066,high,0.5288581281900406,0.0028327137231827226,high,False,False,False,False
40,1334,0,False,0.8660628795623779,0.4598850905895233,-0.13859762251377106,0.9989999532699585,0.9999208450317383,0.8828720450401306,0.46396157145500183,-0.17201584577560425,0.9991083145141602,0.99996018409729,0.8849602341651917,0.46647629141807556,-0.17239409685134888,0.9991825819015503,0.9999748468399048,0.8870348930358887,0.4686669409275055,-0.17240478098392487,0.9994813799858093,0.9999765157699585,0.8816913366317749,0.46227481961250305,-0.11508119851350784,0.9988463521003723,0.9998953342437744,0.8826769590377808,0.46345987915992737,-0.11553365737199783,0.9988642334938049,0.9998970031738281,0.8840211033821106,0.4646500051021576,-0.11566130071878433,0.9990266561508179,0.9998596906661987,0.8876752257347107,0.4805702865123749,-0.2422930896282196,0.9997085332870483,0.9999867677688599,0.8847405910491943,0.47655758261680603,0.01705491729080677,0.9973482489585876,0.9998288154602051,0.8525843024253845,0.4692672789096832,-0.1539449244737625,0.9991068243980408,0.9999737739562988,0.85062175989151,0.46733343601226807,-0.08215855062007904,0.9979167580604553,0.99983811378479,0.8130205869674683,0.5107579827308655,-0.356372594833374,0.9999934434890747,0.9999984502792358,0.7848845720291138,0.4959550201892853,0.23343844711780548,0.9992395043373108,0.999818742275238,0.684021532535553,0.5287874937057495,-0.49890780448913574,0.9930991530418396,0.9999654293060303,0.6621097326278687,0.5115904211997986,0.3185485601425171,0.004288047086447477,0.9993036985397339,0.5518559813499451,0.530597984790802,-0.5898818969726562,0.9651728868484497,0.9999513626098633,0.553978443145752,0.5152924060821533,0.19888408482074738,0.008272955194115639,0.9993701577186584,0.5120124220848083,0.5383303761482239,-0.6571096777915955,0.9326398968696594,0.9998176693916321,0.5221389532089233,0.5166712403297424,0.18819056451320648,0.013175992295145988,0.9990990161895752,0.5040104985237122,0.533926248550415,-0.6505401134490967,0.9284069538116455,0.9997840523719788,0.5162494778633118,0.5155119299888611,0.13813243806362152,0.013804354704916477,0.9988692402839661,0.5175038576126099,0.5299428105354309,-0.5860225558280945,0.870965838432312,0.9998724460601807,0.5277583599090576,0.5146189332008362,0.17087405920028687,0.014008485712110996,0.999241828918457,0.5534506440162659,0.5130375027656555,-0.17745831608772278,0.999984085559845,0.9999995231628418,0.5511133074760437,0.5057775378227234,0.17734411358833313,0.9999486804008484,0.9999979734420776,0.3757283687591553,0.4671398401260376,-0.22334085404872894,0.8975217342376709,0.9999849796295166,0.36540576815605164,0.49483588337898254,0.19792111217975616,0.17372120916843414,0.9999649524688721,0.184523805975914,0.5041356682777405,-0.0596320815384388,0.9467076659202576,0.9999626874923706,0.17069871723651886,0.5106647610664368,0.2795289158821106,0.49601975083351135,0.9999047517776489,0.16695967316627502,0.519198477268219,-0.05078345164656639,0.814322829246521,0.9998738765716553,0.14499880373477936,0.5251258015632629,0.2796105444431305,0.47339579463005066,0.9998433589935303,0.09449257701635361,0.48355832695961,-0.17100150883197784,0.9395430088043213,0.9996176958084106,0.09625638276338577,0.4837336540222168,0.14967842400074005,0.6439489722251892,0.9992315769195557,0.5293616414070129,0.010163164138793923,high,0.5288581281900406,0.0037323266267776933,high,False,False,False,False
41,1367,0,False,0.8659502863883972,0.45985931158065796,-0.1627589613199234,0.9990610480308533,0.9999020099639893,0.882837176322937,0.463962197303772,-0.1966809332370758,0.9991587400436401,0.9999526739120483,0.8847771883010864,0.4664793014526367,-0.1970709264278412,0.9992321133613586,0.9999704360961914,0.8866881728172302,0.46866950392723083,-0.19709637761116028,0.9995118975639343,0.9999724626541138,0.8816885948181152,0.4622316062450409,-0.13982297480106354,0.9989018440246582,0.9998738765716553,0.882632851600647,0.4633701741695404,-0.14028139412403107,0.9989204406738281,0.9998761415481567,0.883902370929718,0.46450430154800415,-0.14042682945728302,0.9990710616111755,0.9998303651809692,0.8870440721511841,0.4805852770805359,-0.2654802203178406,0.9997273683547974,0.9999842643737793,0.8842273354530334,0.4765388071537018,-0.00597451301291585,0.9974660277366638,0.9997950196266174,0.852482795715332,0.46922871470451355,-0.17692837119102478,0.9991553425788879,0.999968409538269,0.8505702018737793,0.4672161042690277,-0.1053425595164299,0.9980046153068542,0.9998050332069397,0.812712550163269,0.5107652544975281,-0.3708839416503906,0.9999937415122986,0.9999984502792358,0.7849759459495544,0.4959910809993744,0.2219906598329544,0.999263346195221,0.9998071789741516,0.6818248629570007,0.5288001894950867,-0.496147096157074,0.9932419061660767,0.9999680519104004,0.6617230772972107,0.5114641785621643,0.2985241413116455,0.004220092669129372,0.9991869330406189,0.5501680970191956,0.5306191444396973,-0.5709922909736633,0.9651771187782288,0.9999481439590454,0.5541185140609741,0.5150845050811768,0.16917826235294342,0.007892075926065445,0.9991683959960938,0.5114116668701172,0.5383262038230896,-0.6333749890327454,0.932448148727417,0.9998037219047546,0.5223962068557739,0.5158048868179321,0.16005080938339233,0.012655560858547688,0.9988929629325867,0.5029773116111755,0.5338518023490906,-0.6277270913124084,0.928165853023529,0.9997554421424866,0.516663134098053,0.5140108466148376,0.1105157807469368,0.013240434229373932,0.998561441898346,0.5165944695472717,0.5299159288406372,-0.5666353702545166,0.8708796501159668,0.9998557567596436,0.5279589891433716,0.5134699940681458,0.1413169652223587,0.01348881609737873,0.9990170001983643,0.5530771017074585,0.5131171941757202,-0.17795030772686005,0.9999850988388062,0.9999994039535522,0.5507978200912476,0.5059613585472107,0.17783239483833313,0.9999520778656006,0.999997615814209,0.38152217864990234,0.46244779229164124,-0.24368175864219666,0.9051191806793213,0.9999868869781494,0.3646652400493622,0.49733301997184753,0.1966027170419693,0.2001662701368332,0.9999709129333496,0.19200892746448517,0.5030075311660767,-0.05894706770777702,0.9491861462593079,0.999966025352478,0.16765983402729034,0.5105662941932678,0.2664100229740143,0.5300776958465576,0.9999008178710938,0.1765749305486679,0.5178275108337402,-0.04855683818459511,0.8223733305931091,0.999890923500061,0.13899114727973938,0.5250397324562073,0.26430171728134155,0.5011394023895264,0.9998350143432617,0.10014697909355164,0.4835597276687622,-0.16832782328128815,0.9426029324531555,0.9996674060821533,0.09620200842618942,0.4829968512058258,0.14802420139312744,0.6681231260299683,0.999218225479126,0.5293616414070129,0.011534130573272683,high,0.5288581281900406,0.0038183957338333574,high,False,False,False,False
42,1401,0,False,0.8657468557357788,0.45967167615890503,-0.12973222136497498,0.99909907579422,0.9998760223388672,0.8827721476554871,0.46361127495765686,-0.1641322672367096,0.9991852045059204,0.9999371767044067,0.8846848011016846,0.46619755029678345,-0.16451162099838257,0.999261200428009,0.99996018409729,0.886536717414856,0.46842581033706665,-0.16455303132534027,0.9995290040969849,0.9999631643295288,0.8816067576408386,0.4620268642902374,-0.10592741519212723,0.9989282488822937,0.9998464584350586,0.8824812769889832,0.4632393717765808,-0.10638897120952606,0.9989510774612427,0.9998555183410645,0.8836086988449097,0.46444499492645264,-0.10654425621032715,0.999096155166626,0.999811589717865,0.886978805065155,0.48038777709007263,-0.24005593359470367,0.9997396469116211,0.9999790191650391,0.884101152420044,0.4764713943004608,0.025456581264734268,0.9975364208221436,0.999782145023346,0.852284848690033,0.4691181480884552,-0.14702631533145905,0.9991874098777771,0.9999645948410034,0.8502002954483032,0.46717745065689087,-0.07376443594694138,0.9980594515800476,0.9998030066490173,0.8123020529747009,0.5106594562530518,-0.3571970462799072,0.9999939799308777,0.9999985694885254,0.7849752902984619,0.4960402250289917,0.2484332025051117,0.999289333820343,0.999859094619751,0.6807927489280701,0.5291141867637634,-0.4762647747993469,0.9934282302856445,0.9999725818634033,0.661038339138031,0.5115627646446228,0.32034388184547424,0.004228236153721809,0.9994683861732483,0.5498775839805603,0.5306528806686401,-0.5271168947219849,0.9649403095245361,0.999953031539917,0.5541516542434692,0.5150766968727112,0.18007031083106995,0.007641300559043884,0.9994671940803528,0.5113925337791443,0.5382816791534424,-0.5861856341362,0.9320226311683655,0.9998314380645752,0.5224738121032715,0.5155306458473206,0.17144989967346191,0.012342466972768307,0.9992918968200684,0.5029273629188538,0.5337323546409607,-0.5803016424179077,0.9276055097579956,0.9997863173484802,0.5168853402137756,0.5138360857963562,0.12235693633556366,0.012893103994429111,0.9990649819374084,0.5165694355964661,0.5298780798912048,-0.5220052003860474,0.8702864050865173,0.9998703002929688,0.5281702280044556,0.5132737755775452,0.15211065113544464,0.013193320482969284,0.9993550181388855,0.5528637766838074,0.5132095813751221,-0.1807895302772522,0.9999861121177673,0.9999995231628418,0.550139844417572,0.5059247612953186,0.1806691586971283,0.999955415725708,0.9999979734420776,0.38701802492141724,0.45719805359840393,-0.26018068194389343,0.9128115177154541,0.9999873638153076,0.3587420880794525,0.49916011095046997,0.18805944919586182,0.2270418256521225,0.9999750852584839,0.19658243656158447,0.501986563205719,-0.07503665238618851,0.9521324038505554,0.9999697208404541,0.16531746089458466,0.5095659494400024,0.2449655383825302,0.561840832233429,0.9999078512191772,0.18241280317306519,0.517072856426239,-0.06368723511695862,0.8310168385505676,0.9999070167541504,0.13717679679393768,0.5246355533599854,0.24268899857997894,0.5268394351005554,0.999850869178772,0.10415519773960114,0.4832819700241089,-0.1742645651102066,0.9460572004318237,0.9997164607048035,0.09618020057678223,0.48172906041145325,0.1321122944355011,0.6907629370689392,0.9992803931236267,0.5293616414070129,0.012288784980773904,high,0.5288581281900406,0.004222574830055281,high,False,False,False,False
43,1434,0,False,0.8657378554344177,0.4595557153224945,-0.1045754998922348,0.9991338849067688,0.9998712539672852,0.8827646374702454,0.463298499584198,-0.13797491788864136,0.9992101192474365,0.9999277591705322,0.8846447467803955,0.4659497141838074,-0.13833245635032654,0.9992865920066833,0.9999526739120483,0.8864737153053284,0.46822458505630493,-0.1383567601442337,0.9995433688163757,0.9999550580978394,0.8816112279891968,0.46178919076919556,-0.08026541769504547,0.9989570379257202,0.9998345375061035,0.882481575012207,0.4629577696323395,-0.08072280883789062,0.9989827275276184,0.9998468160629272,0.8836034536361694,0.4642011523246765,-0.08086450397968292,0.9991235733032227,0.9998031258583069,0.886642575263977,0.4803776443004608,-0.2126343846321106,0.9997498393058777,0.9999748468399048,0.8838281631469727,0.47647273540496826,0.05047706142067909,0.9976252913475037,0.999779999256134,0.8522919416427612,0.4689589738845825,-0.12183452397584915,0.999215304851532,0.9999595880508423,0.850199818611145,0.4670802652835846,-0.04923960193991661,0.998114287853241,0.9997901320457458,0.8122197985649109,0.5105640888214111,-0.33209511637687683,0.9999940991401672,0.9999978542327881,0.7849842309951782,0.4960404336452484,0.26331833004951477,0.9993095993995667,0.9998440742492676,0.6806418895721436,0.5288863778114319,-0.4677440822124481,0.9934678077697754,0.9999604225158691,0.6607180833816528,0.5115753412246704,0.33745235204696655,0.004313227254897356,0.9994744658470154,0.5498854517936707,0.5306656956672668,-0.5303371548652649,0.9638957381248474,0.9999431371688843,0.5540634393692017,0.5150765776634216,0.2058117687702179,0.007585133891552687,0.9995561242103577,0.5113959908485413,0.5382564067840576,-0.5903372168540955,0.9308027029037476,0.9998044371604919,0.5224133133888245,0.5156119465827942,0.1963280439376831,0.01232726126909256,0.9993742108345032,0.5026981234550476,0.5337308049201965,-0.5849733352661133,0.9262081384658813,0.9997656941413879,0.5165588855743408,0.5139615535736084,0.1486024707555771,0.012853224761784077,0.9992087483406067,0.5163889527320862,0.5298821330070496,-0.5256134867668152,0.8681319355964661,0.9998562335968018,0.528123676776886,0.5132912993431091,0.17863237857818604,0.013187751173973083,0.9994662404060364,0.552112340927124,0.5133588314056396,-0.18117816746234894,0.9999868869781494,0.9999992847442627,0.5486055016517639,0.5057616829872131,0.18105505406856537,0.9999580979347229,0.999997615814209,0.39134329557418823,0.45242202281951904,-0.265731543302536,0.9190956950187683,0.9999809265136719,0.3552081882953644,0.4991459548473358,0.17827892303466797,0.24064019322395325,0.9999613761901855,0.19787399470806122,0.5010166168212891,-0.09141508489847183,0.9542900919914246,0.9999629259109497,0.16412927210330963,0.5094354748725891,0.24029698967933655,0.5823054909706116,0.9998759031295776,0.18335223197937012,0.5158764719963074,-0.08050348609685898,0.8382096886634827,0.9998854398727417,0.13665302097797394,0.5245338082313538,0.23905272781848907,0.5423921942710876,0.9998100399971008,0.10489300638437271,0.4822469651699066,-0.18704737722873688,0.9487998485565186,0.9996569156646729,0.09634153544902802,0.48093926906585693,0.1314874142408371,0.7059240341186523,0.9991200566291809,0.5293616414070129,0.013485169410705544,high,0.5288581281900406,0.004324319958686873,high,False,False,False,False
44,1468,0,False,0.8657380938529968,0.45944449305534363,-0.0681370422244072,0.999161958694458,0.9998828172683716,0.8827638626098633,0.4632459282875061,-0.10088656842708588,0.9992267489433289,0.9999346733093262,0.8846021294593811,0.46589967608451843,-0.10123737901449203,0.9993051290512085,0.9999572038650513,0.886364221572876,0.46817606687545776,-0.10125546157360077,0.999553918838501,0.9999597072601318,0.8816217184066772,0.4617432951927185,-0.043990492820739746,0.9989760518074036,0.9998574256896973,0.8824845552444458,0.4629347026348114,-0.04445047676563263,0.9990070462226868,0.9998708963394165,0.8836017847061157,0.46419432759284973,-0.044593360275030136,0.9991468191146851,0.9998389482498169,0.8864144682884216,0.4803761839866638,-0.178305983543396,0.9997578263282776,0.9999771118164062,0.8836954832077026,0.4764725863933563,0.08081209659576416,0.9977001547813416,0.9998216032981873,0.8522891998291016,0.4688378870487213,-0.08683640509843826,0.9992391467094421,0.9999644756317139,0.8502155542373657,0.4669972360134125,-0.015413759276270866,0.9981653094291687,0.9998249411582947,0.8119621276855469,0.5105350017547607,-0.3008890450000763,0.9999942779541016,0.9999983310699463,0.7848742604255676,0.49604305624961853,0.28308799862861633,0.9993355870246887,0.9998854398727417,0.6799794435501099,0.5288728475570679,-0.4283742308616638,0.9935921430587769,0.9999724626541138,0.6603344678878784,0.5115307569503784,0.3539200723171234,0.004556301981210709,0.9996145963668823,0.5498575568199158,0.5306681394577026,-0.4846455454826355,0.9641867876052856,0.9999654293060303,0.5539414286613464,0.5151558518409729,0.22280342876911163,0.007784778717905283,0.9997074007987976,0.5114657282829285,0.5382178425788879,-0.5427101254463196,0.9316279292106628,0.9998776912689209,0.522360622882843,0.5159226655960083,0.21327200531959534,0.01268007792532444,0.9995777010917664,0.5026684403419495,0.5337162613868713,-0.5357033610343933,0.9269974827766418,0.9998501539230347,0.516216516494751,0.5143395066261292,0.166558176279068,0.01320237573236227,0.9994639754295349,0.5163252353668213,0.5298779606819153,-0.47929129004478455,0.8696559071540833,0.9999076128005981,0.5280775427818298,0.5134109258651733,0.1960536539554596,0.013561964966356754,0.9996399879455566,0.5522104501724243,0.5133257508277893,-0.18068143725395203,0.9999876618385315,0.9999995231628418,0.5486042499542236,0.505627453327179,0.18055158853530884,0.9999607801437378,0.9999982118606567,0.39541885256767273,0.44838035106658936,-0.27204135060310364,0.9251259565353394,0.9999867677688599,0.35536131262779236,0.49933114647865295,0.16915346682071686,0.25460875034332275,0.9999732971191406,0.20334996283054352,0.4990043342113495,-0.09522602707147598,0.9563691020011902,0.999975323677063,0.16435004770755768,0.5094763040542603,0.23282013833522797,0.6018027663230896,0.9999110698699951,0.1919833868741989,0.5135562419891357,-0.08367268741130829,0.844815731048584,0.9999270439147949,0.13746924698352814,0.5245450735092163,0.23203331232070923,0.5550866723060608,0.9998676776885986,0.10772766172885895,0.4819100797176361,-0.1876552402973175,0.9515160322189331,0.99978107213974,0.09754785895347595,0.48096755146980286,0.12752217054367065,0.7205519676208496,0.999408483505249,0.5293616414070129,0.015805399417877175,high,0.5288581281900406,0.004313054680824324,high,False,False,False,False
45,1501,0,False,0.8655944466590881,0.45929038524627686,-0.05372083932161331,0.9991909861564636,0.9998797178268433,0.8826406002044678,0.46304264664649963,-0.08595315366983414,0.9992474913597107,0.9999333620071411,0.8844524025917053,0.46569928526878357,-0.08629506826400757,0.9993263483047485,0.9999563694000244,0.8861759901046753,0.4679756462574005,-0.0863184854388237,0.9995662569999695,0.9999587535858154,0.8814657926559448,0.46161994338035583,-0.029118860140442848,0.9990012049674988,0.9998537302017212,0.8822228312492371,0.4628527760505676,-0.029572295024991035,0.9990348815917969,0.9998669624328613,0.8831502795219421,0.46414998173713684,-0.029713299125432968,0.9991723299026489,0.9998321533203125,0.8863469362258911,0.4801267087459564,-0.16357769072055817,0.999767005443573,0.9999768733978271,0.8834474086761475,0.4763645827770233,0.09506098181009293,0.997783899307251,0.9998155236244202,0.8520971536636353,0.46876928210258484,-0.07277907431125641,0.9992652535438538,0.999963641166687,0.8497805595397949,0.46698057651519775,-0.0014459266094490886,0.9982211589813232,0.9998204112052917,0.812003493309021,0.5102747678756714,-0.29191702604293823,0.9999944567680359,0.9999982118606567,0.7848276495933533,0.4960075914859772,0.2983844578266144,0.9993559718132019,0.9998780488967896,0.6800658106803894,0.5287362337112427,-0.42184901237487793,0.9937455058097839,0.9999692440032959,0.6597805023193359,0.5114383697509766,0.3689853549003601,0.0046733468770980835,0.9995430707931519,0.5496761798858643,0.5305845141410828,-0.47777873277664185,0.964245617389679,0.9999489784240723,0.553895890712738,0.5152643918991089,0.2384551465511322,0.007772358600050211,0.999570906162262,0.5114706158638,0.5378863215446472,-0.5358474254608154,0.9319760799407959,0.999821126461029,0.5221897959709167,0.5161336660385132,0.22987931966781616,0.01270743366330862,0.9993972778320312,0.5026884078979492,0.5334100127220154,-0.5280411839485168,0.9272428750991821,0.9997766613960266,0.5161900520324707,0.5149276852607727,0.18337878584861755,0.013203995302319527,0.9992238283157349,0.5163233280181885,0.5297328233718872,-0.4721401333808899,0.870293915271759,0.9998605251312256,0.5280792713165283,0.5137786865234375,0.21179792284965515,0.013616400770843029,0.9994704127311707,0.5528615117073059,0.5133790969848633,-0.18075889348983765,0.999988317489624,0.9999992847442627,0.5486646294593811,0.5056331157684326,0.18062718212604523,0.9999631643295288,0.999997615814209,0.4011439383029938,0.44451430439949036,-0.27046987414360046,0.9310141801834106,0.9999806880950928,0.3566320836544037,0.49947988986968994,0.15809085965156555,0.27343884110450745,0.9999628067016602,0.21024824678897858,0.49776023626327515,-0.09382820129394531,0.9586644172668457,0.9999629259109497,0.16449794173240662,0.5096765160560608,0.21887372434139252,0.6227081418037415,0.9998660087585449,0.20046274363994598,0.5122205018997192,-0.08193495869636536,0.8516476154327393,0.9998922348022461,0.13820277154445648,0.5247747898101807,0.2181343287229538,0.5697073340415955,0.9997977614402771,0.11022470891475677,0.48147907853126526,-0.18731611967086792,0.9542293548583984,0.9996637105941772,0.09807971864938736,0.4809858500957489,0.11634860932826996,0.7353100776672363,0.999016523361206,0.5293616414070129,0.01714113950729368,high,0.5288581281900406,0.004083338379859969,high,False,False,False,False
46,1534,0,False,0.86465984582901,0.4594224691390991,-0.06095324456691742,0.9992458820343018,0.9999547004699707,0.8820075988769531,0.46329033374786377,-0.09334283322095871,0.9992956519126892,0.999976634979248,0.8840018510818481,0.46580860018730164,-0.0936831533908844,0.9993704557418823,0.999984622001648,0.8857551217079163,0.46804285049438477,-0.093692846596241,0.9995934367179871,0.9999850988388062,0.880611777305603,0.4619320333003998,-0.03600118309259415,0.9990620017051697,0.9999475479125977,0.8815220594406128,0.4631982743740082,-0.036448415368795395,0.99909508228302,0.9999511241912842,0.8825638890266418,0.46447527408599854,-0.0365777388215065,0.9992238283157349,0.9999361038208008,0.8861610889434814,0.48013076186180115,-0.16950727999210358,0.9997819662094116,0.9999903440475464,0.8832639455795288,0.4764743149280548,0.09136900305747986,0.9979221224784851,0.9999226331710815,0.8510470390319824,0.4688025712966919,-0.07926246523857117,0.9993060827255249,0.9999815225601196,0.8488585948944092,0.4670473337173462,-0.007329416461288929,0.9983140826225281,0.9999067783355713,0.8116797804832458,0.5101733803749084,-0.29516562819480896,0.9999946355819702,0.9999986886978149,0.7839769721031189,0.4961359202861786,0.29593467712402344,0.9993852972984314,0.999915361404419,0.6804167032241821,0.5286827683448792,-0.4339636564254761,0.9937134385108948,0.9999711513519287,0.6590684056282043,0.510860800743103,0.3586009740829468,0.004730410408228636,0.9995800852775574,0.5497063398361206,0.5305854678153992,-0.493356317281723,0.9635443091392517,0.9999544620513916,0.5537516474723816,0.5147349834442139,0.2320547103881836,0.007613852620124817,0.9996024966239929,0.511804461479187,0.5378588438034058,-0.5577930808067322,0.9313359260559082,0.9998482465744019,0.522100567817688,0.515370786190033,0.22284546494483948,0.012515999376773834,0.9994825124740601,0.5029171109199524,0.5332926511764526,-0.5443910956382751,0.9263908863067627,0.9998170733451843,0.5161879062652588,0.5141426920890808,0.17260511219501495,0.01298629678785801,0.9993523955345154,0.5164321064949036,0.5296908617019653,-0.48678916692733765,0.8690481185913086,0.9998834133148193,0.5280715823173523,0.5130271315574646,0.20414675772190094,0.013424967415630817,0.9995399713516235,0.552983820438385,0.5133600831031799,-0.18052366375923157,0.9999890923500061,0.9999996423721313,0.5482872128486633,0.5056641101837158,0.18038268387317657,0.9999657273292542,0.9999986886978149,0.40723609924316406,0.44228440523147583,-0.27162593603134155,0.9363934397697449,0.9999923706054688,0.3553820550441742,0.5040565729141235,0.16105106472969055,0.2989759147167206,0.9999861717224121,0.22144460678100586,0.4955293834209442,-0.08529746532440186,0.9606817364692688,0.999984622001648,0.16102294623851776,0.5100204348564148,0.2243335247039795,0.6469190716743469,0.9999381303787231,0.21527142822742462,0.5092337727546692,-0.07685080170631409,0.8583596348762512,0.9999537467956543,0.1373135894536972,0.5247652530670166,0.22332550585269928,0.5899968147277832,0.9999027252197266,0.11950796842575073,0.480638325214386,-0.16200168430805206,0.9567102789878845,0.9998607635498047,0.09976360201835632,0.4808860421180725,0.12580440938472748,0.752358615398407,0.9995658993721008,0.5293616414070129,0.020127868652343728,high,0.5288581281900406,0.004092875123024031,high,False,False,False,False
47,1568,0,False,0.8642861247062683,0.45940303802490234,-0.05597194284200668,0.9992765784263611,0.9998871088027954,0.8814495801925659,0.46315962076187134,-0.08707576990127563,0.9993171691894531,0.9999374151229858,0.8833308219909668,0.4657593369483948,-0.08740895986557007,0.9993942379951477,0.9999607801437378,0.8850511312484741,0.4680188298225403,-0.08743584156036377,0.9996073246002197,0.9999639987945557,0.8802202343940735,0.4617408215999603,-0.0317843072116375,0.9990838170051575,0.9998499155044556,0.8810493350028992,0.4629196524620056,-0.032221801578998566,0.9991188049316406,0.9998595714569092,0.8820813894271851,0.4641703963279724,-0.03235674276947975,0.9992432594299316,0.9998165965080261,0.8853539824485779,0.4801296293735504,-0.16033147275447845,0.9997923374176025,0.9999819993972778,0.8825656175613403,0.47647708654403687,0.09148299694061279,0.9979987740516663,0.9998061060905457,0.850963830947876,0.46880197525024414,-0.07332444190979004,0.9993348717689514,0.9999706745147705,0.848774790763855,0.4670456051826477,-0.004021910484880209,0.9983705282211304,0.9998399019241333,0.8115523457527161,0.5101718902587891,-0.2852676808834076,0.9999948740005493,0.9999988079071045,0.7839725017547607,0.49603918194770813,0.2942124307155609,0.9994015097618103,0.999885082244873,0.6803300380706787,0.528611958026886,-0.4264763295650482,0.9939410090446472,0.9999747276306152,0.6583842039108276,0.5105898976325989,0.35719364881515503,0.004670542664825916,0.9994609951972961,0.5493709444999695,0.5303192734718323,-0.4991844594478607,0.9645823240280151,0.9999610185623169,0.5534682273864746,0.5144875049591064,0.23224973678588867,0.007344177924096584,0.9994364380836487,0.5118078589439392,0.5375459790229797,-0.5619868636131287,0.9334467053413391,0.9998729228973389,0.5221874117851257,0.5148720145225525,0.22346769273281097,0.012146877124905586,0.9993391633033752,0.5027618408203125,0.5330331921577454,-0.5521795749664307,0.9285556077957153,0.9998401403427124,0.5163791179656982,0.5137923359870911,0.17717227339744568,0.012583483010530472,0.9991421699523926,0.5161784291267395,0.5294511318206787,-0.4937301576137543,0.8726332187652588,0.9998987913131714,0.5280689597129822,0.5127236247062683,0.20579122006893158,0.013059716671705246,0.9993821382522583,0.5534487366676331,0.5132239460945129,-0.17928530275821686,0.9999896287918091,0.9999992847442627,0.5487425923347473,0.5055651664733887,0.17914283275604248,0.9999675750732422,0.9999973773956299,0.41336801648139954,0.43808144330978394,-0.2725367844104767,0.9416621327400208,0.9999886751174927,0.3549681603908539,0.5044721364974976,0.15580545365810394,0.32169100642204285,0.9999746084213257,0.2306004762649536,0.49407854676246643,-0.0814991369843483,0.9627454280853271,0.999974250793457,0.15507391095161438,0.5116516947746277,0.2223396897315979,0.6683559417724609,0.9998555183410645,0.22488386929035187,0.507233738899231,-0.07442976534366608,0.8648386597633362,0.9999213218688965,0.1338261514902115,0.5251564383506775,0.2220899909734726,0.6074446439743042,0.9997687935829163,0.12990707159042358,0.47941747307777405,-0.1448090672492981,0.9591766595840454,0.9997739195823669,0.10016926378011703,0.48014551401138306,0.125841423869133,0.767386794090271,0.9990037083625793,0.5293616414070129,0.02212790250778196,high,0.5288581281900406,0.0037016898393631426,high,False,False,False,False
48,1601,0,False,0.8624143600463867,0.4600478410720825,-0.0405295230448246,0.9993177056312561,0.9999376535415649,0.879638671875,0.46379441022872925,-0.07053198665380478,0.9993521571159363,0.9999678134918213,0.8818058967590332,0.46629559993743896,-0.07085711508989334,0.9994270205497742,0.9999784231185913,0.883855938911438,0.46851006150245667,-0.07088340818881989,0.9996268153190613,0.9999791383743286,0.8783120512962341,0.4620671272277832,-0.014737501740455627,0.999129593372345,0.9999326467514038,0.8793221712112427,0.4631700813770294,-0.01517820917069912,0.9991657733917236,0.9999390840530396,0.8805931210517883,0.46431273221969604,-0.01531639602035284,0.9992845058441162,0.9999227523803711,0.8847823739051819,0.4802682101726532,-0.14011143147945404,0.9998037815093994,0.9999867677688599,0.8819425702095032,0.4764846861362457,0.11344949901103973,0.9981141090393066,0.9999078512191772,0.8494551181793213,0.4690808653831482,-0.05687183141708374,0.9993644952774048,0.9999762773513794,0.8472743034362793,0.46718695759773254,0.012929108925163746,0.9984410405158997,0.9998903274536133,0.8102142810821533,0.5101715922355652,-0.27091914415359497,0.9999949932098389,0.9999986886978149,0.7819923758506775,0.4959965646266937,0.3162005543708801,0.999424934387207,0.9999288320541382,0.679032564163208,0.5286106467247009,-0.4017837345600128,0.9942591190338135,0.9999780654907227,0.6570925116539001,0.5104384422302246,0.3750460743904114,0.00497665349394083,0.9997140765190125,0.546812117099762,0.5303100943565369,-0.4589238166809082,0.9658089876174927,0.9999639987945557,0.5515673756599426,0.5144663453102112,0.23840400576591492,0.007713894825428724,0.9997344613075256,0.5104063749313354,0.5374872088432312,-0.5164204239845276,0.9356832504272461,0.9998841285705566,0.5207952260971069,0.5151544809341431,0.2284104973077774,0.012762251310050488,0.9996604919433594,0.5013328790664673,0.5330314040184021,-0.5087935328483582,0.9308953881263733,0.9998496770858765,0.5153438448905945,0.514107882976532,0.1831919550895691,0.013197486288845539,0.9995526671409607,0.5139464735984802,0.5294510722160339,-0.45333391427993774,0.8769762516021729,0.9999021291732788,0.526771605014801,0.5128615498542786,0.21191762387752533,0.01373883057385683,0.9996830224990845,0.5534435510635376,0.5131778717041016,-0.17934072017669678,0.9999901652336121,0.9999994039535522,0.5484785437583923,0.504541277885437,0.17920520901679993,0.9999695420265198,0.9999977350234985,0.4178824722766876,0.4348122477531433,-0.2987869679927826,0.94688880443573,0.999987006187439,0.3530711531639099,0.5041242241859436,0.14365528523921967,0.3502930998802185,0.999975323677063,0.23908329010009766,0.49274787306785583,-0.08696874231100082,0.9651906490325928,0.9999793767929077,0.15281105041503906,0.5116909146308899,0.21996518969535828,0.6903393864631653,0.9998623132705688,0.23330479860305786,0.5060778856277466,-0.07353581488132477,0.8725458383560181,0.9999436140060425,0.1295183300971985,0.5253555178642273,0.22080405056476593,0.6257038116455078,0.9997969269752502,0.13622212409973145,0.47901758551597595,-0.14573906362056732,0.961959958076477,0.9998155236244202,0.09868235886096954,0.47898539900779724,0.1259336620569229,0.7827415466308594,0.9990890026092529,0.5293616414070129,0.023283755779266335,high,0.5288581281900406,0.003502610325813338,high,False,False,False,False
49,1634,0,False,0.8624405860900879,0.45938101410865784,-0.03592231497168541,0.9993043541908264,0.9997382760047913,0.8796594142913818,0.4630376398563385,-0.06628484278917313,0.9993237257003784,0.9998445510864258,0.8817765712738037,0.46559983491897583,-0.06660725921392441,0.9994080066680908,0.9999001026153564,0.8837648630142212,0.4679136872291565,-0.06664993613958359,0.9996108412742615,0.9999070167541504,0.8783478140830994,0.4615602493286133,-0.011759265325963497,0.9990884065628052,0.99967360496521,0.8793076872825623,0.4627498686313629,-0.012196770869195461,0.9991337656974792,0.999713122844696,0.8804534077644348,0.46403512358665466,-0.01234607957303524,0.9992604851722717,0.9996482133865356,0.8846965432167053,0.4799835979938507,-0.1373731642961502,0.9998023509979248,0.999954104423523,0.8818137049674988,0.47630658745765686,0.11095467209815979,0.998111367225647,0.9996510744094849,0.8494711518287659,0.46874135732650757,-0.05261567607522011,0.9993623495101929,0.9999402761459351,0.8472447991371155,0.4669313430786133,0.015596892684698105,0.9984270334243774,0.9997145533561707,0.810230016708374,0.5101640224456787,-0.26538628339767456,0.9999950528144836,0.9999979734420776,0.781467616558075,0.4957641363143921,0.30848565697669983,0.9994316697120667,0.9998685121536255,0.6790527105331421,0.5286042094230652,-0.40771231055259705,0.9944202303886414,0.9999626874923706,0.6559096574783325,0.5102945566177368,0.36808836460113525,0.0050598070956766605,0.9995254278182983,0.545082151889801,0.5302829146385193,-0.4762996435165405,0.9659808278083801,0.9999420642852783,0.5489830374717712,0.5144979953765869,0.23943205177783966,0.007703159470111132,0.9995193481445312,0.5087311267852783,0.5373801589012146,-0.534553050994873,0.9364886283874512,0.9998267292976379,0.5175197124481201,0.5153970122337341,0.2286219298839569,0.012771605513989925,0.9994193315505981,0.4997621774673462,0.5329987406730652,-0.5278652310371399,0.9316936731338501,0.9997804760932922,0.5126839280128479,0.5145531892776489,0.18486066162586212,0.013184829615056515,0.9992478489875793,0.5122894644737244,0.5294414162635803,-0.47099968791007996,0.8784051537513733,0.9998548030853271,0.5247941613197327,0.5131449103355408,0.21377119421958923,0.013742703944444656,0.9994578957557678,0.5531563758850098,0.5131656527519226,-0.1786031275987625,0.9999904632568359,0.9999988079071045,0.5479613542556763,0.5041945576667786,0.1784651130437851,0.9999707937240601,0.9999960660934448,0.4230487644672394,0.4303882420063019,-0.3002479076385498,0.9512683153152466,0.999980092048645,0.34825870394706726,0.504192054271698,0.14294646680355072,0.36522823572158813,0.9999563694000244,0.24546974897384644,0.4921453893184662,-0.08302981406450272,0.9664722084999084,0.9999641180038452,0.1505637913942337,0.5124177932739258,0.2253117859363556,0.7040686011314392,0.9996935129165649,0.24185849726200104,0.5051875710487366,-0.061667751520872116,0.8764888644218445,0.9998981952667236,0.12500566244125366,0.5261195302009583,0.22935757040977478,0.6350585222244263,0.9995555281639099,0.14264830946922302,0.4783210754394531,-0.12046623229980469,0.9635562896728516,0.9997052550315857,0.09519991278648376,0.4783417582511902,0.14782927930355072,0.7917963862419128,0.9981801509857178,0.5293616414070129,0.024174070358276345,high,0.5288581281900406,0.002738597989082381,high,False,False,False,False
50,1668,0,False,0.8617025017738342,0.4602234661579132,-0.017522713169455528,0.9993430376052856,0.9999351501464844,0.8789417147636414,0.4638003706932068,-0.04676906391978264,0.9993565082550049,0.9999649524688721,0.8812204599380493,0.46612587571144104,-0.047088947147130966,0.9994385242462158,0.9999767541885376,0.8832619190216064,0.4683980345726013,-0.04712445288896561,0.9996287226676941,0.9999775886535645,0.8775549530982971,0.46239379048347473,0.007582976948469877,0.9991322159767151,0.99992835521698,0.8786854147911072,0.46348142623901367,0.00715109147131443,0.9991780519485474,0.9999361038208008,0.8799909949302673,0.46464061737060547,0.007016898598521948,0.9992992281913757,0.9999197721481323,0.8844330906867981,0.48013725876808167,-0.11438717693090439,0.9998124241828918,0.9999862909317017,0.8815875053405762,0.47646209597587585,0.13274917006492615,0.9982173442840576,0.9999074935913086,0.8483791947364807,0.46921008825302124,-0.03321506083011627,0.9993894100189209,0.9999772310256958,0.8465410470962524,0.46716660261154175,0.0346396304666996,0.9984927773475647,0.9998947381973267,0.8093976378440857,0.5102062821388245,-0.24829988181591034,0.999995231628418,0.9999988079071045,0.7791394591331482,0.49575504660606384,0.32900792360305786,0.9994542002677917,0.9999359846115112,0.6789283752441406,0.5285233855247498,-0.4059891104698181,0.9945377111434937,0.9999746084213257,0.6551142930984497,0.5096770524978638,0.3799859881401062,0.005135060753673315,0.9997238516807556,0.5451515913009644,0.5302847623825073,-0.47945114970207214,0.966180682182312,0.99996018409729,0.5487632155418396,0.5140157341957092,0.24085436761379242,0.007752593606710434,0.9997438788414001,0.5087074041366577,0.5373848676681519,-0.5452848076820374,0.9374812841415405,0.9998852014541626,0.5170119404792786,0.5150384902954102,0.22875036299228668,0.012918749824166298,0.9997010231018066,0.4995473325252533,0.5330255627632141,-0.5361517667770386,0.9326655268669128,0.9998536109924316,0.5119728446006775,0.5141374468803406,0.18482130765914917,0.01331854797899723,0.9996138215065002,0.512252688407898,0.5294641256332397,-0.4749357998371124,0.8801790475845337,0.9999014139175415,0.5244240164756775,0.5128301978111267,0.21476078033447266,0.013886824250221252,0.9997125267982483,0.552574634552002,0.5130795240402222,-0.17825546860694885,0.9999909400939941,0.9999992847442627,0.546482503414154,0.503947377204895,0.17812031507492065,0.9999724626541138,0.9999978542327881,0.42490074038505554,0.4273083508014679,-0.29041939973831177,0.9553223252296448,0.9999898672103882,0.341752827167511,0.5056132674217224,0.14653657376766205,0.38516661524772644,0.999981164932251,0.2577649652957916,0.4909593164920807,-0.06111479178071022,0.967789351940155,0.9999818801879883,0.14906053245067596,0.5134180188179016,0.23435650765895844,0.7195501327514648,0.9998538494110107,0.25165674090385437,0.504683256149292,-0.03880483657121658,0.8811615705490112,0.9999496936798096,0.12133865058422089,0.5271937847137451,0.2389449179172516,0.6483745574951172,0.9997866749763489,0.15307563543319702,0.4781011939048767,-0.09267447143793106,0.9653135538101196,0.9998648166656494,0.09228914976119995,0.4773767292499542,0.1618354320526123,0.8027823567390442,0.999176561832428,0.5293616414070129,0.024678385257720925,high,0.5288581281900406,0.0016643434762955156,high,False,False,False,False
51,1701,0,False,0.8616712093353271,0.45977646112442017,-0.02313726581633091,0.9993453025817871,0.9998325109481812,0.8789273500442505,0.463472455739975,-0.053175680339336395,0.9993460178375244,0.9998998641967773,0.881135106086731,0.4658738970756531,-0.05350015312433243,0.9994340538978577,0.9999340772628784,0.8830792903900146,0.46810609102249146,-0.05353912338614464,0.9996225833892822,0.999937891960144,0.877530038356781,0.4621488153934479,0.0009284059051424265,0.9991180896759033,0.9998027682304382,0.8785538673400879,0.4633459746837616,0.0004972767201252282,0.9991715550422668,0.9998288154602051,0.8796724677085876,0.46456098556518555,0.0003551107947714627,0.9992968440055847,0.9997933506965637,0.8842352032661438,0.47982674837112427,-0.12415285408496857,0.9998131990432739,0.9999669790267944,0.8812975287437439,0.47622373700141907,0.12255534529685974,0.9982482194900513,0.9997844099998474,0.8483223915100098,0.4690772593021393,-0.03981475159525871,0.9993934035301208,0.9999548196792603,0.8462491631507874,0.46711012721061707,0.027874767780303955,0.9985018372535706,0.9997966885566711,0.8094165325164795,0.5101986527442932,-0.2531580328941345,0.9999952912330627,0.9999982118606567,0.7792612910270691,0.495504766702652,0.31823331117630005,0.9994717836380005,0.9999097585678101,0.6784880757331848,0.5285197496414185,-0.4032343924045563,0.9946286678314209,0.9999668598175049,0.654659628868103,0.5096843838691711,0.3767405152320862,0.005495864897966385,0.9996647834777832,0.5440916419029236,0.5302704572677612,-0.4846850335597992,0.9665122628211975,0.9999566078186035,0.5478323698043823,0.5140213966369629,0.2488434612751007,0.008351960219442844,0.9997499585151672,0.5079882740974426,0.5373058319091797,-0.548124372959137,0.9385398626327515,0.9998775720596313,0.5157604813575745,0.5150551199913025,0.23776677250862122,0.013830295763909817,0.9996953010559082,0.4987545907497406,0.5330296158790588,-0.5400673151016235,0.9337177872657776,0.9998419284820557,0.5101622939109802,0.514229953289032,0.19365209341049194,0.014237744733691216,0.9995986819267273,0.5115935206413269,0.529485285282135,-0.4801631271839142,0.8819432258605957,0.999894380569458,0.5231552124023438,0.5129671096801758,0.22307389974594116,0.014791291207075119,0.9997132420539856,0.5523989796638489,0.5130653977394104,-0.17759065330028534,0.999991238117218,0.999998927116394,0.5463917851448059,0.5038692355155945,0.1774500459432602,0.9999736547470093,0.9999966621398926,0.42931610345840454,0.4258858263492584,-0.29175037145614624,0.9590783715248108,0.9999881982803345,0.33957439661026,0.5058952569961548,0.1466672718524933,0.4021567404270172,0.999975323677063,0.2643100619316101,0.4904879033565521,-0.061019785702228546,0.9695321321487427,0.9999817609786987,0.14777034521102905,0.5150054693222046,0.25388145446777344,0.7346158027648926,0.9998301267623901,0.25625985860824585,0.5042840838432312,-0.0400565043091774,0.8867927193641663,0.9999480247497559,0.12079443782567978,0.5277308225631714,0.25871211290359497,0.660631537437439,0.9997541308403015,0.16058431565761566,0.4784245789051056,-0.1027815043926239,0.9673610925674438,0.9998455047607422,0.09074865281581879,0.4771593511104584,0.17808657884597778,0.8132450580596924,0.998993456363678,0.5293616414070129,0.025077557563781716,high,0.5288581281900406,0.001127305626869246,high,False,False,False,False
52,1735,0,False,0.8601192831993103,0.460889995098114,-0.009903276339173317,0.9993895888328552,0.9999595880508423,0.877437174320221,0.46432924270629883,-0.03889600560069084,0.9993878602981567,0.9999779462814331,0.8797374963760376,0.4665926396846771,-0.03921542316675186,0.9994714260101318,0.9999850988388062,0.8818449974060059,0.4688408076763153,-0.03924473002552986,0.9996457099914551,0.9999855756759644,0.8761418461799622,0.4628795385360718,0.015243057161569595,0.9991746544837952,0.9999563694000244,0.8772631883621216,0.463874876499176,0.014819362200796604,0.9992265701293945,0.9999613761901855,0.8786025643348694,0.46493110060691833,0.01469454076141119,0.9993435144424438,0.9999520778656006,0.8830845952033997,0.4801379144191742,-0.10544988512992859,0.9998252987861633,0.9999909400939941,0.8805087804794312,0.47636398673057556,0.1406959593296051,0.9983694553375244,0.999943733215332,0.8466781377792358,0.46959468722343445,-0.02529628574848175,0.9994286894798279,0.9999847412109375,0.8450587391853333,0.46732789278030396,0.042270541191101074,0.9985889792442322,0.9999327659606934,0.8084683418273926,0.510226845741272,-0.23936790227890015,0.9999954700469971,0.9999991655349731,0.7774860858917236,0.4955025017261505,0.33503416180610657,0.9994989633560181,0.9999558925628662,0.6781420111656189,0.5285247564315796,-0.40163105726242065,0.994801938533783,0.9999788999557495,0.6535950899124146,0.5091291666030884,0.3825781047344208,0.005741636734455824,0.9997798800468445,0.5441287159919739,0.530267596244812,-0.49549368023872375,0.9674226641654968,0.9999710321426392,0.5463942885398865,0.5132806301116943,0.244060680270195,0.008726241067051888,0.9998266100883484,0.5079622268676758,0.5372684001922607,-0.5632962584495544,0.9405876994132996,0.9999191761016846,0.5144063234329224,0.5144263505935669,0.23349440097808838,0.014485293067991734,0.9998008608818054,0.4986410140991211,0.5330298542976379,-0.5548468232154846,0.9358651041984558,0.9998986721038818,0.5085558295249939,0.5137733817100525,0.18853940069675446,0.014903614297509193,0.9997480511665344,0.5115658640861511,0.529483437538147,-0.4915045201778412,0.8855768442153931,0.9999309778213501,0.5215352773666382,0.5125793218612671,0.21798288822174072,0.015436768531799316,0.9998113512992859,0.5523289442062378,0.5129861235618591,-0.1771247833967209,0.9999916553497314,0.9999994039535522,0.5451323986053467,0.5034343600273132,0.17698311805725098,0.9999751448631287,0.9999979734420776,0.43545857071876526,0.42370691895484924,-0.29133355617523193,0.9625502824783325,0.9999923706054688,0.33634617924690247,0.5069046020507812,0.1536279320716858,0.42216673493385315,0.9999842643737793,0.27183619141578674,0.49011939764022827,-0.06332887709140778,0.9711384177207947,0.9999880790710449,0.14734502136707306,0.515102744102478,0.2579452097415924,0.7497446537017822,0.999872088432312,0.26585841178894043,0.5041725635528564,-0.041572678834199905,0.8924077153205872,0.9999662637710571,0.11980611830949783,0.5278778672218323,0.2616666257381439,0.6745292544364929,0.9998133778572083,0.1693185716867447,0.4786359667778015,-0.11046329885721207,0.969329833984375,0.999906063079834,0.0883542075753212,0.47683680057525635,0.1781238615512848,0.8239712119102478,0.9993177652359009,0.5293616414070129,0.025189077854156472,high,0.5288581281900406,0.0009802609682083574,high,False,False,False,False
53,1768,0,False,0.8600724935531616,0.4608621299266815,-0.002148211235180497,0.9994256496429443,0.9999463558197021,0.8774152994155884,0.46431195735931396,-0.031267691403627396,0.999419093132019,0.9999665021896362,0.8797057271003723,0.4665830433368683,-0.031570881605148315,0.9994990825653076,0.9999769926071167,0.8817684650421143,0.4688301384449005,-0.03160519897937775,0.9996625781059265,0.9999772310256958,0.8759781718254089,0.46285930275917053,0.02128068171441555,0.9992170333862305,0.999936580657959,0.8769904971122742,0.46386268734931946,0.020869789645075798,0.9992672801017761,0.9999442100524902,0.8781797885894775,0.4649231731891632,0.020751122385263443,0.9993794560432434,0.9999310970306396,0.8829700946807861,0.4800385534763336,-0.09828754514455795,0.9998341798782349,0.9999860525131226,0.8801752924919128,0.4762946367263794,0.14101707935333252,0.9984676241874695,0.9999203681945801,0.846700131893158,0.46957752108573914,-0.017337918281555176,0.99945467710495,0.9999774694442749,0.8448570966720581,0.4673297107219696,0.048201702535152435,0.998650848865509,0.9999009370803833,0.8084896206855774,0.5101885199546814,-0.22900459170341492,0.9999955892562866,0.9999986886978149,0.7774533629417419,0.49534860253334045,0.3307287096977234,0.9995207786560059,0.9999425411224365,0.6778774857521057,0.5284969806671143,-0.3995136618614197,0.9948077201843262,0.9999709129333496,0.6527448296546936,0.5089733004570007,0.3822367191314697,0.00596839003264904,0.9997660517692566,0.5435881614685059,0.5302392244338989,-0.5036872029304504,0.9676976799964905,0.9999645948410034,0.5444144606590271,0.5130630731582642,0.25255081057548523,0.009378424845635891,0.9998432397842407,0.507445752620697,0.5371686816215515,-0.5716962814331055,0.9416735768318176,0.9999003410339355,0.5126742124557495,0.5142680406570435,0.24110251665115356,0.015471076592803001,0.9998047947883606,0.4981255531311035,0.5330312252044678,-0.5620551705360413,0.9369887113571167,0.999876856803894,0.5070179104804993,0.5136348605155945,0.19741234183311462,0.01589915156364441,0.9997513890266418,0.5111387968063354,0.5294979810714722,-0.49954742193222046,0.8873613476753235,0.999916672706604,0.5200121998786926,0.5125463604927063,0.2269384264945984,0.016374753788113594,0.9998210072517395,0.5521721243858337,0.5129618644714355,-0.17457033693790436,0.9999918341636658,0.9999990463256836,0.5447825193405151,0.5034234523773193,0.1744120717048645,0.9999760985374451,0.9999972581863403,0.4418486952781677,0.4210377335548401,-0.2888205051422119,0.965121865272522,0.9999895095825195,0.3317921459674835,0.5068148970603943,0.16304130852222443,0.4258318543434143,0.9999781847000122,0.2805485129356384,0.4899533987045288,-0.0591094046831131,0.9717665910720825,0.9999866485595703,0.14538653194904327,0.516968846321106,0.2837476134300232,0.75505131483078,0.9998342990875244,0.2745620310306549,0.5044852495193481,-0.03863376006484032,0.8956717252731323,0.999962568283081,0.11911138147115707,0.5283217430114746,0.28972533345222473,0.6778371930122375,0.9997723698616028,0.18096260726451874,0.48139268159866333,-0.09125890582799911,0.9705584645271301,0.9998965263366699,0.08707305788993835,0.4768895208835602,0.2187974452972412,0.8281404376029968,0.9991915822029114,0.5293616414070129,0.024876391887664773,high,0.5288581281900406,0.0005363851785660234,high,False,False,False,False
54,1801,0,False,0.860061526298523,0.46085867285728455,-0.013744086027145386,0.9994639754295349,0.9999582767486572,0.8774372935295105,0.4644566476345062,-0.043802060186862946,0.9994530081748962,0.9999738931655884,0.8797144889831543,0.4666599631309509,-0.044122807681560516,0.9995296001434326,0.9999822378158569,0.881721019744873,0.4688672721385956,-0.044152844697237015,0.9996812343597412,0.999982476234436,0.8760045170783997,0.4630677103996277,0.010735862888395786,0.9992627501487732,0.9999480247497559,0.8770076036453247,0.46406063437461853,0.010300745256245136,0.9993111491203308,0.9999536275863647,0.8781808018684387,0.4650954306125641,0.010169749148190022,0.9994168877601624,0.9999412298202515,0.8827102780342102,0.4800390303134918,-0.11257564276456833,0.9998434782028198,0.9999891519546509,0.8799309134483337,0.47633427381515503,0.13464967906475067,0.9985657930374146,0.9999305009841919,0.8465544581413269,0.4695543348789215,-0.03002246655523777,0.9994813799858093,0.9999814033508301,0.8446534276008606,0.4673309028148651,0.03775191307067871,0.9987144470214844,0.9999164342880249,0.8087199926376343,0.5101763606071472,-0.24089743196964264,0.9999957084655762,0.999998927116394,0.7775106430053711,0.4952206611633301,0.3300478756427765,0.999540388584137,0.9999479055404663,0.6779831051826477,0.5284222960472107,-0.4065059721469879,0.994803786277771,0.999975323677063,0.6527819037437439,0.5085924863815308,0.37659531831741333,0.005948812700808048,0.9997785687446594,0.5442249774932861,0.5299616456031799,-0.5326204299926758,0.9677419662475586,0.9999662637710571,0.5445532202720642,0.5117210745811462,0.24876627326011658,0.009297406300902367,0.999822199344635,0.5074569582939148,0.537006676197052,-0.6005122065544128,0.9423723816871643,0.9999085664749146,0.5127342343330383,0.5123608708381653,0.2373059242963791,0.015384575352072716,0.9997990727424622,0.4981047511100769,0.5329234004020691,-0.5918982625007629,0.9377018213272095,0.9998853206634521,0.507081925868988,0.5118448734283447,0.1931251585483551,0.015795458108186722,0.9997398257255554,0.5111604928970337,0.5293691754341125,-0.5289033055305481,0.888481080532074,0.9999223947525024,0.5201063752174377,0.5111450552940369,0.22290465235710144,0.016271738335490227,0.9998064637184143,0.551963210105896,0.5129473209381104,-0.17273098230361938,0.9999920725822449,0.9999992847442627,0.544102668762207,0.5032514333724976,0.17257192730903625,0.9999771118164062,0.9999978542327881,0.44858518242836,0.4187416136264801,-0.25759726762771606,0.9674928784370422,0.9999943971633911,0.32933756709098816,0.5073077082633972,0.18644174933433533,0.436506450176239,0.9999885559082031,0.2922525703907013,0.49012506008148193,-0.032220419496297836,0.9726492762565613,0.9999908208847046,0.14442680776119232,0.5171411037445068,0.29747819900512695,0.7662580013275146,0.9998908042907715,0.2896442711353302,0.5047038793563843,-0.013651772402226925,0.8998253345489502,0.999972939491272,0.11528453975915909,0.5286858081817627,0.301954448223114,0.6889581680297852,0.9998352527618408,0.19341181218624115,0.4825371503829956,-0.06437396258115768,0.9719687104225159,0.999931812286377,0.08694571256637573,0.47654804587364197,0.225877046585083,0.8362202048301697,0.9994420409202576,0.5293616414070129,0.02465776205062864,high,0.5288581281900406,0.00017232000827793748,high,False,False,False,False
55,1835,0,False,0.8599739074707031,0.4606386721134186,-0.018991651013493538,0.9995037913322449,0.999971866607666,0.8773667812347412,0.4643724858760834,-0.04849832132458687,0.9994900226593018,0.9999814033508301,0.8794577717781067,0.46660348773002625,-0.048813238739967346,0.9995620846748352,0.9999873638153076,0.8812758922576904,0.4687923192977905,-0.048843834549188614,0.9997021555900574,0.9999874830245972,0.8759655356407166,0.46293625235557556,0.0049371011555194855,0.9993125200271606,0.9999635219573975,0.8768685460090637,0.4640029966831207,0.004517359659075737,0.9993579387664795,0.9999674558639526,0.8778662085533142,0.4650586247444153,0.00439245393499732,0.999457061290741,0.9999587535858154,0.8819319605827332,0.4799782931804657,-0.11474668234586716,0.9998536705970764,0.9999923706054688,0.8791276812553406,0.4762590229511261,0.1278073638677597,0.9986668229103088,0.9999518394470215,0.8465531468391418,0.46943095326423645,-0.034279175102710724,0.9995132088661194,0.9999873638153076,0.8445016145706177,0.46728774905204773,0.03227482736110687,0.998791515827179,0.9999428987503052,0.8085200190544128,0.5101237893104553,-0.24187429249286652,0.9999958872795105,0.9999992847442627,0.7774927616119385,0.49479392170906067,0.32508406043052673,0.9995648264884949,0.9999619722366333,0.6776062846183777,0.5283641219139099,-0.4078543484210968,0.994771420955658,0.9999791383743286,0.6524749994277954,0.5077568292617798,0.3712185025215149,0.005937995854765177,0.9998218417167664,0.5439926981925964,0.5296331644058228,-0.5348743796348572,0.967580258846283,0.999972939491272,0.542791485786438,0.5101014375686646,0.24424412846565247,0.009277724660933018,0.9998594522476196,0.50686115026474,0.5367171764373779,-0.6022462248802185,0.9426501393318176,0.9999284744262695,0.5109127759933472,0.5101014375686646,0.23130683600902557,0.015369134955108166,0.9998420476913452,0.4973437786102295,0.5328569412231445,-0.594127357006073,0.9379814863204956,0.9999104738235474,0.5057933926582336,0.5094402432441711,0.18828363716602325,0.015770738944411278,0.9997966885566711,0.5106260776519775,0.529306173324585,-0.5312764644622803,0.8887942433357239,0.9999392032623291,0.5186152458190918,0.5096381902694702,0.21878482401371002,0.016230354085564613,0.9998493194580078,0.5514393448829651,0.5125393867492676,-0.17163647711277008,0.9999923706054688,0.9999994039535522,0.5430989265441895,0.5032373070716858,0.17146854102611542,0.999978244304657,0.9999983310699463,0.4530632197856903,0.4169410765171051,-0.24691274762153625,0.9693993926048279,0.9999953508377075,0.33016839623451233,0.507462739944458,0.1936234086751938,0.4395218789577484,0.9999908208847046,0.3013916611671448,0.4902641475200653,-0.02879597246646881,0.9730268716812134,0.9999934434890747,0.1443028599023819,0.5177384614944458,0.29695841670036316,0.7739104628562927,0.9999103546142578,0.2996439039707184,0.50477534532547,-0.011149412021040916,0.9027512669563293,0.9999810457229614,0.11527722328901291,0.5286774039268494,0.30058351159095764,0.6963586211204529,0.9998655319213867,0.20400889217853546,0.4857628047466278,-0.06061694398522377,0.9730609655380249,0.9999527931213379,0.08696771413087845,0.47657567262649536,0.22443623840808868,0.8424054384231567,0.9995535016059875,0.5293616414070129,0.024586296081542947,high,0.5288581281900406,0.00018072426319126755,high,False,False,False,False
56,1868,0,False,0.8598281741142273,0.4606762230396271,-0.021693117916584015,0.9995466470718384,0.9999854564666748,0.8772838115692139,0.46444255113601685,-0.052075088024139404,0.9995326995849609,0.9999904632568359,0.8792302012443542,0.46668606996536255,-0.05239194259047508,0.999599039554596,0.9999933242797852,0.8810152411460876,0.46895959973335266,-0.052421052008867264,0.9997266530990601,0.9999933242797852,0.8759605884552002,0.4629288613796234,0.0020779662299901247,0.9993698596954346,0.9999808073043823,0.8768280148506165,0.46399614214897156,0.001646395423449576,0.9994114637374878,0.999982476234436,0.8778139352798462,0.4650213420391083,0.0015107248909771442,0.9995022416114807,0.9999771118164062,0.8814311623573303,0.4802262485027313,-0.11290408670902252,0.9998655915260315,0.9999957084655762,0.8785939812660217,0.4762577712535858,0.12442924827337265,0.9987789988517761,0.9999713897705078,0.8465264439582825,0.469458669424057,-0.03763507679104805,0.9995507597923279,0.9999920129776001,0.8444921970367432,0.4672849774360657,0.029573000967502594,0.9988834857940674,0.9999632835388184,0.8085343241691589,0.510100781917572,-0.2321370542049408,0.9999961256980896,0.9999994039535522,0.7773748636245728,0.49433720111846924,0.32063910365104675,0.9995909929275513,0.999969482421875,0.677229642868042,0.527977705001831,-0.4037296772003174,0.994910717010498,0.9999810457229614,0.6524859666824341,0.5069183111190796,0.35875481367111206,0.006175012327730656,0.9998284578323364,0.5441216826438904,0.5295339226722717,-0.5314849019050598,0.9688858985900879,0.9999809265136719,0.542580783367157,0.5091436505317688,0.2311112880706787,0.009751033037900925,0.9998705387115479,0.5066293478012085,0.5366088151931763,-0.5979953408241272,0.9452112317085266,0.9999500513076782,0.5105187892913818,0.5087605118751526,0.21664169430732727,0.01609113998711109,0.9998542070388794,0.4972638189792633,0.5328341722488403,-0.5904773473739624,0.9407781958580017,0.9999384880065918,0.5057141184806824,0.5080531239509583,0.17441938817501068,0.016504507511854172,0.999812662601471,0.510647177696228,0.5292959809303284,-0.5280206203460693,0.8935322761535645,0.9999582767486572,0.5187209248542786,0.5085476040840149,0.2059461772441864,0.016944002360105515,0.9998630285263062,0.5514887571334839,0.5113101005554199,-0.16797494888305664,0.9999926686286926,0.9999994039535522,0.5431109070777893,0.5031611919403076,0.16781200468540192,0.9999793767929077,0.9999982118606567,0.4564313292503357,0.41539958119392395,-0.2441333681344986,0.971670389175415,0.9999961853027344,0.33127856254577637,0.5072461366653442,0.1897779405117035,0.4536696970462799,0.9999912977218628,0.3125748038291931,0.49039098620414734,-0.0323760099709034,0.9744337201118469,0.9999951124191284,0.1446666419506073,0.51799476146698,0.2894193232059479,0.7857744097709656,0.999923586845398,0.3118090331554413,0.5048176050186157,-0.01341421902179718,0.9083536863327026,0.9999852180480957,0.1160079687833786,0.5286346077919006,0.29326331615448,0.7090938091278076,0.9998815059661865,0.21350529789924622,0.48812758922576904,-0.07509978115558624,0.9748326539993286,0.9999591112136841,0.08707375824451447,0.4766024351119995,0.21108396351337433,0.851367712020874,0.9995926022529602,0.5293616414070129,0.024544036388397195,high,0.5288581281900406,0.00022352039813999802,high,False,False,False,False
57,1901,0,False,0.8590397238731384,0.46101734042167664,-0.01891431026160717,0.999580442905426,0.9999797344207764,0.876169741153717,0.46456649899482727,-0.0485316701233387,0.9995648264884949,0.9999874830245972,0.8785191774368286,0.4667644202709198,-0.04884297028183937,0.9996270537376404,0.9999912977218628,0.8805477023124695,0.46900925040245056,-0.048872753977775574,0.9997448921203613,0.9999911785125732,0.8745653033256531,0.463019460439682,0.0049255285412073135,0.9994126558303833,0.9999755620956421,0.8756356835365295,0.4640798270702362,0.004521625116467476,0.9994516372680664,0.9999778270721436,0.8768734335899353,0.46508869528770447,0.004402689635753632,0.9995364546775818,0.9999711513519287,0.8813682794570923,0.4802806079387665,-0.11347853392362595,0.9998742341995239,0.9999938011169434,0.878376841545105,0.47631826996803284,0.12592217326164246,0.9988616108894348,0.9999628067016602,0.8458003997802734,0.469791054725647,-0.034698761999607086,0.9995757937431335,0.9999884366989136,0.8439405560493469,0.46748116612434387,0.031905755400657654,0.9989436864852905,0.9999481439590454,0.808513879776001,0.5100986957550049,-0.2377551943063736,0.9999962449073792,0.9999991655349731,0.7769152522087097,0.49432510137557983,0.31989917159080505,0.999611496925354,0.9999639987945557,0.6771935224533081,0.5279709696769714,-0.40976154804229736,0.9949139952659607,0.999976396560669,0.6523163914680481,0.506801426410675,0.35856330394744873,0.006091930437833071,0.9998120665550232,0.5440590381622314,0.5295093059539795,-0.5331668257713318,0.9686207175254822,0.9999691247940063,0.5427007079124451,0.5082599520683289,0.22461308538913727,0.00967017374932766,0.9998397827148438,0.5064311623573303,0.5363621115684509,-0.5995575785636902,0.9452102780342102,0.9999183416366577,0.5102003812789917,0.5083328485488892,0.2103564441204071,0.016003528609871864,0.9998171925544739,0.4972568154335022,0.5327489972114563,-0.5906311869621277,0.9407154321670532,0.9998975992202759,0.5057615041732788,0.5074590444564819,0.16775783896446228,0.016397783532738686,0.999764621257782,0.5106697678565979,0.5292791724205017,-0.529030978679657,0.8933691382408142,0.9999293088912964,0.5188086032867432,0.507921576499939,0.1989232450723648,0.016866233199834824,0.999825656414032,0.5517576336860657,0.5103785395622253,-0.16822537779808044,0.9999929666519165,0.9999995231628418,0.5431457161903381,0.5031182765960693,0.1680590808391571,0.9999805092811584,0.9999985694885254,0.4612704813480377,0.41436150670051575,-0.23633705079555511,0.9733448028564453,0.9999958276748657,0.33170515298843384,0.507157564163208,0.18973109126091003,0.461868554353714,0.9999929666519165,0.3213839530944824,0.4904874861240387,-0.014151081442832947,0.9748287796974182,0.999994158744812,0.146089106798172,0.5179376602172852,0.28468382358551025,0.7950839996337891,0.9999254941940308,0.3260533809661865,0.5061339139938354,0.004644651897251606,0.9110108017921448,0.9999841451644897,0.11624859273433685,0.5286255478858948,0.288054496049881,0.7196249961853027,0.9998842477798462,0.21999259293079376,0.49214133620262146,-0.03365805000066757,0.9756555557250977,0.9999570846557617,0.0871671587228775,0.47659337520599365,0.20998458564281464,0.8580467104911804,0.9995868802070618,0.5293616414070129,0.023227727413177468,high,0.5288581281900406,0.0002325803041458574,high,False,False,False,False
58,1935,0,False,0.8568808436393738,0.46113815903663635,-0.012188701890408993,0.9996082782745361,0.999974250793457,0.8735542297363281,0.4646160900592804,-0.04133858531713486,0.9995895028114319,0.9999831914901733,0.8760002255439758,0.4668140709400177,-0.04164469987154007,0.9996488094329834,0.999988317489624,0.8783639669418335,0.4690251052379608,-0.041674427688121796,0.9997586607933044,0.9999880790710449,0.871964156627655,0.46303921937942505,0.011766857467591763,0.9994450807571411,0.9999676942825317,0.8729636669158936,0.46411067247390747,0.01137861143797636,0.9994820952415466,0.9999707937240601,0.8742119669914246,0.4651201367378235,0.011260898783802986,0.9995627403259277,0.999962329864502,0.8800530433654785,0.480280339717865,-0.10952702909708023,0.9998805522918701,0.9999918937683105,0.8767717480659485,0.47631749510765076,0.1309071034193039,0.9989255666732788,0.9999525547027588,0.84426349401474,0.4698498845100403,-0.028445620089769363,0.9995936155319214,0.9999855756759644,0.8423535823822021,0.46760234236717224,0.03788250312209129,0.998985767364502,0.9999352693557739,0.8085651993751526,0.5101141929626465,-0.23774996399879456,0.9999963641166687,0.9999990463256836,0.7768660187721252,0.49431222677230835,0.32078760862350464,0.9996296763420105,0.9999591112136841,0.6770384907722473,0.5276835560798645,-0.41099482774734497,0.9947937726974487,0.9999713897705078,0.6522796154022217,0.5058577060699463,0.35864192247390747,0.006000157445669174,0.9997920393943787,0.5432839393615723,0.5293166041374207,-0.5329015254974365,0.9676361083984375,0.9999607801437378,0.5426715016365051,0.5059971809387207,0.22508157789707184,0.009528187103569508,0.9998111128807068,0.5053790211677551,0.5358264446258545,-0.5990612506866455,0.9442492127418518,0.99989914894104,0.5090915560722351,0.5060862898826599,0.2112112045288086,0.01579395681619644,0.9997828602790833,0.4964585602283478,0.5325272679328918,-0.5896252393722534,0.939613401889801,0.9998732805252075,0.5052920579910278,0.5053521394729614,0.16830554604530334,0.016170695424079895,0.9997186064720154,0.510158360004425,0.5292381644248962,-0.5285438299179077,0.8913826942443848,0.999911904335022,0.5183417201042175,0.5063449740409851,0.19933272898197174,0.01667923480272293,0.9997923970222473,0.5520110130310059,0.5096572041511536,-0.16841818392276764,0.9999931454658508,0.9999994039535522,0.5433399081230164,0.5029852986335754,0.16825735569000244,0.9999814033508301,0.9999982118606567,0.46540746092796326,0.4132687747478485,-0.22774368524551392,0.974617600440979,0.9999953508377075,0.33216097950935364,0.5072025656700134,0.19286179542541504,0.46858757734298706,0.9999923706054688,0.33001190423965454,0.4907263219356537,-0.006939802784472704,0.9748141765594482,0.9999929666519165,0.1469118893146515,0.5179137587547302,0.28752627968788147,0.8026229739189148,0.9999082088470459,0.3361414074897766,0.5075443387031555,0.0113697974011302,0.9124808311462402,0.9999808073043823,0.11672104895114899,0.528623104095459,0.29075247049331665,0.7280236482620239,0.9998576641082764,0.22979791462421417,0.4942869246006012,-0.021316183730959892,0.9761030077934265,0.9999492168426514,0.0873190313577652,0.47621217370033264,0.22182950377464294,0.8631659746170044,0.9995075464248657,0.5293616414070129,0.0218173027038574,high,0.5288581281900406,0.0002350240945816484,high,False,False,False,False
59,1968,0,False,0.855338454246521,0.4610932469367981,-0.013125279918313026,0.9996359348297119,0.9999784231185913,0.8720415234565735,0.46445176005363464,-0.04234651103615761,0.9996154308319092,0.9999864101409912,0.8746114373207092,0.46672093868255615,-0.04264884814620018,0.9996718168258667,0.9999908208847046,0.8772158622741699,0.4689213037490845,-0.04266980662941933,0.9997738003730774,0.9999908208847046,0.8704173564910889,0.46283799409866333,0.011372551321983337,0.9994785785675049,0.999971866607666,0.871421217918396,0.4639630615711212,0.010944482870399952,0.9995130300521851,0.9999737739562988,0.8727480173110962,0.4650202989578247,0.010815276764333248,0.9995887279510498,0.9999650716781616,0.8794260621070862,0.480196088552475,-0.11002074182033539,0.9998875856399536,0.9999939203262329,0.8758977055549622,0.4762254059314728,0.1280520111322403,0.9989866018295288,0.9999538660049438,0.8435268998146057,0.4698237180709839,-0.029033824801445007,0.9996131658554077,0.9999878406524658,0.8414156436920166,0.4675964415073395,0.037437185645103455,0.9990277290344238,0.9999395608901978,0.8086182475090027,0.5101019740104675,-0.2413613200187683,0.9999964833259583,0.9999992847442627,0.7764526009559631,0.4942130446434021,0.3185744881629944,0.9996434450149536,0.9999544620513916,0.6771109104156494,0.5275746583938599,-0.42154204845428467,0.9947686791419983,0.9999775886535645,0.6523168683052063,0.5055984854698181,0.35627883672714233,0.0057668182998895645,0.9997826218605042,0.5432782769203186,0.5289667844772339,-0.5395345687866211,0.9673697352409363,0.9999710321426392,0.5431315898895264,0.5042731761932373,0.22540779411792755,0.0091264508664608,0.9997915625572205,0.5052866339683533,0.5351303219795227,-0.6057565808296204,0.9441326856613159,0.9999250173568726,0.5091988444328308,0.5041021704673767,0.21172231435775757,0.01518876850605011,0.9997748732566833,0.49642446637153625,0.5318472385406494,-0.5962597727775574,0.9394738078117371,0.9999045133590698,0.5053120255470276,0.5037139058113098,0.1686812937259674,0.015547817572951317,0.9997038245201111,0.5101457238197327,0.5288214087486267,-0.5351765155792236,0.8909740447998047,0.9999346733093262,0.5186949968338013,0.504561185836792,0.19960054755210876,0.016082892194390297,0.9997790455818176,0.5525656342506409,0.5089663863182068,-0.1687285453081131,0.9999932646751404,0.9999994039535522,0.5434001684188843,0.5027831196784973,0.1685643196105957,0.9999821186065674,0.9999979734420776,0.47073817253112793,0.41213876008987427,-0.21768204867839813,0.9753509163856506,0.9999959468841553,0.3364570140838623,0.507093071937561,0.19452057778835297,0.4679090678691864,0.9999924898147583,0.3386775255203247,0.49087291955947876,-0.0033621564507484436,0.9741113185882568,0.9999929666519165,0.1476779580116272,0.5178586840629578,0.2850772738456726,0.8063786625862122,0.9999020099639893,0.34411755204200745,0.5082604289054871,0.013939054682850838,0.9130613207817078,0.9999804496765137,0.11695343255996704,0.5288949012756348,0.28826582431793213,0.7341152429580688,0.9998422861099243,0.24057625234127045,0.4947955310344696,-0.01815907284617424,0.9761199355125427,0.9999533891677856,0.08813219517469406,0.47583356499671936,0.21764005720615387,0.8662022948265076,0.9995026588439941,0.5293616414070129,0.021101212501525857,high,0.5288581281900406,-3.677308559413284e-05,high,False,False,False,False
60,2001,0,False,0.855381429195404,0.4609476625919342,-0.02003592811524868,0.9996609091758728,0.9999792575836182,0.8721582889556885,0.4642747640609741,-0.04923034831881523,0.9996387958526611,0.9999864101409912,0.8746876120567322,0.46658626198768616,-0.04954054206609726,0.9996926188468933,0.999990701675415,0.8772526979446411,0.468759149312973,-0.049566008150577545,0.9997873902320862,0.9999908208847046,0.8705108165740967,0.462714284658432,0.0028239525854587555,0.9995088577270508,0.9999728202819824,0.8714510798454285,0.46388593316078186,0.0024339223746210337,0.9995415210723877,0.9999750852584839,0.8726727962493896,0.46497246623039246,0.0023192709777504206,0.9996127486228943,0.9999674558639526,0.879391074180603,0.480007529258728,-0.11588268727064133,0.9998939633369446,0.9999940395355225,0.8756899237632751,0.4761466383934021,0.11794920265674591,0.9990442395210266,0.9999582767486572,0.8435493111610413,0.46973487734794617,-0.03508046269416809,0.9996317625045776,0.9999887943267822,0.8413964509963989,0.4675847887992859,0.02965598553419113,0.9990689158439636,0.9999462366104126,0.8086945414543152,0.510065495967865,-0.2419213503599167,0.9999966025352478,0.9999992847442627,0.7764687538146973,0.4940612018108368,0.30848270654678345,0.9996591210365295,0.9999641180038452,0.6769816875457764,0.5274822115898132,-0.421490341424942,0.9947481751441956,0.9999806880950928,0.6523335576057434,0.5052919983863831,0.35519978404045105,0.00564813194796443,0.9998244643211365,0.5421351194381714,0.5288292765617371,-0.538794755935669,0.9674339890480042,0.9999779462814331,0.5430218577384949,0.5040287375450134,0.23317991197109222,0.008950631134212017,0.9998607635498047,0.5044510364532471,0.5348497033119202,-0.6049559712409973,0.9445109367370605,0.9999462366104126,0.5090592503547668,0.503909170627594,0.221855029463768,0.014949600212275982,0.9998553991317749,0.4958564341068268,0.5315739512443542,-0.5960047841072083,0.9398722648620605,0.9999303817749023,0.5053057074546814,0.5030757188796997,0.17758296430110931,0.015298738144338131,0.999805748462677,0.5091485381126404,0.5287145972251892,-0.5346776843070984,0.891423761844635,0.999951958656311,0.5185919404029846,0.5038431882858276,0.20738212764263153,0.015852095559239388,0.9998552799224854,0.55283522605896,0.5085596442222595,-0.16854950785636902,0.9999935030937195,0.9999995231628418,0.5434283018112183,0.5024478435516357,0.16838347911834717,0.9999829530715942,0.9999984502792358,0.4769284427165985,0.4115522801876068,-0.21545171737670898,0.9765059351921082,0.9999974966049194,0.3394778072834015,0.5068429708480835,0.20188312232494354,0.47440388798713684,0.9999951124191284,0.344556987285614,0.49139147996902466,-0.008940504863858223,0.9747034907341003,0.9999963045120239,0.1483117789030075,0.5177650451660156,0.28720206022262573,0.814799964427948,0.9999352693557739,0.35199204087257385,0.5091910362243652,0.007578616496175528,0.9161749482154846,0.99998939037323,0.11702035367488861,0.5289322137832642,0.28936538100242615,0.7441791296005249,0.999893307685852,0.2502804100513458,0.49926987290382385,-0.030155856162309647,0.9770813584327698,0.9999713897705078,0.08851858228445053,0.47533848881721497,0.21818682551383972,0.8723894953727722,0.9996465444564819,0.5293616414070129,0.020170605182647683,high,0.5288581281900406,-7.408559322352737e-05,high,False,False,False,False
61,2035,0,False,0.8553228974342346,0.46079015731811523,-0.019831815734505653,0.9996780753135681,0.9999686479568481,0.8721584677696228,0.4640686810016632,-0.048907581716775894,0.9996530413627625,0.9999791383743286,0.8746594190597534,0.46640369296073914,-0.0492158904671669,0.9997057318687439,0.9999856948852539,0.8771207332611084,0.46852579712867737,-0.0492456778883934,0.9997954964637756,0.9999858140945435,0.870410144329071,0.46263402700424194,0.002582176588475704,0.9995267987251282,0.9999598264694214,0.8712972402572632,0.4638647437095642,0.0021972081158310175,0.9995585680007935,0.9999638795852661,0.8724336624145508,0.46496903896331787,0.0020836421754211187,0.9996277093887329,0.999954104423523,0.8791350722312927,0.4798460602760315,-0.1160479336977005,0.9998977780342102,0.9999911785125732,0.8753812313079834,0.47614532709121704,0.11777529120445251,0.9990835189819336,0.9999432563781738,0.8433653116226196,0.46968433260917664,-0.03500499948859215,0.999642550945282,0.999984860420227,0.8410094976425171,0.46758925914764404,0.029260721057653427,0.9990913271903992,0.9999308586120605,0.808684766292572,0.5099989771842957,-0.2394457459449768,0.9999966621398926,0.9999991655349731,0.7764511108398438,0.4940425753593445,0.3049755096435547,0.9996722936630249,0.9999607801437378,0.6769794821739197,0.527326762676239,-0.4167586863040924,0.9946417808532715,0.9999765157699585,0.6523414850234985,0.5051202178001404,0.35500580072402954,0.005559326149523258,0.9998120665550232,0.542031466960907,0.5286558270454407,-0.5374428629875183,0.9669896960258484,0.9999732971191406,0.5428063869476318,0.5039995908737183,0.24209190905094147,0.008812351152300835,0.9998486042022705,0.5042963624000549,0.5346192717552185,-0.603358268737793,0.9442569017410278,0.9999359846115112,0.5087730288505554,0.5042853355407715,0.23206880688667297,0.01473915670067072,0.9998395442962646,0.49576157331466675,0.5314237475395203,-0.5945708155632019,0.9395776987075806,0.99991774559021,0.5050926208496094,0.5032894015312195,0.18828514218330383,0.015076179057359695,0.9997846484184265,0.5089050531387329,0.528659462928772,-0.5332634449005127,0.8906649351119995,0.9999426603317261,0.5178841352462769,0.5041263699531555,0.21688885986804962,0.01563868671655655,0.9998401403427124,0.5536954998970032,0.508180558681488,-0.1677619218826294,0.9999936819076538,0.9999994039535522,0.5437204837799072,0.5021437406539917,0.16758354008197784,0.9999836683273315,0.9999983310699463,0.4809030592441559,0.4111776649951935,-0.22055715322494507,0.9775943756103516,0.9999969005584717,0.3430880010128021,0.5062141418457031,0.20232146978378296,0.47834986448287964,0.9999938011169434,0.34906721115112305,0.49242374300956726,-0.012309660203754902,0.9752829074859619,0.9999961853027344,0.14853760600090027,0.517624020576477,0.2952842116355896,0.8215402960777283,0.999927282333374,0.3576238751411438,0.5099747776985168,0.004526573698967695,0.9188485145568848,0.9999892711639404,0.1175825446844101,0.5289314389228821,0.2981601357460022,0.7517079710960388,0.9998854398727417,0.2536867558956146,0.5010178685188293,-0.03759264573454857,0.9779472947120667,0.9999692440032959,0.08885736763477325,0.47530511021614075,0.23022116720676422,0.8771494030952454,0.9996047616004944,0.5293616414070129,0.01938686370849607,high,0.5288581281900406,-7.331073284144729e-05,high,False,False,False,False
62,2068,0,False,0.8533878326416016,0.46080443263053894,-0.02077585458755493,0.9996933341026306,0.9999675750732422,0.8704202771186829,0.4640662372112274,-0.04982554540038109,0.9996660947799683,0.9999794960021973,0.8727918267250061,0.4664042890071869,-0.05013861879706383,0.9997179508209229,0.9999861717224121,0.8753697872161865,0.46852409839630127,-0.05017462372779846,0.9998033046722412,0.9999864101409912,0.8688960075378418,0.4626288414001465,0.0012997258454561234,0.999542236328125,0.9999595880508423,0.869773805141449,0.46386441588401794,0.0009209862910211086,0.9995733499526978,0.9999635219573975,0.8709471225738525,0.4649810791015625,0.0008023137343116105,0.9996406435966492,0.9999537467956543,0.878157913684845,0.4798714518547058,-0.11752903461456299,0.9999014139175415,0.9999915361404419,0.8745598196983337,0.47615644335746765,0.11543457210063934,0.9991134405136108,0.9999418258666992,0.8417527079582214,0.4697374105453491,-0.036194659769535065,0.999653160572052,0.9999855756759644,0.8396459817886353,0.4676896631717682,0.027703406289219856,0.9991112351417542,0.9999325275421143,0.8077871799468994,0.5101836919784546,-0.24061515927314758,0.9999967217445374,0.9999992847442627,0.7759414911270142,0.49399280548095703,0.30262550711631775,0.9996848106384277,0.9999630451202393,0.6750435829162598,0.5275262594223022,-0.4089982211589813,0.9946664571762085,0.9999810457229614,0.652405858039856,0.5050842761993408,0.3547581136226654,0.005521615035831928,0.9998226761817932,0.5407127737998962,0.5286558866500854,-0.5183306932449341,0.9672556519508362,0.9999778270721436,0.5427350997924805,0.5041794180870056,0.24142301082611084,0.008731936104595661,0.9998478889465332,0.502781331539154,0.5345813035964966,-0.5824217796325684,0.944929301738739,0.999946117401123,0.5087112784385681,0.5045456886291504,0.2310616821050644,0.01464157272130251,0.9998399019241333,0.49484285712242126,0.5314284563064575,-0.5741647481918335,0.9403130412101746,0.9999293088912964,0.5051131248474121,0.5034806132316589,0.18715311586856842,0.014980914071202278,0.9997822642326355,0.5077810287475586,0.5286568999290466,-0.5141274333000183,0.8917986154556274,0.9999505281448364,0.5179055333137512,0.5043225884437561,0.2160607874393463,0.015571323223412037,0.9998379945755005,0.5538982152938843,0.5080789923667908,-0.16766352951526642,0.9999938011169434,0.9999994039535522,0.5438743233680725,0.5017629861831665,0.16748562455177307,0.9999842643737793,0.9999980926513672,0.4865764379501343,0.4105401635169983,-0.22355373203754425,0.9786438345909119,0.999996542930603,0.34505897760391235,0.50603187084198,0.20124134421348572,0.48383665084838867,0.9999926090240479,0.3557277321815491,0.4926871955394745,-0.014799421653151512,0.9757248759269714,0.9999953508377075,0.14879092574119568,0.5173289775848389,0.3042411208152771,0.8274407386779785,0.9999027252197266,0.36389389634132385,0.5102742314338684,0.0020936981309205294,0.9211283922195435,0.9999876022338867,0.11806914955377579,0.5289289355278015,0.30846813321113586,0.7581477761268616,0.9998527765274048,0.2617679238319397,0.5015106201171875,-0.03435744345188141,0.97866290807724,0.9999626874923706,0.08962881565093994,0.47477656602859497,0.2428610920906067,0.8811973333358765,0.9994955062866211,0.5293616414070129,0.01908740997314451,high,0.5288581281900406,-7.080733776088088e-05,high,False,False,False,False
63,2102,0,False,0.854475736618042,0.4596109986305237,-0.021433869376778603,0.9997050762176514,0.9999610185623169,0.8712347745895386,0.46329882740974426,-0.050513096153736115,0.999675452709198,0.9999735355377197,0.8734416365623474,0.4656311571598053,-0.050826527178287506,0.9997270107269287,0.9999822378158569,0.8757853507995605,0.4678570628166199,-0.050861507654190063,0.999809205532074,0.9999827146530151,0.8695215582847595,0.46207866072654724,0.0008140449644997716,0.9995524883270264,0.9999474287033081,0.8702797293663025,0.4633665084838867,0.00043251109309494495,0.9995827674865723,0.9999529123306274,0.8712763786315918,0.46464112401008606,0.0003137271269224584,0.9996493458747864,0.9999405145645142,0.8783397078514099,0.47964099049568176,-0.11801096796989441,0.9999043345451355,0.9999901056289673,0.8746362924575806,0.47604674100875854,0.11440783739089966,0.9991353154182434,0.9999295473098755,0.8420815467834473,0.4689556956291199,-0.03677299991250038,0.9996629953384399,0.9999849796295166,0.8399121165275574,0.4670511782169342,0.027376623824238777,0.9991283416748047,0.9999291896820068,0.8077239990234375,0.5101807117462158,-0.24147604405879974,0.9999968409538269,0.9999992847442627,0.7759409546852112,0.49348634481430054,0.3009006977081299,0.9996962547302246,0.9999613761901855,0.6750500798225403,0.5275334119796753,-0.4073141813278198,0.9946057200431824,0.9999815225601196,0.6523622870445251,0.5050978064537048,0.355555921792984,0.00545409694314003,0.9998189806938171,0.5404888391494751,0.5284745693206787,-0.5172000527381897,0.9671325087547302,0.9999785423278809,0.5427552461624146,0.5043437480926514,0.24929945170879364,0.008692028000950813,0.9998643398284912,0.502515435218811,0.5343320369720459,-0.5815707445144653,0.9450162053108215,0.9999490976333618,0.5085057020187378,0.5061187744140625,0.2388695925474167,0.014612558297812939,0.999861478805542,0.49475884437561035,0.5311800837516785,-0.5733842253684998,0.9403995275497437,0.9999332427978516,0.5050895810127258,0.5051877498626709,0.19477050006389618,0.014948367141187191,0.9998123049736023,0.5077154636383057,0.528476893901825,-0.5130698084831238,0.8916612863540649,0.9999536275863647,0.5176168084144592,0.505102813243866,0.22399917244911194,0.01553886104375124,0.999860405921936,0.5541664958000183,0.5080775618553162,-0.16767975687980652,0.9999938607215881,0.9999994039535522,0.5441033840179443,0.5015491843223572,0.16749805212020874,0.9999847412109375,0.9999980926513672,0.4920181334018707,0.40893369913101196,-0.2238364815711975,0.979318380355835,0.9999967813491821,0.3470129370689392,0.5049067139625549,0.20165793597698212,0.4849705696105957,0.9999923706054688,0.3623642325401306,0.49280792474746704,-0.014004936441779137,0.9759141802787781,0.9999959468841553,0.14885899424552917,0.5171053409576416,0.31469184160232544,0.8314759731292725,0.9998993873596191,0.36862096190452576,0.5105704665184021,0.0031399321742355824,0.9225397706031799,0.9999889135360718,0.11928099393844604,0.5288504958152771,0.3199783265590668,0.7623375058174133,0.9998487234115601,0.2738043963909149,0.5011812448501587,-0.029803993180394173,0.9791771769523621,0.9999666213989258,0.09044824540615082,0.47464320063591003,0.255874365568161,0.8839573860168457,0.9994781613349915,0.5293616414070129,0.018791174888610818,high,0.5288581281900406,7.632374763533178e-06,high,False,False,False,False
64,2135,0,False,0.8531157970428467,0.45997154712677,-0.01813456416130066,0.9997107982635498,0.9999581575393677,0.8700430989265442,0.4633808135986328,-0.047193024307489395,0.9996774792671204,0.9999731779098511,0.8721108436584473,0.4656640291213989,-0.04751086235046387,0.9997298121452332,0.9999816417694092,0.8744745254516602,0.4678666293621063,-0.04754805564880371,0.9998103380203247,0.9999818801879883,0.8686047196388245,0.46213024854660034,0.00474735489115119,0.9995532035827637,0.9999485015869141,0.8693982362747192,0.46340420842170715,0.00436566723510623,0.9995839595794678,0.9999544620513916,0.8704455494880676,0.4646548628807068,0.004239077214151621,0.9996516704559326,0.9999428987503052,0.8772978782653809,0.47964009642601013,-0.1150001659989357,0.9999038577079773,0.9999881982803345,0.8738873600959778,0.4760456681251526,0.12098152935504913,0.9991359114646912,0.9999295473098755,0.8409780859947205,0.4690433740615845,-0.0336625836789608,0.9996604919433594,0.9999812841415405,0.8390807509422302,0.46714863181114197,0.03126984462141991,0.9991171360015869,0.9999178647994995,0.8066036701202393,0.5101730823516846,-0.24015937745571136,0.9999968409538269,0.9999990463256836,0.7753083109855652,0.49342212080955505,0.3107972741127014,0.9997044205665588,0.9999600648880005,0.6737558245658875,0.527536153793335,-0.40755248069763184,0.9944666028022766,0.9999769926071167,0.6522944569587708,0.5049324035644531,0.36682745814323425,0.005383910145610571,0.9998226761817932,0.5403189659118652,0.528339147567749,-0.5174421072006226,0.9659298062324524,0.999970555305481,0.541861355304718,0.504443347454071,0.25249773263931274,0.008585247211158276,0.9998478889465332,0.5024694800376892,0.5342188477516174,-0.5828136801719666,0.9435409903526306,0.9999310970306396,0.5083501935005188,0.5061669945716858,0.24104078114032745,0.014467671513557434,0.9998409748077393,0.4947577714920044,0.5311130881309509,-0.5741809606552124,0.9388150572776794,0.9999097585678101,0.5050820708274841,0.5056422352790833,0.19653666019439697,0.014795174822211266,0.9997859597206116,0.507713794708252,0.5283823609352112,-0.51323401927948,0.8888894319534302,0.9999361038208008,0.5170872807502747,0.5053433775901794,0.22668148577213287,0.015399000607430935,0.9998397827148438,0.5546538233757019,0.5080325603485107,-0.168611541390419,0.9999939203262329,0.9999992847442627,0.5442824363708496,0.5011812448501587,0.16842474043369293,0.9999852180480957,0.9999980926513672,0.4957227408885956,0.40708038210868835,-0.2229260355234146,0.9798493385314941,0.9999960660934448,0.3485259413719177,0.5040487051010132,0.20067201554775238,0.48778674006462097,0.9999922513961792,0.3662600815296173,0.4927998185157776,-0.014975113794207573,0.9761173725128174,0.9999945163726807,0.14888416230678558,0.5170807838439941,0.3121195435523987,0.8365771770477295,0.9998836517333984,0.37258607149124146,0.5106424689292908,0.0025963266380131245,0.9236243963241577,0.9999853372573853,0.11944334208965302,0.5288694500923157,0.3177587389945984,0.7679771780967712,0.9998201727867126,0.27834010124206543,0.5020991563796997,-0.033945247530937195,0.9795573353767395,0.9999549388885498,0.0905955359339714,0.4744475185871124,0.25357815623283386,0.8871274590492249,0.9993622899055481,0.5293616414070129,0.018719172477722146,high,0.5288581281900406,-1.132190227504104e-05,high,False,False,False,False
65,2168,0,False,0.8525985479354858,0.4600004553794861,-0.015771882608532906,0.9997192025184631,0.9999567270278931,0.8695269823074341,0.4633946120738983,-0.04455194249749184,0.99968421459198,0.9999725818634033,0.8716526031494141,0.4656802713871002,-0.0448669008910656,0.9997361302375793,0.9999814033508301,0.8740593194961548,0.46787115931510925,-0.044906772673130035,0.9998142123222351,0.9999816417694092,0.8680862188339233,0.46213066577911377,0.007403071504086256,0.9995607733726501,0.9999469518661499,0.8688976764678955,0.463407039642334,0.007025374099612236,0.9995905756950378,0.9999529123306274,0.8699713945388794,0.4646570384502411,0.0069007882848382,0.9996582269668579,0.9999406337738037,0.876814603805542,0.47961729764938354,-0.11285324394702911,0.9999054074287415,0.9999886751174927,0.8733899593353271,0.47604453563690186,0.1235453262925148,0.9991511702537537,0.9999288320541382,0.8405468463897705,0.4690501391887665,-0.031669553369283676,0.9996665120124817,0.999982476234436,0.8387200832366943,0.4671652913093567,0.03332192450761795,0.9991285800933838,0.9999212026596069,0.8060656785964966,0.5102129578590393,-0.23971772193908691,0.9999969005584717,0.9999990463256836,0.7748368978500366,0.4934822618961334,0.31342440843582153,0.9997140765190125,0.9999600648880005,0.6733044385910034,0.5275567770004272,-0.4098667800426483,0.9943574666976929,0.9999738931655884,0.6523517966270447,0.5049340724945068,0.3733169734477997,0.005275035742670298,0.9997997879981995,0.5405259132385254,0.5282968282699585,-0.5316739082336426,0.9650331735610962,0.9999613761901855,0.5408558249473572,0.5045130848884583,0.26397818326950073,0.008419575169682503,0.9997929930686951,0.5024843215942383,0.5342153310775757,-0.5994188189506531,0.9425181746482849,0.999907374382019,0.5080745816230774,0.5061799883842468,0.2534785568714142,0.014214381575584412,0.9997734427452087,0.49477216601371765,0.5311269164085388,-0.588894248008728,0.9377123117446899,0.9998788833618164,0.5050846934318542,0.5057299733161926,0.2085629403591156,0.014534512534737587,0.9996919631958008,0.5077698230743408,0.5283586978912354,-0.5271662473678589,0.886881947517395,0.9999144077301025,0.5166761875152588,0.5054219961166382,0.23804403841495514,0.015169916674494743,0.9997723698616028,0.5553334951400757,0.5079905986785889,-0.16881036758422852,0.9999939799308777,0.9999992847442627,0.545095682144165,0.5011444687843323,0.16861753165721893,0.9999856948852539,0.9999978542327881,0.49906688928604126,0.4063611924648285,-0.21777883172035217,0.9802013635635376,0.9999942779541016,0.3506866693496704,0.5039319396018982,0.19988371431827545,0.4926193058490753,0.9999892711639404,0.370478093624115,0.4931802451610565,0.004647104535251856,0.9757392406463623,0.9999923706054688,0.1489446610212326,0.5170405507087708,0.3095256984233856,0.8406864404678345,0.9998319149017334,0.37960219383239746,0.5111070275306702,0.023913981392979622,0.9234887361526489,0.9999810457229614,0.11960991472005844,0.528846025466919,0.31489846110343933,0.7720214128494263,0.9997461438179016,0.2832699418067932,0.5022032260894775,-0.0019439298193901777,0.9794700741767883,0.9999411106109619,0.09079225361347198,0.4742184281349182,0.24923047423362732,0.8892475366592407,0.9990666508674622,0.5293616414070129,0.01825461387634275,high,0.5288581281900406,1.2102723121687475e-05,high,False,False,False,False
66,2202,0,False,0.851746141910553,0.45987674593925476,-0.012819594703614712,0.9997085928916931,0.999903678894043,0.8689802885055542,0.46329012513160706,-0.04172798618674278,0.9996641278266907,0.9999382495880127,0.8708549737930298,0.46563026309013367,-0.0420454703271389,0.999721884727478,0.9999586343765259,0.872901201248169,0.4678024351596832,-0.04210096225142479,0.9998037815093994,0.9999597072601318,0.8677476644515991,0.4620431363582611,0.010249224491417408,0.9995306730270386,0.9998824596405029,0.8685545921325684,0.46334442496299744,0.009872304275631905,0.9995633959770203,0.9998971223831177,0.8696171045303345,0.46463605761528015,0.009732033126056194,0.9996387362480164,0.9998724460601807,0.8754065632820129,0.47953659296035767,-0.11182283610105515,0.9999003410339355,0.999976396560669,0.8725189566612244,0.47602999210357666,0.12481285631656647,0.9991018772125244,0.9998518228530884,0.8391119837760925,0.46901652216911316,-0.029424061998724937,0.9996495246887207,0.999966025352478,0.8375669717788696,0.46713677048683167,0.03558531403541565,0.9990764260292053,0.9998478889465332,0.8050577640533447,0.5102158784866333,-0.23878213763237,0.9999968409538269,0.9999986886978149,0.774691641330719,0.4934692680835724,0.31531816720962524,0.9997149109840393,0.9999419450759888,0.672124981880188,0.5276063680648804,-0.384651243686676,0.9942988753318787,0.9999724626541138,0.6523557305335999,0.5049404501914978,0.37475332617759705,0.005174130201339722,0.9997679591178894,0.5400949716567993,0.5282808542251587,-0.4609305262565613,0.9636872410774231,0.9999579191207886,0.5407836437225342,0.5045504570007324,0.2623513340950012,0.00821616780012846,0.9997608065605164,0.5017567873001099,0.5341278910636902,-0.5193580985069275,0.9404711723327637,0.9999016523361206,0.5080960988998413,0.5064859986305237,0.2517567276954651,0.013899348676204681,0.9997535347938538,0.4944390654563904,0.5310757160186768,-0.509763240814209,0.9354727864265442,0.9998654127120972,0.5052192807197571,0.5059526562690735,0.20786525309085846,0.01420646533370018,0.9996539354324341,0.5074664354324341,0.5283199548721313,-0.455193430185318,0.8834523558616638,0.9999041557312012,0.5165905356407166,0.5055872797966003,0.23669399321079254,0.014878924004733562,0.9997414946556091,0.5555731058120728,0.5079919099807739,-0.1694193333387375,0.9999938011169434,0.999998927116394,0.5455352067947388,0.5010128021240234,0.1692332923412323,0.9999857544898987,0.9999967813491821,0.5030533671379089,0.4059172570705414,-0.21923086047172546,0.980838418006897,0.9999938011169434,0.3512583076953888,0.5039302110671997,0.19677680730819702,0.495878130197525,0.9999878406524658,0.3775210678577423,0.4933464229106903,0.008789114654064178,0.9756786227226257,0.9999910593032837,0.14897634088993073,0.5169872045516968,0.3127197027206421,0.8441286087036133,0.9997931122779846,0.3868876099586487,0.5115218758583069,0.0289012398570776,0.9237942695617676,0.9999783039093018,0.11971347779035568,0.5288740992546082,0.3191271126270294,0.7752850651741028,0.9996975660324097,0.2879924476146698,0.5020676255226135,0.008593644015491009,0.9795029759407043,0.9999337196350098,0.09104302525520325,0.4740585386753082,0.2573581039905548,0.8907203078269958,0.9989354014396667,0.5293616414070129,0.017839765548706032,high,0.5288581281900406,-1.597106456752151e-05,high,False,False,False,False
67,2235,0,False,0.8516757488250732,0.45988261699676514,-0.013693618588149548,0.9997041821479797,0.9999241828918457,0.8688695430755615,0.4632944166660309,-0.042554132640361786,0.9996551871299744,0.9999526739120483,0.8708203434944153,0.4656442403793335,-0.04287167266011238,0.9997163414955139,0.9999685287475586,0.8729296922683716,0.4678073525428772,-0.042925216257572174,0.9997991919517517,0.9999697208404541,0.867576539516449,0.46202316880226135,0.009367907419800758,0.9995149970054626,0.9999071359634399,0.8684046864509583,0.46332570910453796,0.008990189991891384,0.9995492696762085,0.9999179840087891,0.8695080876350403,0.46461015939712524,0.008852874860167503,0.9996281862258911,0.9998977184295654,0.8753215670585632,0.47952204942703247,-0.1112641990184784,0.999898374080658,0.999982476234436,0.8723693490028381,0.4759597182273865,0.12438973039388657,0.9990758299827576,0.9998791217803955,0.8391792178153992,0.46903175115585327,-0.030007613822817802,0.9996426105499268,0.999974250793457,0.8376035690307617,0.46713870763778687,0.03490367904305458,0.9990483522415161,0.9998812675476074,0.8044902682304382,0.5101825594902039,-0.23784177005290985,0.9999968409538269,0.9999990463256836,0.7745628356933594,0.4933129847049713,0.3155987858772278,0.9997165203094482,0.9999487400054932,0.6717114448547363,0.5276715755462646,-0.387411504983902,0.994340717792511,0.9999765157699585,0.652359664440155,0.5049118995666504,0.37573614716529846,0.005040847230702639,0.9997724890708923,0.5401021242141724,0.528157114982605,-0.47934457659721375,0.9635923504829407,0.9999654293060303,0.5408026576042175,0.504530668258667,0.2639675438404083,0.00802819337695837,0.9997875094413757,0.5017299652099609,0.5339502692222595,-0.5411168932914734,0.9403932094573975,0.9999207258224487,0.5081349015235901,0.5062382817268372,0.25341466069221497,0.013640419580042362,0.9997932314872742,0.49442505836486816,0.5307954549789429,-0.531795859336853,0.9353946447372437,0.9998914003372192,0.5054581165313721,0.5059124827384949,0.20888562500476837,0.013942442834377289,0.9997085928916931,0.5074765086174011,0.5280426740646362,-0.47426220774650574,0.8832902908325195,0.9999226331710815,0.5165982246398926,0.5055729746818542,0.2380654215812683,0.014639866538345814,0.9997802376747131,0.5559676885604858,0.5079366564750671,-0.16944225132465363,0.9999938011169434,0.9999991655349731,0.5457068681716919,0.5006606578826904,0.16925635933876038,0.999985933303833,0.9999973773956299,0.5071935057640076,0.4050842225551605,-0.22006231546401978,0.9817317724227905,0.999995231628418,0.35265886783599854,0.504009485244751,0.193672314286232,0.5048128962516785,0.9999892711639404,0.38266831636428833,0.49345147609710693,0.004589240066707134,0.9764100909233093,0.9999938011169434,0.14918535947799683,0.5169702768325806,0.3135698735713959,0.8500233888626099,0.9998242259025574,0.3924105167388916,0.5115267634391785,0.02397788316011429,0.9259549379348755,0.9999843835830688,0.12043951451778412,0.5288728475570679,0.3202088177204132,0.7815051078796387,0.999739944934845,0.29444506764411926,0.5027245879173279,-0.0011537254322320223,0.9801823496818542,0.9999465942382812,0.09146717935800552,0.4739529490470886,0.25622114539146423,0.8941954970359802,0.9990242719650269,0.5293616414070129,0.01783487796783445,high,0.5288581281900406,-1.4719367027238306e-05,high,False,False,False,False
68,2268,0,False,0.8512770533561707,0.4599374532699585,-0.00783732533454895,0.9997191429138184,0.9999682903289795,0.8685800433158875,0.4633471667766571,-0.03596924617886543,0.9996724128723145,0.999981164932251,0.8703607320785522,0.4656673073768616,-0.036287423223257065,0.9997312426567078,0.9999873638153076,0.8722953200340271,0.4678100347518921,-0.03632916882634163,0.9998091459274292,0.9999876022338867,0.8673987984657288,0.46206358075141907,0.01595444232225418,0.9995375871658325,0.9999619722366333,0.8681669235229492,0.4633682072162628,0.015585791319608688,0.9995701909065247,0.9999656677246094,0.8691549301147461,0.4646415114402771,0.015461225993931293,0.9996448755264282,0.9999561309814453,0.8741025924682617,0.47949403524398804,-0.1035882830619812,0.9999032616615295,0.9999923706054688,0.8712855577468872,0.4759616553783417,0.13246186077594757,0.9991176724433899,0.9999443292617798,0.8382980227470398,0.46903255581855774,-0.02402988262474537,0.9996575713157654,0.9999871253967285,0.8367383480072021,0.4671574831008911,0.04086504131555557,0.9990836977958679,0.99993896484375,0.8038038015365601,0.510208785533905,-0.23538611829280853,0.9999969601631165,0.9999992847442627,0.7726067900657654,0.49322426319122314,0.3227537274360657,0.9997239708900452,0.9999626874923706,0.6712259650230408,0.5276763439178467,-0.40239137411117554,0.9944960474967957,0.999980092048645,0.6519777178764343,0.5048707723617554,0.3843488097190857,0.005015082657337189,0.9998025298118591,0.5402195453643799,0.5281541347503662,-0.5334656238555908,0.9647680521011353,0.9999750852584839,0.53978031873703,0.5042911171913147,0.27811089158058167,0.008013226091861725,0.999819815158844,0.5017334222793579,0.5339297652244568,-0.6020709872245789,0.9424752593040466,0.9999409914016724,0.5080786943435669,0.5060411691665649,0.26819491386413574,0.0136659424751997,0.9998167157173157,0.4944288432598114,0.530743420124054,-0.5904455184936523,0.9376380443572998,0.9999222755432129,0.5054253339767456,0.5059050917625427,0.2235260009765625,0.013966822996735573,0.999751627445221,0.5074831247329712,0.5280239582061768,-0.5285595655441284,0.8870039582252502,0.999944806098938,0.5162327289581299,0.5054846405982971,0.2521801292896271,0.014715170487761497,0.9998137354850769,0.5561084151268005,0.5079505443572998,-0.16972839832305908,0.9999939799308777,0.9999994039535522,0.5449343919754028,0.5006468892097473,0.16954046487808228,0.9999864101409912,0.9999979734420776,0.5120182633399963,0.404779851436615,-0.21465063095092773,0.9827360510826111,0.9999964237213135,0.3532600998878479,0.5040146708488464,0.19363072514533997,0.5213266015052795,0.9999916553497314,0.3867107629776001,0.4933473467826843,0.003834293456748128,0.9775590300559998,0.9999951124191284,0.15015047788619995,0.5169882774353027,0.3116046190261841,0.8581045866012573,0.9998730421066284,0.3954105079174042,0.5113919377326965,0.022573761641979218,0.9294919967651367,0.9999873638153076,0.12117274105548859,0.5290111899375916,0.3175986409187317,0.7916032075881958,0.9998061060905457,0.2993883192539215,0.5025305151939392,-0.0022230297327041626,0.9812106490135193,0.9999544620513916,0.09180913120508194,0.4737081229686737,0.25213783979415894,0.899567186832428,0.9992068409919739,0.5293616414070129,0.017969703674316384,high,0.5288581281900406,-0.00015306174755091995,high,False,False,False,False
69,2302,0,False,0.8512216210365295,0.4596220850944519,-0.008439157158136368,0.9997221231460571,0.9999423027038574,0.8684287071228027,0.463043212890625,-0.036984656006097794,0.9996728897094727,0.9999641180038452,0.8702558875083923,0.4654681980609894,-0.03730078041553497,0.999733567237854,0.9999761581420898,0.8722533583641052,0.4676305055618286,-0.03734159469604492,0.9998099207878113,0.9999771118164062,0.8672476410865784,0.4616810083389282,0.01536616776138544,0.9995363354682922,0.999929666519165,0.8680325746536255,0.46300163865089417,0.014991039410233498,0.9995700716972351,0.999937891960144,0.8690720200538635,0.4643206000328064,0.014871908351778984,0.9996444582939148,0.9999223947525024,0.874126136302948,0.4793800115585327,-0.10495058447122574,0.9999037384986877,0.9999864101409912,0.8712616562843323,0.4757362902164459,0.13170501589775085,0.9991183280944824,0.9999051094055176,0.8383210897445679,0.4689699113368988,-0.02502736821770668,0.9996591210365295,0.9999796152114868,0.8367340564727783,0.46704962849617004,0.04024915397167206,0.9990803599357605,0.9999045133590698,0.8034253120422363,0.5101684331893921,-0.23528701066970825,0.9999969601631165,0.9999991655349731,0.7726195454597473,0.4927460253238678,0.32190096378326416,0.9997252225875854,0.9999537467956543,0.6707957983016968,0.5276702642440796,-0.4007813334465027,0.9946366548538208,0.9999791383743286,0.651684582233429,0.504655122756958,0.3834002614021301,0.0049441601149737835,0.9997915625572205,0.5399224758148193,0.5279141664505005,-0.530558705329895,0.9658055901527405,0.9999756813049316,0.5395285487174988,0.5042306780815125,0.2755357027053833,0.007927480153739452,0.9998272061347961,0.500976026058197,0.5338210463523865,-0.6004840135574341,0.9441806674003601,0.999945878982544,0.5080738067626953,0.5060620903968811,0.26507675647735596,0.01357659325003624,0.9998400211334229,0.4938841760158539,0.5306395292282104,-0.5895214676856995,0.9394801259040833,0.9999258518218994,0.5054516792297363,0.5059248805046082,0.22011132538318634,0.013872062787413597,0.9997772574424744,0.5071264505386353,0.5278877019882202,-0.5259426832199097,0.8899567127227783,0.9999470710754395,0.5162973999977112,0.5055103302001953,0.24949170649051666,0.014647834934294224,0.9998289346694946,0.5562106370925903,0.507955014705658,-0.16986404359340668,0.9999939799308777,0.9999992847442627,0.5449413657188416,0.5005600452423096,0.16967955231666565,0.9999865889549255,0.999997615814209,0.5163695216178894,0.40463846921920776,-0.215488001704216,0.9836955070495605,0.9999969005584717,0.35460707545280457,0.5038275122642517,0.19005148112773895,0.5360797047615051,0.9999927282333374,0.39147984981536865,0.4933774173259735,0.0037204353138804436,0.9785781502723694,0.9999953508377075,0.1502470076084137,0.5169366002082825,0.3101825416088104,0.8652850985527039,0.9998747110366821,0.39944392442703247,0.5114381313323975,0.022238794714212418,0.9323194026947021,0.9999877214431763,0.12107215076684952,0.5290578603744507,0.31577420234680176,0.8004592061042786,0.9998075366020203,0.3025287985801697,0.5054751038551331,-0.0040960535407066345,0.9821047186851501,0.9999600648880005,0.09212390333414078,0.47312021255493164,0.24971647560596466,0.9042845368385315,0.9992678761482239,0.5293616414070129,0.017923510074615456,high,0.5288581281900406,-0.0001997321844100508,high,False,False,False,False
70,2335,0,False,0.8508912324905396,0.4600432515144348,-0.01798814721405506,0.9997388124465942,0.9999768733978271,0.868116557598114,0.4633180499076843,-0.04499240219593048,0.9996916651725769,0.999985933303833,0.8698593974113464,0.4655800461769104,-0.04531646519899368,0.9997496604919434,0.9999903440475464,0.8718218803405762,0.4676911532878876,-0.045342955738306046,0.9998205900192261,0.9999904632568359,0.8669822812080383,0.46183526515960693,0.006441520527005196,0.9995619654655457,0.9999723434448242,0.8677372336387634,0.46305856108665466,0.006081456784158945,0.9995943903923035,0.9999749660491943,0.8687223196029663,0.46432366967201233,0.005965591873973608,0.9996634125709534,0.9999675750732422,0.8737709522247314,0.4793766736984253,-0.10641390830278397,0.999908983707428,0.9999935626983643,0.8708969354629517,0.4756757318973541,0.1275293231010437,0.9991658926010132,0.9999561309814453,0.8380160331726074,0.4689790904521942,-0.03173832967877388,0.9996746182441711,0.9999881982803345,0.8364810347557068,0.4670596122741699,0.03250950947403908,0.9991188049316406,0.9999452829360962,0.8024137616157532,0.5101650953292847,-0.23671455681324005,0.9999970197677612,0.9999992847442627,0.7718850374221802,0.49272921681404114,0.32134008407592773,0.9997316598892212,0.9999635219573975,0.6703734397888184,0.5276698470115662,-0.4140188992023468,0.9948621392250061,0.9999798536300659,0.6513938903808594,0.5046156048774719,0.378482848405838,0.004991080146282911,0.999806821346283,0.5399091839790344,0.5279107689857483,-0.5501629710197449,0.9674455523490906,0.9999792575836182,0.5376332402229309,0.5040096044540405,0.26784762740135193,0.008130752481520176,0.99985671043396,0.5005796551704407,0.5338186621665955,-0.620474636554718,0.9468380808830261,0.9999537467956543,0.5073984265327454,0.5059301853179932,0.25611594319343567,0.01397902611643076,0.9998646974563599,0.4935792088508606,0.5306156873703003,-0.6103270053863525,0.942360520362854,0.9999386072158813,0.5051670670509338,0.5058298707008362,0.2106347382068634,0.014278443530201912,0.9998189806938171,0.5070134997367859,0.5278845429420471,-0.5459698438644409,0.8948290944099426,0.9999561309814453,0.515785276889801,0.5054588317871094,0.24146516621112823,0.015112452208995819,0.9998608827590942,0.5562840700149536,0.508032500743866,-0.17015980184078217,0.9999940991401672,0.9999992847442627,0.5441699624061584,0.5006029605865479,0.1699817031621933,0.9999869465827942,0.9999978542327881,0.5202141404151917,0.4045446515083313,-0.2121296525001526,0.9847507476806641,0.9999974966049194,0.3573022484779358,0.5041736960411072,0.19094260036945343,0.5557094812393188,0.9999943971633911,0.3995124101638794,0.4936584532260895,-0.00023637306003365666,0.9799322485923767,0.9999966621398926,0.1504373550415039,0.5169225335121155,0.3058648705482483,0.8740929961204529,0.9999045133590698,0.4103637635707855,0.5115863084793091,0.015962447971105576,0.9362645745277405,0.9999908208847046,0.12092094123363495,0.5289868116378784,0.3100851774215698,0.8121177554130554,0.9998443126678467,0.30997395515441895,0.5065618753433228,-0.012439447455108166,0.9832642674446106,0.9999686479568481,0.09274236112833023,0.4726894497871399,0.24185940623283386,0.9103946685791016,0.9994133710861206,0.5293616414070129,0.017775332927703835,high,0.5288581281900406,-0.00012868344783778518,high,False,False,False,False
71,2368,0,False,0.8507946729660034,0.4600459337234497,-0.00499694561585784,0.9997500777244568,0.9999699592590332,0.8679412007331848,0.4633372128009796,-0.032259657979011536,0.9997036457061768,0.9999804496765137,0.8697496652603149,0.4655982255935669,-0.03256978094577789,0.9997598528862,0.9999864101409912,0.8717480897903442,0.46770650148391724,-0.032593052834272385,0.999826967716217,0.9999864101409912,0.8667643666267395,0.4618397355079651,0.01844499632716179,0.9995790719985962,0.9999639987945557,0.8675379753112793,0.46306198835372925,0.018079813569784164,0.9996109008789062,0.999968409538269,0.8685330748558044,0.4643231928348541,0.017962096258997917,0.9996770620346069,0.9999606609344482,0.8736853003501892,0.479373574256897,-0.0963967889547348,0.9999118447303772,0.9999911785125732,0.8707064390182495,0.4756659269332886,0.1346610188484192,0.9992013573646545,0.9999508857727051,0.8380317091941833,0.46897560358047485,-0.019794730469584465,0.9996849298477173,0.9999864101409912,0.8364607095718384,0.4670605957508087,0.043554823845624924,0.9991470575332642,0.9999415874481201,0.8022750020027161,0.5101903676986694,-0.2258630394935608,0.999997079372406,0.9999992847442627,0.7716801166534424,0.49272841215133667,0.3231591284275055,0.9997413158416748,0.999970555305481,0.6697922945022583,0.527664840221405,-0.4069148898124695,0.9949440360069275,0.9999788999557495,0.650261640548706,0.5048305988311768,0.3850327134132385,0.005022520665079355,0.9998538494110107,0.5402578711509705,0.5277508497238159,-0.5429698824882507,0.9683296084403992,0.9999761581420898,0.5372807383537292,0.5046574473381042,0.28162896633148193,0.008490956388413906,0.9998937845230103,0.5006142258644104,0.533815324306488,-0.6112912893295288,0.9484582543373108,0.9999459981918335,0.506655752658844,0.5077314972877502,0.27091842889785767,0.014599273912608624,0.9998898506164551,0.4938761293888092,0.5306134819984436,-0.6014668345451355,0.9441422820091248,0.99992835521698,0.5048283338546753,0.507197380065918,0.2254156917333603,0.014918302185833454,0.9998490810394287,0.5074803233146667,0.5278562307357788,-0.5385998487472534,0.8977674245834351,0.9999488592147827,0.5155228972434998,0.5062280297279358,0.2556008994579315,0.015767890959978104,0.9998875856399536,0.5568124651908875,0.5080369710922241,-0.1699497103691101,0.9999940991401672,0.9999991655349731,0.544143557548523,0.5005915760993958,0.16977041959762573,0.9999872446060181,0.9999977350234985,0.5227146744728088,0.4043061137199402,-0.2068578153848648,0.9851950407028198,0.9999953508377075,0.3570656180381775,0.5041742920875549,0.19004397094249725,0.5608314871788025,0.9999909400939941,0.4045115113258362,0.49368736147880554,0.0007381362374871969,0.980239748954773,0.9999942779541016,0.1514931470155716,0.5169111490249634,0.30235224962234497,0.8771263957023621,0.9998385906219482,0.41438186168670654,0.5117164850234985,0.017343979328870773,0.937680721282959,0.9999856948852539,0.12170334160327911,0.5289449691772461,0.3067801892757416,0.8159687519073486,0.9997530579566956,0.31348443031311035,0.5075179934501648,-0.005033610388636589,0.9836787581443787,0.9999555349349976,0.0937713235616684,0.4726892411708832,0.2418060004711151,0.9125241041183472,0.9991576671600342,0.5293616414070129,0.017645156383514382,high,0.5288581281900406,-8.684098720546096e-05,high,False,False,False,False
72,2402,0,False,0.8506540656089783,0.45925840735435486,-0.017135730013251305,0.9997090697288513,0.9997988343238831,0.8677765727043152,0.46286630630493164,-0.045251309871673584,0.9996447563171387,0.9998762607574463,0.8695014119148254,0.46527132391929626,-0.04558159410953522,0.999718189239502,0.9999178647994995,0.8713838458061218,0.467429518699646,-0.04564476013183594,0.9997943043708801,0.9999203681945801,0.8666638135910034,0.4614529311656952,0.004659335594624281,0.999491274356842,0.9997641444206238,0.8674032688140869,0.4627046585083008,0.004286780953407288,0.9995359778404236,0.9997976422309875,0.8683727979660034,0.46405383944511414,0.004120282828807831,0.9996151924133301,0.9997523427009583,0.8730060458183289,0.4791894853115082,-0.108545683324337,0.9998973608016968,0.999953031539917,0.8702237606048584,0.47553619742393494,0.11872367560863495,0.9990622401237488,0.9997108578681946,0.8376327157020569,0.4686218500137329,-0.03117741458117962,0.9996269941329956,0.9999319314956665,0.8361489772796631,0.4666261374950409,0.031149741262197495,0.9989758133888245,0.9996960163116455,0.8009181022644043,0.5101708173751831,-0.23010587692260742,0.9999968409538269,0.9999982118606567,0.7711015343666077,0.4924570322036743,0.31112751364707947,0.9997235536575317,0.9999079704284668,0.6690226197242737,0.5276631712913513,-0.38867679238319397,0.9948009252548218,0.9999668598175049,0.64958655834198,0.504774808883667,0.3723146915435791,0.004857995547354221,0.9996781349182129,0.5402722954750061,0.527821958065033,-0.4787381887435913,0.9667106866836548,0.999948263168335,0.537013590335846,0.5044922232627869,0.2643505930900574,0.008148367516696453,0.9996893405914307,0.5003482103347778,0.5338613986968994,-0.5382334589958191,0.9462822079658508,0.9998897314071655,0.5066487193107605,0.5070754289627075,0.2538817226886749,0.014085857197642326,0.9997201561927795,0.4937661588191986,0.5306850671768188,-0.5309985280036926,0.9418385624885559,0.9998430013656616,0.5049482583999634,0.5068029165267944,0.20936048030853271,0.014390665106475353,0.9996034502983093,0.50738525390625,0.5279530882835388,-0.4743848443031311,0.8942272067070007,0.9998860359191895,0.5155320763587952,0.5061158537864685,0.23864437639713287,0.015252826735377312,0.9996911287307739,0.5548029541969299,0.5089575052261353,-0.1695874035358429,0.9999937415122986,0.9999983310699463,0.5408354997634888,0.5007398724555969,0.16941972076892853,0.9999867677688599,0.9999951124191284,0.527535617351532,0.404156357049942,-0.20512333512306213,0.9856557250022888,0.9999922513961792,0.3560008704662323,0.5047492384910583,0.19005067646503448,0.5675414204597473,0.9999831914901733,0.40942221879959106,0.4947071671485901,0.005309096537530422,0.9806213974952698,0.9999903440475464,0.15137434005737305,0.5168628096580505,0.3050890564918518,0.8811174035072327,0.9996682405471802,0.4203213155269623,0.5130878686904907,0.02258315123617649,0.938741147518158,0.999976634979248,0.12131866067647934,0.5288968682289124,0.31043925881385803,0.820444643497467,0.9995250701904297,0.31741783022880554,0.5087924599647522,0.0030364857520908117,0.9839572310447693,0.9999258518218994,0.09412118047475815,0.4726881682872772,0.2486753612756729,0.914381206035614,0.9984138011932373,0.5293616414070129,0.016273772716522195,high,0.5288581281900406,-3.874003887172073e-05,high,False,False,False,False
73,2435,0,False,0.8516317009925842,0.45910346508026123,-0.01565246842801571,0.999703586101532,0.9999006986618042,0.8692644238471985,0.4628240764141083,-0.04369162395596504,0.9996321797370911,0.9999338388442993,0.8707749843597412,0.46523332595825195,-0.044018570333719254,0.9997102618217468,0.9999550580978394,0.872397780418396,0.46739938855171204,-0.044077351689338684,0.9997862577438354,0.9999557733535767,0.8679855465888977,0.4612831473350525,0.006280384957790375,0.9994739294052124,0.9998764991760254,0.8685243129730225,0.46252891421318054,0.005899287294596434,0.9995229840278625,0.9998942613601685,0.8692563772201538,0.46382197737693787,0.005726073402911425,0.9996044635772705,0.9998704195022583,0.8735206723213196,0.47915536165237427,-0.10679677128791809,0.9998937249183655,0.9999740123748779,0.8705589175224304,0.47521862387657166,0.12076989561319351,0.999049186706543,0.9998525381088257,0.8385168313980103,0.4684376120567322,-0.02960999123752117,0.9996167421340942,0.9999637603759766,0.8367404341697693,0.4663405120372772,0.03282538056373596,0.9989497661590576,0.9998438358306885,0.801032543182373,0.5100138783454895,-0.22715157270431519,0.9999967813491821,0.9999988079071045,0.7713894844055176,0.4924240708351135,0.3123069405555725,0.9997276663780212,0.999950647354126,0.6694820523262024,0.5275552868843079,-0.37851813435554504,0.994784414768219,0.9999736547470093,0.6493033170700073,0.5046945810317993,0.37858206033706665,0.004847525153309107,0.9998001456260681,0.5417080521583557,0.5278116464614868,-0.47504791617393494,0.9668101668357849,0.9999634027481079,0.537014901638031,0.5044821500778198,0.27365052700042725,0.008340509608387947,0.9998461008071899,0.5006717443466187,0.5338904857635498,-0.5356250405311584,0.9465367197990417,0.9999198913574219,0.5066550374031067,0.5070096850395203,0.26367223262786865,0.014448507688939571,0.9998520612716675,0.4942183792591095,0.5306780934333801,-0.5292330980300903,0.9421651363372803,0.9998879432678223,0.5050905346870422,0.5057313442230225,0.21802203357219696,0.014765416271984577,0.9997885823249817,0.5078379511833191,0.5278813242912292,-0.4713203012943268,0.8949518799781799,0.9999202489852905,0.5156626105308533,0.5051493644714355,0.2476436197757721,0.01566825807094574,0.9998419284820557,0.5558869242668152,0.5090011358261108,-0.16927626729011536,0.999993622303009,0.9999985694885254,0.540726900100708,0.5004733204841614,0.1691146343946457,0.9999867677688599,0.9999960660934448,0.5299661159515381,0.4036303162574768,-0.1994207352399826,0.9860703945159912,0.9999934434890747,0.35590818524360657,0.5057135224342346,0.1897856444120407,0.5757651329040527,0.9999872446060181,0.41356781125068665,0.4951925277709961,0.004548181779682636,0.9809746146202087,0.9999910593032837,0.15127423405647278,0.5168747305870056,0.28560858964920044,0.8851364850997925,0.9997058510780334,0.42334461212158203,0.5142610669136047,0.021695943549275398,0.9398015737533569,0.9999773502349854,0.12065299600362778,0.5288488268852234,0.2884078323841095,0.8246768712997437,0.9995375871658325,0.32323935627937317,0.5109911561012268,0.0013044928200542927,0.9843121767044067,0.9999315738677979,0.09428573399782181,0.47251176834106445,0.2247343212366104,0.9170019030570984,0.9985188841819763,0.5293616414070129,0.015100574493408181,high,0.5288581281900406,9.301304817244116e-06,high,False,False,False,False
74,2469,0,False,0.8512454628944397,0.45903030037879944,-0.021285824477672577,0.9997218251228333,0.9999750852584839,0.8690944314002991,0.4627091586589813,-0.04961763322353363,0.9996545314788818,0.9999858140945435,0.870563268661499,0.46510571241378784,-0.04995674639940262,0.9997286796569824,0.9999904632568359,0.872099757194519,0.46716734766960144,-0.04999607056379318,0.9997992515563965,0.999990701675415,0.8678457140922546,0.4611354470252991,0.0008215194684453309,0.9995043277740479,0.9999716281890869,0.8683832287788391,0.462376207113266,0.0004517178749665618,0.9995508790016174,0.9999744892120361,0.8691087365150452,0.4636508822441101,0.00030735693871974945,0.9996262788772583,0.999967098236084,0.8731288909912109,0.4786653220653534,-0.11274508386850357,0.9999000430107117,0.9999939203262329,0.8702666759490967,0.47497880458831787,0.11685679852962494,0.9991014003753662,0.9999560117721558,0.8383309245109558,0.4682296812534332,-0.035032860934734344,0.9996358156204224,0.9999874830245972,0.8366011381149292,0.46620360016822815,0.02793818898499012,0.9989973902702332,0.9999399185180664,0.8007363080978394,0.5099339485168457,-0.23668579757213593,0.9999969005584717,0.9999994039535522,0.7710891366004944,0.4922288954257965,0.3108386695384979,0.9997345805168152,0.9999641180038452,0.6694990992546082,0.5275481343269348,-0.41026946902275085,0.9950067400932312,0.9999822378158569,0.649046778678894,0.5045716762542725,0.3779906928539276,0.004798458889126778,0.99981290102005,0.5419624447822571,0.5278756618499756,-0.5420621633529663,0.9685267210006714,0.9999827146530151,0.5368953347206116,0.5036761164665222,0.27542126178741455,0.008347800932824612,0.9998548030853271,0.5006784200668335,0.5340721607208252,-0.6106060743331909,0.9492408633232117,0.9999613761901855,0.5068138837814331,0.5050804615020752,0.2666381299495697,0.014500195160508156,0.999863862991333,0.4942435920238495,0.5309130549430847,-0.6011611819267273,0.9451029300689697,0.9999470710754395,0.5034855604171753,0.5040557980537415,0.22003792226314545,0.014829125255346298,0.9998124241828918,0.5078920125961304,0.5280016660690308,-0.5381301641464233,0.8999361991882324,0.9999624490737915,0.515859067440033,0.5025842189788818,0.24906407296657562,0.01578226312994957,0.9998559951782227,0.5559053421020508,0.5090786814689636,-0.16928209364414215,0.9999937415122986,0.9999992847442627,0.5403915643692017,0.5005287528038025,0.16912038624286652,0.9999871253967285,0.9999977350234985,0.5313072204589844,0.4035851061344147,-0.1941671520471573,0.9866415858268738,0.9999972581863403,0.35582220554351807,0.5059944987297058,0.1966230720281601,0.5877780914306641,0.9999939203262329,0.4243380129337311,0.49521002173423767,0.01860680617392063,0.9815506339073181,0.999996542930603,0.1515955626964569,0.516827404499054,0.29563525319099426,0.8899708986282349,0.999882698059082,0.4375682473182678,0.5141963362693787,0.03646138682961464,0.941950798034668,0.9999910593032837,0.12030937522649765,0.5287922620773315,0.2990119457244873,0.8315945267677307,0.9998155236244202,0.3364800214767456,0.5109280943870544,0.019595758989453316,0.9849114418029785,0.9999735355377197,0.09482268989086151,0.47245943546295166,0.23862510919570923,0.9205605983734131,0.9994215965270996,0.5293616414070129,0.015165305137634255,high,0.5288581281900406,6.586611270908982e-05,high,False,False,False,False
75,2502,0,False,0.8504047393798828,0.4590337574481964,-0.021128719672560692,0.9997307062149048,0.9999598264694214,0.8681492805480957,0.4626694917678833,-0.04950811341404915,0.9996627569198608,0.9999743700027466,0.8697324395179749,0.4650183916091919,-0.049845363944768906,0.9997362494468689,0.9999822378158569,0.871466875076294,0.4670529365539551,-0.0498833954334259,0.9998031854629517,0.9999821186065674,0.8669755458831787,0.46110573410987854,0.0010210738983005285,0.9995167255401611,0.9999535083770752,0.8676508069038391,0.46233808994293213,0.0006508879596367478,0.9995641708374023,0.9999599456787109,0.8685408234596252,0.4635762870311737,0.0005069944309070706,0.9996364712715149,0.9999505281448364,0.8729634881019592,0.47847646474838257,-0.11356412619352341,0.9999017715454102,0.9999879598617554,0.8701925873756409,0.4748174846172333,0.1166328638792038,0.9991286396980286,0.9999376535415649,0.8380655646324158,0.4681905508041382,-0.03501391410827637,0.9996406435966492,0.9999803304672241,0.8364206552505493,0.4661664068698883,0.028061512857675552,0.999012291431427,0.9999169111251831,0.8005948662757874,0.5098708271980286,-0.23729881644248962,0.9999969005584717,0.9999991655349731,0.7711160778999329,0.4922313690185547,0.30939555168151855,0.9997424483299255,0.9999662637710571,0.6695918440818787,0.527590811252594,-0.4094544053077698,0.9950854182243347,0.9999760389328003,0.6489661931991577,0.5045626163482666,0.36825263500213623,0.004828549921512604,0.9998353719711304,0.5434346795082092,0.5278054475784302,-0.537750780582428,0.968968391418457,0.9999706745147705,0.5366544723510742,0.5036869645118713,0.25457116961479187,0.008605682291090488,0.9998830556869507,0.501097559928894,0.5340721607208252,-0.603611171245575,0.9499967694282532,0.9999382495880127,0.5068088173866272,0.504907488822937,0.24369020760059357,0.014962767250835896,0.9998898506164551,0.49478262662887573,0.5309045314788818,-0.5960726141929626,0.9459461569786072,0.9999147653579712,0.5039353370666504,0.5034655332565308,0.19708998501300812,0.015307825058698654,0.999846339225769,0.5086461901664734,0.5279769897460938,-0.5343087315559387,0.9013112783432007,0.9999383687973022,0.5159004330635071,0.5025689005851746,0.22782762348651886,0.01627485081553459,0.9998824596405029,0.557068943977356,0.5090965628623962,-0.16921311616897583,0.9999937415122986,0.9999990463256836,0.5404780507087708,0.500515878200531,0.1690525859594345,0.9999873638153076,0.9999973773956299,0.534146785736084,0.4031578600406647,-0.1912764310836792,0.9871875643730164,0.999996542930603,0.35593727231025696,0.5059970617294312,0.20144560933113098,0.5987828373908997,0.9999936819076538,0.4289719760417938,0.49682673811912537,0.014301263727247715,0.9822409152984619,0.9999957084655762,0.15166157484054565,0.5167155265808105,0.2921176254749298,0.8951854109764099,0.9998668432235718,0.44393184781074524,0.514438271522522,0.028882861137390137,0.9440991282463074,0.9999890327453613,0.12001080065965652,0.5284578800201416,0.29393109679222107,0.8383963108062744,0.9997844099998474,0.34177738428115845,0.5126267671585083,0.008820530958473682,0.9855355024337769,0.9999687671661377,0.09537336230278015,0.47231242060661316,0.22645212709903717,0.9241687655448914,0.9993550181388855,0.5293616414070129,0.014923369884490945,high,0.5288581281900406,0.0004002481698990312,high,False,False,False,False
76,2535,0,False,0.8499631285667419,0.4590381383895874,-0.017140289768576622,0.9997429251670837,0.9999698400497437,0.8677233457565308,0.46269553899765015,-0.04496564343571663,0.9996776580810547,0.9999822378158569,0.8692089319229126,0.4650435447692871,-0.04529948905110359,0.9997488856315613,0.9999879598617554,0.8708222508430481,0.46706488728523254,-0.0453249029815197,0.9998119473457336,0.9999881982803345,0.8666381239891052,0.4611054062843323,0.005681512411683798,0.999535322189331,0.9999634027481079,0.8673146963119507,0.46233633160591125,0.005318203009665012,0.9995808601379395,0.9999668598175049,0.8681857585906982,0.4635685980319977,0.005189115647226572,0.9996489882469177,0.9999569654464722,0.872110903263092,0.4784676432609558,-0.10697408020496368,0.9999057650566101,0.9999924898147583,0.8695577383041382,0.47478988766670227,0.12413280457258224,0.9991586804389954,0.9999430179595947,0.8375163078308105,0.4681853652000427,-0.03044820763170719,0.9996512532234192,0.9999847412109375,0.8358713388442993,0.4661614000797272,0.03288893774151802,0.9990347623825073,0.9999256134033203,0.8002148270606995,0.5097460150718689,-0.2318299114704132,0.9999969601631165,0.9999994039535522,0.7709106802940369,0.49212586879730225,0.31794264912605286,0.9997467398643494,0.9999593496322632,0.6704637408256531,0.5275720357894897,-0.4098237454891205,0.9951339960098267,0.9999808073043823,0.648970901966095,0.5041231513023376,0.38642287254333496,0.0047593372873961926,0.9997944235801697,0.5455500483512878,0.5278154015541077,-0.5481910705566406,0.9699453711509705,0.9999806880950928,0.5376124978065491,0.501061201095581,0.2918383479118347,0.00857593584805727,0.9998465776443481,0.5025100708007812,0.5342256426811218,-0.6161743998527527,0.9516565203666687,0.9999594688415527,0.5097370147705078,0.5000221133232117,0.285661906003952,0.014963886700570583,0.9998635053634644,0.49635541439056396,0.530970573425293,-0.6069269180297852,0.9477521777153015,0.9999440908432007,0.5096495747566223,0.4954575002193451,0.2377079725265503,0.015317315235733986,0.9998067021369934,0.5100696682929993,0.5280644297599792,-0.5445204973220825,0.9042629599571228,0.9999599456787109,0.519218921661377,0.4966807961463928,0.2650398313999176,0.016337281093001366,0.9998524188995361,0.557428777217865,0.5090992450714111,-0.16920287907123566,0.9999938607215881,0.9999992847442627,0.5405089855194092,0.5002891421318054,0.1690397709608078,0.9999876618385315,0.999997615814209,0.5351690649986267,0.40308091044425964,-0.19243746995925903,0.9877427220344543,0.9999974966049194,0.3559224307537079,0.5060628652572632,0.20098233222961426,0.6112741827964783,0.999994158744812,0.43311807513237,0.4990456700325012,-0.011190138757228851,0.9831319451332092,0.9999972581863403,0.15166665613651276,0.5167019367218018,0.289946585893631,0.9008095264434814,0.9998818635940552,0.4478069245815277,0.5160496234893799,0.0019850905518978834,0.9467145204544067,0.9999924898147583,0.11997772753238678,0.5284560322761536,0.2917996942996979,0.8457999229431152,0.9998041987419128,0.3463107943534851,0.5161780118942261,-0.023784300312399864,0.9863232374191284,0.9999752044677734,0.09539131820201874,0.47231218218803406,0.22379666566848755,0.9282479286193848,0.9993707537651062,0.5293616414070129,0.013312017917633034,high,0.5288581281900406,0.00040209591388706833,high,False,False,False,False
77,2569,0,False,0.8498029708862305,0.45903924107551575,-0.012647362425923347,0.9997571706771851,0.9999722242355347,0.8672066330909729,0.4626986086368561,-0.03980259597301483,0.9996942281723022,0.9999823570251465,0.8688840866088867,0.46505019068717957,-0.04012439399957657,0.9997624754905701,0.9999879598617554,0.8706557750701904,0.4670772850513458,-0.040145497769117355,0.9998214244842529,0.9999879598617554,0.8660209774971008,0.46108734607696533,0.010189627297222614,0.9995583891868591,0.9999656677246094,0.8667526841163635,0.4623129069805145,0.009831621311604977,0.9996019601821899,0.9999693632125854,0.8676966428756714,0.4635266959667206,0.009710988961160183,0.9996657967567444,0.9999607801437378,0.8720672726631165,0.4784657061100006,-0.09873809665441513,0.9999103546142578,0.9999923706054688,0.8694043159484863,0.4746514856815338,0.12929174304008484,0.999199390411377,0.9999485015869141,0.8375188112258911,0.468178391456604,-0.02487947791814804,0.9996660351753235,0.9999850988388062,0.8358551859855652,0.4661346673965454,0.037676967680454254,0.999072790145874,0.999930739402771,0.8002302050590515,0.5095539093017578,-0.22178246080875397,0.9999970197677612,0.9999994039535522,0.7709071636199951,0.49177756905555725,0.32516950368881226,0.9997540712356567,0.9999663829803467,0.6710692048072815,0.5275316834449768,-0.39369431138038635,0.9952483177185059,0.9999816417694092,0.6490987539291382,0.5040239095687866,0.4019319415092468,0.004861779976636171,0.9998370409011841,0.547066330909729,0.5277965664863586,-0.5267606377601624,0.9710084795951843,0.9999786615371704,0.5383776426315308,0.5007477402687073,0.3104915916919708,0.009017533622682095,0.9998791217803955,0.5032665729522705,0.5343403220176697,-0.592620849609375,0.9533125758171082,0.9999556541442871,0.5109677910804749,0.49904415011405945,0.3050180673599243,0.015708306804299355,0.9998880624771118,0.4972380995750427,0.5311705470085144,-0.5839126110076904,0.9495677351951599,0.9999376535415649,0.5115382075309753,0.4942876696586609,0.25620707869529724,0.016091588884592056,0.99983811378479,0.5110594034194946,0.5281285047531128,-0.5232087969779968,0.9073728322982788,0.9999552965164185,0.5205384492874146,0.49577105045318604,0.28351131081581116,0.01720632053911686,0.9998784065246582,0.5577894449234009,0.5093359351158142,-0.1691596508026123,0.9999938607215881,0.999998927116394,0.5405685901641846,0.5005024075508118,0.1689947098493576,0.999987781047821,0.9999969005584717,0.5358824133872986,0.40288087725639343,-0.19384349882602692,0.988365650177002,0.9999963045120239,0.35585352778434753,0.5060588121414185,0.20058588683605194,0.6243438124656677,0.9999920129776001,0.4366324245929718,0.5004193782806396,-0.02055799402296543,0.9840359687805176,0.9999961853027344,0.15131507813930511,0.5166935324668884,0.2846660614013672,0.9061174392700195,0.9998138546943665,0.4503863751888275,0.5168160200119019,-0.007802196778357029,0.9493688344955444,0.9999899864196777,0.1199587807059288,0.5276951789855957,0.286048024892807,0.8525650501251221,0.9996985197067261,0.35049182176589966,0.5178999900817871,-0.03263973817229271,0.9871000051498413,0.9999675750732422,0.09551038593053818,0.47231099009513855,0.21716520190238953,0.9320494532585144,0.9990735054016113,0.5293616414070129,0.012545621395111062,high,0.5288581281900406,0.0011629492044449297,high,False,False,False,False
78,2602,0,False,0.8490753769874573,0.4590417742729187,-0.015880204737186432,0.9997556805610657,0.9999332427978516,0.8663932681083679,0.46269452571868896,-0.04346736520528793,0.9996888637542725,0.9999570846557617,0.8680872321128845,0.46502169966697693,-0.043792322278022766,0.9997596144676208,0.9999706745147705,0.8699756264686584,0.46705785393714905,-0.043822579085826874,0.9998176693916321,0.9999707937240601,0.8651654720306396,0.46107661724090576,0.005833906587213278,0.9995501637458801,0.9999178647994995,0.8658572435379028,0.46228644251823425,0.005473173223435879,0.9995960593223572,0.9999284744262695,0.8667309880256653,0.46346572041511536,0.005334467627108097,0.9996594786643982,0.9999104738235474,0.8714869618415833,0.47834476828575134,-0.10223446786403656,0.9999085664749146,0.9999816417694092,0.8688056468963623,0.474477618932724,0.12175312638282776,0.9991899132728577,0.9998890161514282,0.8368731141090393,0.4681173264980316,-0.02804587408900261,0.9996578693389893,0.9999698400497437,0.8352635502815247,0.4660791754722595,0.03353307396173477,0.9990472793579102,0.99986732006073,0.8002714514732361,0.5093925595283508,-0.2222370058298111,0.9999969601631165,0.999998927116394,0.7708320617675781,0.491576224565506,0.3169962465763092,0.9997537136077881,0.9999500513076782,0.6713314652442932,0.5272231698036194,-0.3942755460739136,0.9951335191726685,0.9999719858169556,0.6490027904510498,0.5036433935165405,0.37768471240997314,0.004719491582363844,0.9997575879096985,0.5470577478408813,0.5276528000831604,-0.5254409909248352,0.9704591035842896,0.9999638795852661,0.5384234189987183,0.500508725643158,0.26580965518951416,0.008819091133773327,0.9998093247413635,0.5033060908317566,0.5343926548957825,-0.5906502604484558,0.9526848793029785,0.9999252557754517,0.510962963104248,0.4982263445854187,0.25666946172714233,0.015443985350430012,0.9998319149017334,0.4974340498447418,0.5311535596847534,-0.5825841426849365,0.9489362835884094,0.9998971223831177,0.511406421661377,0.49411875009536743,0.20895108580589294,0.01582244411110878,0.9997658133506775,0.5111521482467651,0.5281216502189636,-0.5221985578536987,0.9061751961708069,0.9999256134033203,0.5205279588699341,0.4955882132053375,0.23875229060649872,0.01693653129041195,0.9998193383216858,0.5583032965660095,0.5099605321884155,-0.16866277158260345,0.9999937415122986,0.9999988079071045,0.5406763553619385,0.5005201101303101,0.16849902272224426,0.9999877214431763,0.999996542930603,0.5359393954277039,0.4027833640575409,-0.19395875930786133,0.9885798692703247,0.9999955892562866,0.3561796545982361,0.5058210492134094,0.19923336803913116,0.6291384100914001,0.9999911785125732,0.43737369775772095,0.5038331151008606,-0.021964211016893387,0.9844427704811096,0.9999949932098389,0.15124471485614777,0.5166914463043213,0.275768518447876,0.9095773100852966,0.9998044371604919,0.44951823353767395,0.5207787156105042,-0.009278884157538414,0.9507149457931519,0.9999871253967285,0.11930717527866364,0.5276815295219421,0.27661794424057007,0.8572382926940918,0.9996861219406128,0.35171034932136536,0.5195925235748291,-0.034807153046131134,0.9874845743179321,0.9999598264694214,0.0955948606133461,0.47230830788612366,0.2069321870803833,0.9343274235725403,0.9990094900131226,0.5293616414070129,0.008582925796508767,high,0.5288581281900406,0.0011765986680984941,high,False,False,False,False
79,2635,0,False,0.8481069803237915,0.4590633511543274,-0.015670951455831528,0.9997584819793701,0.9999428987503052,0.865683376789093,0.4626460075378418,-0.04322729632258415,0.9996906518936157,0.9999630451202393,0.8673940896987915,0.4649132192134857,-0.043550096452236176,0.999761700630188,0.9999744892120361,0.8693123459815979,0.466886967420578,-0.043581750243902206,0.9998180270195007,0.9999744892120361,0.8644784688949585,0.4610271751880646,0.005859037861227989,0.9995531439781189,0.9999301433563232,0.8652347922325134,0.46221593022346497,0.0054975333623588085,0.9995995759963989,0.9999388456344604,0.8661828637123108,0.46335569024086,0.005357722286134958,0.9996613264083862,0.9999232292175293,0.8712992072105408,0.4780660569667816,-0.10246076434850693,0.9999087452888489,0.9999837875366211,0.86859530210495,0.4743209183216095,0.12066100537776947,0.9991994500160217,0.9999034404754639,0.8363161683082581,0.4681127667427063,-0.027937453240156174,0.9996575117111206,0.9999732971191406,0.8347443342208862,0.46606916189193726,0.03351539745926857,0.9990440011024475,0.9998819828033447,0.800129771232605,0.5093890428543091,-0.22282801568508148,0.9999969601631165,0.999998927116394,0.7709209322929382,0.4915987551212311,0.3126460015773773,0.9997551441192627,0.9999535083770752,0.6713618040084839,0.5270742774009705,-0.3941630423069,0.995116651058197,0.9999706745147705,0.649150013923645,0.503604531288147,0.36820247769355774,0.004613450262695551,0.9997618794441223,0.5470193028450012,0.5277345180511475,-0.5245530009269714,0.9706645607948303,0.9999650716781616,0.5387110114097595,0.5007134079933167,0.2588217854499817,0.008726900443434715,0.999819815158844,0.5033985376358032,0.5344979763031006,-0.589544951915741,0.9531758427619934,0.9999254941940308,0.5110777020454407,0.49857741594314575,0.24921318888664246,0.015343687497079372,0.9998347759246826,0.4975970685482025,0.5311487317085266,-0.581427812576294,0.9495048522949219,0.9998993873596191,0.5113326907157898,0.4950847625732422,0.202679842710495,0.01571623794734478,0.9997715353965759,0.5111520290374756,0.5281358361244202,-0.5214268565177917,0.907042384147644,0.999927282333374,0.5205991864204407,0.49686816334724426,0.2323322892189026,0.016825394704937935,0.9998251795768738,0.5594854950904846,0.51017165184021,-0.16774693131446838,0.9999936819076538,0.9999988079071045,0.5414286255836487,0.5005094408988953,0.1675865799188614,0.999987781047821,0.9999966621398926,0.5350314378738403,0.4026678502559662,-0.1932697743177414,0.9888285994529724,0.9999955892562866,0.35722413659095764,0.5054478049278259,0.19414588809013367,0.634118914604187,0.9999912977218628,0.4390709698200226,0.505052387714386,-0.030998442322015762,0.9849438667297363,0.9999948740005493,0.15125225484371185,0.5166870355606079,0.25559335947036743,0.9130421876907349,0.9998070597648621,0.45090219378471375,0.5217511653900146,-0.01956106722354889,0.9524619579315186,0.9999862909317017,0.1190943792462349,0.5276682376861572,0.2549680173397064,0.8621225357055664,0.9996757507324219,0.35185006260871887,0.5208460688591003,-0.046190738677978516,0.9879443049430847,0.9999550580978394,0.09565816074609756,0.4722784757614136,0.1830848902463913,0.9367012977600098,0.9989180564880371,0.5293616414070129,0.007610476016998269,high,0.5288581281900406,0.0011898905038834062,high,False,False,False,False
80,2669,0,False,0.848206102848053,0.45875492691993713,-0.029905760660767555,0.999758780002594,0.9999384880065918,0.8657669425010681,0.46253255009651184,-0.057423219084739685,0.9996883869171143,0.9999595880508423,0.8674482107162476,0.4648289680480957,-0.05774954706430435,0.9997605085372925,0.9999721050262451,0.8693360090255737,0.4667842984199524,-0.05779719352722168,0.9998165965080261,0.9999721050262451,0.864626407623291,0.4608760476112366,-0.008021596819162369,0.9995484352111816,0.9999228715896606,0.8654103875160217,0.4620557129383087,-0.00838457141071558,0.9995955228805542,0.9999319314956665,0.8664085865020752,0.46318957209587097,-0.008532294072210789,0.9996572732925415,0.9999134540557861,0.8712735176086426,0.47792619466781616,-0.11566836386919022,0.999907910823822,0.9999819993972778,0.8685975074768066,0.47414353489875793,0.10903404653072357,0.9991902709007263,0.9998916387557983,0.8363202810287476,0.4678458571434021,-0.04164455831050873,0.999651312828064,0.9999696016311646,0.8347563147544861,0.4657523036003113,0.020090484991669655,0.9990214109420776,0.9998661279678345,0.7996814846992493,0.5092112421989441,-0.23265063762664795,0.9999969005584717,0.9999988079071045,0.7709123492240906,0.49121174216270447,0.3059406280517578,0.9997547268867493,0.9999477863311768,0.6710309982299805,0.5265372395515442,-0.3945484757423401,0.995061457157135,0.9999727010726929,0.6493266224861145,0.5035912394523621,0.3639313876628876,0.004547264892607927,0.9997628331184387,0.5458434820175171,0.5278661251068115,-0.5081984400749207,0.9704333543777466,0.9999654293060303,0.5387133955955505,0.5020958781242371,0.25448113679885864,0.00867456290870905,0.9998243451118469,0.5023102164268494,0.5346497297286987,-0.5713517069816589,0.952793300151825,0.9999276399612427,0.5110534429550171,0.5000481605529785,0.24499404430389404,0.015295300632715225,0.9998420476913452,0.4968041777610779,0.5311190485954285,-0.5635367035865784,0.949134886264801,0.9998998641967773,0.511093020439148,0.4972418248653412,0.19844458997249603,0.015663282945752144,0.9997788071632385,0.509520947933197,0.528211236000061,-0.5044944882392883,0.906369686126709,0.9999281167984009,0.519938051700592,0.4993954002857208,0.22803810238838196,0.016779309138655663,0.9998301267623901,0.5597925186157227,0.5105700492858887,-0.16801440715789795,0.9999935030937195,0.9999985694885254,0.5420841574668884,0.5006858706474304,0.16785326600074768,0.9999876022338867,0.9999960660934448,0.534284770488739,0.40266162157058716,-0.19631773233413696,0.988964319229126,0.9999955892562866,0.3558318316936493,0.5057766437530518,0.19550418853759766,0.6354245543479919,0.9999911785125732,0.4397466778755188,0.5062554478645325,-0.028219489380717278,0.9851956367492676,0.9999949932098389,0.15074095129966736,0.5166117548942566,0.2731996774673462,0.9152541756629944,0.9997978806495667,0.4529130756855011,0.5240158438682556,-0.015550217591226101,0.9533339738845825,0.9999868869781494,0.11870434880256653,0.5274823307991028,0.27471181750297546,0.8650811314582825,0.9996733665466309,0.3518586754798889,0.5209096670150757,-0.04148999974131584,0.9881937503814697,0.9999589920043945,0.09591145068407059,0.47207269072532654,0.2059388905763626,0.9381005764007568,0.9990072846412659,0.5293616414070129,0.005345797538757302,high,0.5288581281900406,0.0013757973909378496,high,False,False,False,False
81,2702,0,False,0.8482465744018555,0.4587571322917938,-0.031140977516770363,0.999751627445221,0.9999094009399414,0.8657727837562561,0.4625115394592285,-0.05910397320985794,0.9996759295463562,0.9999397993087769,0.8674542903900146,0.4647676646709442,-0.05942896381020546,0.9997520446777344,0.999958872795105,0.8693559765815735,0.46672865748405457,-0.05948265269398689,0.9998091459274292,0.9999595880508423,0.8646308183670044,0.4608652889728546,-0.010066715069115162,0.9995301365852356,0.9998847246170044,0.865425169467926,0.4620250165462494,-0.010437793098390102,0.9995807409286499,0.9998993873596191,0.8664460778236389,0.46312418580055237,-0.01059435773640871,0.9996439814567566,0.999874472618103,0.8712691068649292,0.47790226340293884,-0.11831540614366531,0.9999051690101624,0.9999754428863525,0.8685985803604126,0.47399482131004333,0.1045134887099266,0.9991684556007385,0.9998507499694824,0.836352527141571,0.4678082764148712,-0.043181996792554855,0.9996406435966492,0.9999632835388184,0.8348595499992371,0.4657130539417267,0.018050827085971832,0.9989890456199646,0.9998410940170288,0.7993618249893188,0.5091187953948975,-0.23397459089756012,0.9999969005584717,0.9999988079071045,0.7710233330726624,0.491213321685791,0.3010687530040741,0.9997545480728149,0.9999511241912842,0.6702520251274109,0.5263988971710205,-0.39090585708618164,0.9950616359710693,0.9999748468399048,0.6495219469070435,0.5035668015480042,0.35875844955444336,0.004474814515560865,0.9997624754905701,0.5458267331123352,0.5279845595359802,-0.49512770771980286,0.9704926609992981,0.999967098236084,0.5400030016899109,0.5024479031562805,0.24715952575206757,0.008577266708016396,0.999806821346283,0.5023496150970459,0.5347272157669067,-0.557025134563446,0.9528511166572571,0.9999321699142456,0.511712372303009,0.5001635551452637,0.2374124526977539,0.015184896066784859,0.9998337030410767,0.49717390537261963,0.5311384201049805,-0.5503350496292114,0.9492478966712952,0.9999045133590698,0.5114739537239075,0.49823200702667236,0.19088110327720642,0.015545275993645191,0.999762237071991,0.5097556710243225,0.5283649563789368,-0.4917033314704895,0.9065449833869934,0.9999309778213501,0.5206711292266846,0.5002947449684143,0.22073332965373993,0.0166621133685112,0.9998165965080261,0.5599013566970825,0.5112326741218567,-0.16799920797348022,0.9999934434890747,0.9999986886978149,0.5424164533615112,0.5007873773574829,0.16783958673477173,0.9999876022338867,0.9999963045120239,0.5335220694541931,0.40267565846443176,-0.2011098861694336,0.9893816113471985,0.9999955892562866,0.355819970369339,0.5055568814277649,0.1938842087984085,0.6428863406181335,0.9999914169311523,0.43883171677589417,0.5073700547218323,-0.0329609140753746,0.985787034034729,0.9999954700469971,0.14990001916885376,0.5167164206504822,0.2656517028808594,0.9192690849304199,0.9998032450675964,0.4509480595588684,0.525011420249939,-0.020167352631688118,0.9550074338912964,0.9999881982803345,0.11738280206918716,0.5274959206581116,0.26615169644355774,0.8702039122581482,0.99967360496521,0.34904006123542786,0.520870566368103,-0.04792367294430733,0.9886803030967712,0.99996018409729,0.09593413025140762,0.4719800651073456,0.19301755726337433,0.940811812877655,0.9989098310470581,0.5293616414070129,0.004350221157073952,high,0.5288581281900406,0.0013622075319290605,high,False,False,False,False
82,2735,0,False,0.8480773568153381,0.4589446187019348,-0.04097819700837135,0.9997300505638123,0.9998655319213867,0.8655403852462769,0.4625641405582428,-0.07037551701068878,0.9996423721313477,0.9999139308929443,0.8671811819076538,0.46476876735687256,-0.07071436196565628,0.9997281432151794,0.9999421834945679,0.8690546154975891,0.4667235314846039,-0.07078122347593307,0.9997906684875488,0.9999434947967529,0.8644620180130005,0.46098557114601135,-0.02041914500296116,0.999476969242096,0.999830961227417,0.8652627468109131,0.46210700273513794,-0.020795419812202454,0.9995350241661072,0.9998514652252197,0.8662866353988647,0.46316906809806824,-0.020967651158571243,0.9996046423912048,0.99981290102005,0.8710409998893738,0.47785645723342896,-0.13384383916854858,0.9998970627784729,0.9999656677246094,0.8684583902359009,0.47399047017097473,0.09347130358219147,0.9990808963775635,0.999775230884552,0.8360141515731812,0.4678117036819458,-0.05422606319189072,0.9996066093444824,0.9999456405639648,0.8346429467201233,0.4657418429851532,0.008134907111525536,0.9988835453987122,0.9997590184211731,0.7979403734207153,0.5089868307113647,-0.24984978139400482,0.9999967813491821,0.9999985694885254,0.7709817886352539,0.4912233054637909,0.2935779392719269,0.9997473955154419,0.9999313354492188,0.6670600771903992,0.5262423753738403,-0.3910257816314697,0.9949777722358704,0.9999724626541138,0.6495018005371094,0.5036056041717529,0.34938326478004456,0.004312884993851185,0.9997069239616394,0.5441672801971436,0.528324544429779,-0.481807678937912,0.9695855379104614,0.9999598264694214,0.5400535464286804,0.5031450986862183,0.2323613464832306,0.008214514702558517,0.9997045397758484,0.5016038417816162,0.5348624587059021,-0.5413201451301575,0.951244592666626,0.9999159574508667,0.5118497014045715,0.5002080202102661,0.2224825769662857,0.014601372182369232,0.9997459053993225,0.496745765209198,0.5311577320098877,-0.5346108675003052,0.9475997090339661,0.9998800754547119,0.5116128921508789,0.49905073642730713,0.17601804435253143,0.014950593002140522,0.9996330738067627,0.508762776851654,0.5285279750823975,-0.477812260389328,0.90388423204422,0.9999129772186279,0.5208247303962708,0.5011851191520691,0.2056972235441208,0.016058607026934624,0.9997164607048035,0.5597274899482727,0.51155686378479,-0.16849011182785034,0.9999932050704956,0.9999983310699463,0.5424389839172363,0.5010655522346497,0.16834162175655365,0.9999872446060181,0.999995231628418,0.5315483212471008,0.4026874601840973,-0.2030646651983261,0.9893984198570251,0.9999940395355225,0.35517674684524536,0.505436360836029,0.1953287124633789,0.6404926180839539,0.9999881982803345,0.4392485022544861,0.5079667568206787,-0.03203738108277321,0.985675573348999,0.9999932050704956,0.14991533756256104,0.5168309211730957,0.26888230443000793,0.9202094674110413,0.99972003698349,0.45095711946487427,0.5257300138473511,-0.01840083673596382,0.9548608660697937,0.9999833106994629,0.1169833317399025,0.5276409387588501,0.26931846141815186,0.8712512254714966,0.9995546936988831,0.3494661748409271,0.5209224224090576,-0.042720671743154526,0.9886016249656677,0.9999481439590454,0.09595197439193726,0.4719790816307068,0.19570334255695343,0.9411516189575195,0.9986758828163147,0.5293616414070129,0.003631627559661843,high,0.5288581281900406,0.0012171894311905351,high,False,False,False,False
83,2769,0,False,0.8475391864776611,0.4590415060520172,-0.0569751113653183,0.9997444152832031,0.9999673366546631,0.8649007081985474,0.46259644627571106,-0.08498266339302063,0.9996606111526489,0.9999792575836182,0.8665512204170227,0.46480947732925415,-0.08532337099313736,0.9997422099113464,0.9999856948852539,0.8684455752372742,0.4667914807796478,-0.08537397533655167,0.9998011589050293,0.9999856948852539,0.8637711405754089,0.4609835743904114,-0.03495626151561737,0.9995027184486389,0.9999583959579468,0.8645228147506714,0.46208861470222473,-0.035321835428476334,0.99955815076828,0.9999622106552124,0.8655058145523071,0.46311262249946594,-0.03547098487615585,0.9996228814125061,0.9999505281448364,0.8705287575721741,0.47786951065063477,-0.14345678687095642,0.9999022483825684,0.9999903440475464,0.8679138422012329,0.4739195704460144,0.08415015041828156,0.9991213083267212,0.9999345541000366,0.8358536958694458,0.4678623378276825,-0.06860823929309845,0.9996240735054016,0.9999823570251465,0.8343011140823364,0.46574878692626953,-0.006142248399555683,0.9989300966262817,0.9999197721481323,0.7978047132492065,0.5089083313941956,-0.25892171263694763,0.9999968409538269,0.9999991655349731,0.7708687782287598,0.4911913275718689,0.2880874276161194,0.9997530579566956,0.9999595880508423,0.6665669679641724,0.5262535214424133,-0.4004398286342621,0.9951863288879395,0.999980092048645,0.6494778394699097,0.5036416053771973,0.3419855237007141,0.004352155607193708,0.999777615070343,0.543159544467926,0.5283949971199036,-0.48392611742019653,0.9709657430648804,0.9999752044677734,0.5400211215019226,0.5038315057754517,0.22039441764354706,0.008416448719799519,0.9998231530189514,0.5013930201530457,0.5348959565162659,-0.5445550084114075,0.9531471729278564,0.999944806098938,0.5117183923721313,0.5005496144294739,0.20910798013210297,0.014981373213231564,0.9998400211334229,0.496571809053421,0.531138002872467,-0.5364959836006165,0.949684202671051,0.999923586845398,0.5114336013793945,0.5001166462898254,0.16213302314281464,0.015344437211751938,0.9997764229774475,0.5085408091545105,0.528532087802887,-0.4799841344356537,0.9075378775596619,0.9999457597732544,0.5202854871749878,0.5021680593490601,0.19342368841171265,0.016487333923578262,0.9998297691345215,0.5596799254417419,0.5119203925132751,-0.16882368922233582,0.9999931454658508,0.9999986886978149,0.5424578785896301,0.5013178586959839,0.16867803037166595,0.9999872446060181,0.9999959468841553,0.5283812284469604,0.4029081165790558,-0.20235060155391693,0.9897204637527466,0.9999953508377075,0.35875365138053894,0.505325198173523,0.19534242153167725,0.6467192769050598,0.9999909400939941,0.4380616545677185,0.5084310173988342,-0.029862357303500175,0.986009418964386,0.999994158744812,0.1503276824951172,0.5168293714523315,0.26742395758628845,0.9231027364730835,0.9997802376747131,0.45030882954597473,0.525754988193512,-0.01658385619521141,0.9560348987579346,0.9999850988388062,0.11703934520483017,0.5276415944099426,0.2675365209579468,0.8753224015235901,0.9996308088302612,0.34893569350242615,0.5212801694869995,-0.04257173463702202,0.988901674747467,0.9999531507492065,0.09595943987369537,0.4719764292240143,0.19374676048755646,0.9432032704353333,0.9988561868667603,0.5293616414070129,0.0036066532135009544,high,0.5288581281900406,0.0012165337800980058,high,False,False,False,False
84,2802,0,False,0.8477664589881897,0.4591730833053589,-0.07072466611862183,0.9997416138648987,0.999908447265625,0.8649128079414368,0.46281877160072327,-0.09781020879745483,0.999654233455658,0.9999384880065918,0.8665890693664551,0.46496206521987915,-0.09815113991498947,0.9997377395629883,0.9999581575393677,0.8684623837471008,0.4669399857521057,-0.0982108786702156,0.999797523021698,0.9999587535858154,0.8637781143188477,0.46120378375053406,-0.04901067167520523,0.9994924664497375,0.9998801946640015,0.8645392060279846,0.4622270166873932,-0.049382079392671585,0.9995495080947876,0.9998944997787476,0.8655288815498352,0.4631889760494232,-0.049542419612407684,0.9996150135993958,0.9998663663864136,0.8704054355621338,0.477940171957016,-0.15135866403579712,0.9999008774757385,0.9999746084213257,0.8678578734397888,0.4739264249801636,0.0710243508219719,0.9991042017936707,0.9998384714126587,0.8358861207962036,0.4678769111633301,-0.08045053482055664,0.9996200203895569,0.9999622106552124,0.8343418836593628,0.46575453877449036,-0.01955375075340271,0.9989150166511536,0.9998341798782349,0.7974180579185486,0.508958637714386,-0.26004737615585327,0.9999967813491821,0.9999986886978149,0.7708610892295837,0.4911898970603943,0.2770198881626129,0.9997535347938538,0.9999444484710693,0.6659987568855286,0.526313066482544,-0.3959451913833618,0.9952253103256226,0.9999744892120361,0.6495154500007629,0.5037877559661865,0.3370753824710846,0.0043493215925991535,0.9997456669807434,0.542600691318512,0.5286233425140381,-0.4789971709251404,0.9714106917381287,0.9999669790267944,0.5403081774711609,0.5041944980621338,0.21680691838264465,0.008604479022324085,0.9998204112052917,0.5010188221931458,0.5350096821784973,-0.5398881435394287,0.9536441564559937,0.999930739402771,0.5120800137519836,0.500648021697998,0.20496833324432373,0.015362092293798923,0.999843955039978,0.49645712971687317,0.5311616063117981,-0.5341004729270935,0.9502865076065063,0.999902606010437,0.5117213726043701,0.5005975365638733,0.15734267234802246,0.015743637457489967,0.9997768998146057,0.5083281993865967,0.5286392569541931,-0.47564250230789185,0.9085729122161865,0.9999310970306396,0.5206838250160217,0.5025994181632996,0.18977774679660797,0.016877027228474617,0.9998304843902588,0.5593233108520508,0.5123496055603027,-0.16877789795398712,0.9999929070472717,0.9999980926513672,0.5424842834472656,0.5013543367385864,0.1686336249113083,0.9999868869781494,0.9999948740005493,0.5256063342094421,0.40311092138290405,-0.20365294814109802,0.9898231625556946,0.9999939203262329,0.3536527752876282,0.505324125289917,0.19591663777828217,0.6481435298919678,0.9999877214431763,0.43769630789756775,0.5088093876838684,-0.0182296484708786,0.985988974571228,0.9999934434890747,0.14917606115341187,0.5168818831443787,0.28706297278404236,0.9244181513786316,0.9997150301933289,0.4500095844268799,0.5260800719261169,-0.0027593448758125305,0.9561601877212524,0.9999836683273315,0.11559402197599411,0.5276716351509094,0.2900236248970032,0.8768365979194641,0.9995511174201965,0.3485621511936188,0.5215078592300415,-0.026669034734368324,0.9889183640480042,0.9999494552612305,0.09595877677202225,0.47195351123809814,0.2196967452764511,0.9439241886138916,0.9986913800239563,0.5293616414070129,0.003281569480895974,high,0.5288581281900406,0.001186493039131209,high,False,False,False,False
85,2836,0,False,0.8476694822311401,0.4592472314834595,-0.06552877277135849,0.9997395277023315,0.9999198913574219,0.864620566368103,0.46292799711227417,-0.09252531081438065,0.99964839220047,0.9999456405639648,0.86641925573349,0.4650915861129761,-0.09285860508680344,0.9997331500053406,0.9999622106552124,0.8683723211288452,0.4671236276626587,-0.09291820228099823,0.9997935891151428,0.9999618530273438,0.8633973002433777,0.4612289071083069,-0.043822724372148514,0.9994833469390869,0.999895453453064,0.8641976118087769,0.46223992109298706,-0.044192150235176086,0.9995416402816772,0.9999068975448608,0.8652346134185791,0.46319034695625305,-0.04434942826628685,0.9996076226234436,0.999880313873291,0.8703712821006775,0.47815999388694763,-0.14658814668655396,0.9998992681503296,0.9999754428863525,0.8676590323448181,0.4739231765270233,0.0755251869559288,0.9990876913070679,0.9998492002487183,0.8357924818992615,0.4680032730102539,-0.07541225850582123,0.9996095299720764,0.9999585151672363,0.8341957330703735,0.4657750427722931,-0.014613412320613861,0.998883068561554,0.9998216032981873,0.7974274754524231,0.50896155834198,-0.25742796063423157,0.9999967217445374,0.9999984502792358,0.7705851197242737,0.49110332131385803,0.27886486053466797,0.9997504949569702,0.9999366998672485,0.665432333946228,0.5263260006904602,-0.3877438008785248,0.9952168464660645,0.9999709129333496,0.6493713855743408,0.5039212107658386,0.33697155117988586,0.004319960251450539,0.9997214674949646,0.5409671068191528,0.5287416577339172,-0.4654279351234436,0.9711663126945496,0.999958872795105,0.5402219891548157,0.5057820081710815,0.21901361644268036,0.008610541000962257,0.9997832179069519,0.5000942945480347,0.5352068543434143,-0.5245481729507446,0.9530019164085388,0.9999138116836548,0.5117226243019104,0.5029302835464478,0.20766647160053253,0.015391609631478786,0.9998076558113098,0.49584898352622986,0.5311719179153442,-0.5184944272041321,0.9496614336967468,0.9998798370361328,0.5107784271240234,0.5023609399795532,0.16118066012859344,0.015770956873893738,0.9997265934944153,0.5071998834609985,0.5287262797355652,-0.4616633355617523,0.9076123237609863,0.9999138116836548,0.5192539095878601,0.5042168498039246,0.19251589477062225,0.016902487725019455,0.9997918009757996,0.5589533448219299,0.5127346515655518,-0.16866914927959442,0.9999926090240479,0.9999978542327881,0.542174756526947,0.5015414357185364,0.1685263067483902,0.9999864101409912,0.9999942779541016,0.5236948132514954,0.4031301438808441,-0.2036990523338318,0.9898868203163147,0.999993085861206,0.3536124527454376,0.5053484439849854,0.19588029384613037,0.6460562348365784,0.999987006187439,0.43728840351104736,0.5093071460723877,-0.023599138483405113,0.9861411452293396,0.9999934434890747,0.1480729579925537,0.5169222354888916,0.2860366106033325,0.9255495667457581,0.9996975660324097,0.4501517117023468,0.5271799564361572,-0.009518236853182316,0.9568138122558594,0.999983549118042,0.11522338539361954,0.5276879668235779,0.288640558719635,0.8782349228858948,0.9995144605636597,0.348149836063385,0.5219466090202332,-0.035408709198236465,0.9890480041503906,0.9999463558197021,0.095819853246212,0.4717749059200287,0.21679498255252838,0.9445148706436157,0.9985485672950745,0.5293616414070129,0.0021816849708556907,high,0.5288581281900406,0.001170161366462752,high,False,False,False,False
86,2869,0,False,0.849107027053833,0.4592113494873047,-0.08060923218727112,0.9997251629829407,0.9998503923416138,0.8662653565406799,0.46293628215789795,-0.10899802297353745,0.9996252655982971,0.9998958110809326,0.8677811622619629,0.4650896489620209,-0.10933538526296616,0.9997157454490662,0.9999291896820068,0.8693591356277466,0.467115581035614,-0.10939483344554901,0.9997801184654236,0.9999301433563232,0.8649910092353821,0.4613027572631836,-0.060329388827085495,0.9994475245475769,0.9997989535331726,0.8655622005462646,0.4623340964317322,-0.06071210652589798,0.9995104074478149,0.9998252987861633,0.8662800192832947,0.4632958471775055,-0.06088164448738098,0.9995811581611633,0.999782145023346,0.8706526756286621,0.4781755208969116,-0.16642682254314423,0.9998936653137207,0.9999598264694214,0.8679425716400146,0.4740273058414459,0.055595993995666504,0.9990396499633789,0.9997519850730896,0.8366156220436096,0.4679693579673767,-0.09146564453840256,0.9995927810668945,0.9999436140060425,0.8347828388214111,0.46578019857406616,-0.03061477094888687,0.9988309144973755,0.9997546076774597,0.7974448800086975,0.5089837908744812,-0.2672830820083618,0.9999966025352478,0.9999982118606567,0.7706836462020874,0.49119922518730164,0.25793853402137756,0.9997485876083374,0.9999299049377441,0.6654720902442932,0.5263973474502563,-0.3966023921966553,0.9950963854789734,0.999966025352478,0.6493676900863647,0.5039850473403931,0.32593774795532227,0.0042648036032915115,0.9996852874755859,0.5409823060035706,0.5287948846817017,-0.47781655192375183,0.970764696598053,0.9999573230743408,0.5402308106422424,0.5057471394538879,0.2199930101633072,0.008643434382975101,0.9997915625572205,0.5001005530357361,0.535232663154602,-0.5372684001922607,0.952332615852356,0.9999102354049683,0.5117202401161194,0.5029297471046448,0.2095351666212082,0.015451443381607533,0.9998167157173157,0.4959017038345337,0.5311726331710815,-0.533165693283081,0.9489957690238953,0.9998773336410522,0.5107828378677368,0.5023968815803528,0.1626559942960739,0.015833938494324684,0.9997406601905823,0.5073167085647583,0.5287408232688904,-0.47497445344924927,0.9063332080841064,0.9999138116836548,0.5194138288497925,0.5041905045509338,0.1936950534582138,0.0169390719383955,0.999805748462677,0.5587774515151978,0.5127679109573364,-0.16778196394443512,0.9999924302101135,0.9999982118606567,0.542173445224762,0.501535952091217,0.16763506829738617,0.9999861717224121,0.9999951124191284,0.5215429663658142,0.4033062160015106,-0.20167292654514313,0.9896387457847595,0.9999934434890747,0.35082945227622986,0.5053461194038391,0.20224934816360474,0.6422894597053528,0.9999868869781494,0.4370511472225189,0.509753406047821,-0.018564429134130478,0.985928475856781,0.9999936819076538,0.14727993309497833,0.5168597102165222,0.2973127067089081,0.9256286025047302,0.9997044205665588,0.4503910541534424,0.5273007750511169,-0.004301722627133131,0.9565423130989075,0.9999837875366211,0.11449628323316574,0.5276817083358765,0.30038267374038696,0.8782945275306702,0.9995256662368774,0.3479897379875183,0.5221338272094727,-0.029872195795178413,0.9889045357704163,0.999947190284729,0.09563400596380234,0.4716801345348358,0.23140548169612885,0.9443217515945435,0.9985947012901306,0.5293616414070129,0.002060866355895974,high,0.5288581281900406,0.001176419854164168,high,False,False,False,False
87,2902,0,False,0.8480547666549683,0.45918798446655273,-0.07267603278160095,0.9997366666793823,0.9999566078186035,0.866055965423584,0.46291419863700867,-0.10092878341674805,0.9996407628059387,0.9999732971191406,0.867546796798706,0.46507930755615234,-0.10126665979623795,0.9997280836105347,0.9999816417694092,0.8690430521965027,0.46708443760871887,-0.10131880640983582,0.9997890591621399,0.9999816417694092,0.8648263812065125,0.4612642526626587,-0.051555048674345016,0.9994697570800781,0.999947190284729,0.8654499053955078,0.4623236060142517,-0.05193350836634636,0.9995308518409729,0.9999526739120483,0.8662131428718567,0.46329376101493835,-0.052096109837293625,0.9995972514152527,0.9999390840530396,0.8703966736793518,0.47817307710647583,-0.15925876796245575,0.999897837638855,0.9999876022338867,0.8678649067878723,0.47402554750442505,0.06469612568616867,0.9990744590759277,0.9999212026596069,0.83586585521698,0.4679628312587738,-0.08411449193954468,0.9996064901351929,0.9999783039093018,0.8341379761695862,0.4657811224460602,-0.022402198985219002,0.9988692402839661,0.9999020099639893,0.7960720658302307,0.5089851021766663,-0.2686011493206024,0.9999966621398926,0.9999990463256836,0.770325779914856,0.4912030100822449,0.26222842931747437,0.9997529983520508,0.9999568462371826,0.6643461585044861,0.5263306498527527,-0.41445478796958923,0.9952419400215149,0.9999758005142212,0.6491355895996094,0.5039865970611572,0.33073046803474426,0.004268900025635958,0.9997604489326477,0.5406960248947144,0.5288671851158142,-0.5111114382743835,0.9717219471931458,0.9999706745147705,0.5402428507804871,0.5050761103630066,0.21259915828704834,0.00871540792286396,0.9998087286949158,0.4998279809951782,0.5353435277938843,-0.5748261213302612,0.9537367820739746,0.9999377727508545,0.5117131471633911,0.5023162364959717,0.2007138729095459,0.015629898756742477,0.9998313188552856,0.49582672119140625,0.5312049388885498,-0.5684680938720703,0.9505390524864197,0.9999139308929443,0.5108832120895386,0.500557541847229,0.15356899797916412,0.016021903604269028,0.9997656941413879,0.5072255730628967,0.5289074182510376,-0.5076789259910583,0.9090501070022583,0.999937891960144,0.5198232531547546,0.5023162961006165,0.18555739521980286,0.017148001119494438,0.9998194575309753,0.5587517023086548,0.5127662420272827,-0.16898144781589508,0.9999924898147583,0.9999986886978149,0.5421522259712219,0.5016762614250183,0.16884320974349976,0.9999862909317017,0.9999960660934448,0.5204296112060547,0.4037639796733856,-0.20170488953590393,0.9899207949638367,0.9999954700469971,0.3530363440513611,0.5055822134017944,0.20198597013950348,0.6481556296348572,0.9999912977218628,0.4369182884693146,0.5106955766677856,-0.02228439971804619,0.9863213896751404,0.9999945163726807,0.14730536937713623,0.5168596506118774,0.27142953872680664,0.928260087966919,0.9997995495796204,0.45013490319252014,0.5282701849937439,-0.008869488723576069,0.9578513503074646,0.999985933303833,0.11451782286167145,0.5277224779129028,0.2706741988658905,0.8820508718490601,0.9996588230133057,0.34764915704727173,0.5222527384757996,-0.037592578679323196,0.9892535209655762,0.9999552965164185,0.09517141431570053,0.47172456979751587,0.1931793987751007,0.9463364481925964,0.998954176902771,0.5293616414070129,0.0010914564132690208,high,0.5288581281900406,0.0011356502771378008,high,False,False,False,False
88,2936,0,False,0.8472632765769958,0.4593415856361389,-0.07115085422992706,0.9997555017471313,0.9999819993972778,0.8650605082511902,0.4630861282348633,-0.09785662591457367,0.9996669888496399,0.9999884366989136,0.8664654493331909,0.4652514159679413,-0.09819307923316956,0.9997478723526001,0.9999918937683105,0.8679569959640503,0.4672985374927521,-0.09824131429195404,0.9998043179512024,0.999991774559021,0.863974928855896,0.4612956941127777,-0.04831724986433983,0.9995077848434448,0.9999759197235107,0.8645793795585632,0.46233484148979187,-0.04869046434760094,0.9995639324188232,0.9999773502349854,0.865343451499939,0.46329453587532043,-0.04884050041437149,0.9996247291564941,0.9999693632125854,0.8689752221107483,0.47824281454086304,-0.1587311178445816,0.999904990196228,0.9999942779541016,0.8665940165519714,0.47402098774909973,0.06568478792905807,0.9991339445114136,0.9999576807022095,0.8350996971130371,0.4680013358592987,-0.08089567720890045,0.9996313452720642,0.9999886751174927,0.8334169983863831,0.46579834818840027,-0.019044695422053337,0.9989385008811951,0.9999464750289917,0.7953938245773315,0.5088896751403809,-0.26787853240966797,0.9999967813491821,0.9999994039535522,0.769627571105957,0.49119243025779724,0.2751137912273407,0.9997605681419373,0.9999667406082153,0.6629310250282288,0.5262345671653748,-0.41380083560943604,0.9954709410667419,0.999982476234436,0.6489260196685791,0.5039879083633423,0.3325355350971222,0.004381868988275528,0.9997898936271667,0.5391411185264587,0.5292146801948547,-0.5109590888023376,0.9733371734619141,0.99997878074646,0.5402310490608215,0.5053761601448059,0.21430657804012299,0.009178235195577145,0.9998393058776855,0.49788299202919006,0.5354251861572266,-0.5739639401435852,0.9562000632286072,0.9999531507492065,0.5114753246307373,0.5023805499076843,0.20188741385936737,0.0164779182523489,0.9998555183410645,0.4940144717693329,0.5312674641609192,-0.5671300292015076,0.9532197713851929,0.9999352693557739,0.5106083750724792,0.501213788986206,0.15453572571277618,0.016904432326555252,0.9997983574867249,0.5054739713668823,0.5291891694068909,-0.5073263645172119,0.9138096570968628,0.999954104423523,0.519291877746582,0.5030142664909363,0.18703411519527435,0.01806645095348358,0.9998464584350586,0.5584477186203003,0.512799084186554,-0.169663205742836,0.9999924302101135,0.9999985694885254,0.5419061183929443,0.5017531514167786,0.16952423751354218,0.9999862313270569,0.9999955892562866,0.519652247428894,0.4039222300052643,-0.20235756039619446,0.9903057217597961,0.9999949932098389,0.35431477427482605,0.5055747628211975,0.1972283273935318,0.6561386585235596,0.9999896287918091,0.4367137551307678,0.510588526725769,-0.022211356088519096,0.9867494702339172,0.9999943971633911,0.1474534422159195,0.5168488621711731,0.26947513222694397,0.9307393431663513,0.9997699856758118,0.4498405456542969,0.5281213521957397,-0.008706740103662014,0.959250807762146,0.9999856948852539,0.11453548818826675,0.5277277827262878,0.2695559859275818,0.8855431079864502,0.9996169805526733,0.3473889231681824,0.5223747491836548,-0.0354069359600544,0.9896351099014282,0.9999537467956543,0.09510452300310135,0.47177112102508545,0.19525302946567535,0.9482248425483704,0.998808741569519,0.5293616414070129,0.0012402892112731712,high,0.5288581281900406,0.001130345463752791,high,False,False,False,False
89,2969,0,False,0.8471630215644836,0.4594501256942749,-0.06922656297683716,0.9997636675834656,0.9999504089355469,0.8645690083503723,0.46310096979141235,-0.09568598121404648,0.9996780157089233,0.9999669790267944,0.8662409782409668,0.46525242924690247,-0.09602488577365875,0.9997565746307373,0.9999772310256958,0.8678750991821289,0.46729809045791626,-0.09607292711734772,0.9998104572296143,0.9999774694442749,0.8633996844291687,0.46136245131492615,-0.046108465641736984,0.999523401260376,0.9999349117279053,0.8641890287399292,0.46240460872650146,-0.046481117606163025,0.999578058719635,0.9999415874481201,0.865138828754425,0.46336066722869873,-0.04663091525435448,0.9996356964111328,0.9999252557754517,0.8689827919006348,0.47824764251708984,-0.15487904846668243,0.9999082684516907,0.9999858140945435,0.8665987849235535,0.4741329848766327,0.07014623284339905,0.999163806438446,0.9999059438705444,0.8350734114646912,0.46806660294532776,-0.07882143557071686,0.9996436238288879,0.9999771118164062,0.8334040641784668,0.4658958613872528,-0.016940563917160034,0.9989719986915588,0.9998972415924072,0.7953507304191589,0.508888840675354,-0.26592692732810974,0.9999968409538269,0.9999990463256836,0.7696592211723328,0.4913802742958069,0.27614083886146545,0.9997650384902954,0.9999569654464722,0.6630172729492188,0.5262412428855896,-0.4125489294528961,0.9955711960792542,0.9999762773513794,0.648693859577179,0.5041138529777527,0.33316436409950256,0.0044763097539544106,0.9997487664222717,0.5391567945480347,0.529371976852417,-0.516600489616394,0.9743608832359314,0.9999748468399048,0.540091872215271,0.5057796239852905,0.21570488810539246,0.009463967755436897,0.9998261332511902,0.4979095458984375,0.5355647802352905,-0.5807682871818542,0.9578189849853516,0.9999465942382812,0.5111095905303955,0.5025071501731873,0.20374451577663422,0.016951963305473328,0.9998483657836914,0.49402764439582825,0.5313523411750793,-0.5740953683853149,0.9549527168273926,0.9999274015426636,0.5099302530288696,0.5017943382263184,0.1567622721195221,0.017387470230460167,0.9997884631156921,0.5055098533630371,0.5293172597885132,-0.5132887959480286,0.9166986346244812,0.999948263168335,0.51863032579422,0.5036138296127319,0.18877039849758148,0.018556982278823853,0.9998388290405273,0.5584256052970886,0.5127959847450256,-0.169349804520607,0.9999924302101135,0.9999984502792358,0.5419700145721436,0.5019058585166931,0.16920961439609528,0.9999862909317017,0.9999958276748657,0.519312858581543,0.40392637252807617,-0.20182259380817413,0.990639865398407,0.9999954700469971,0.35457855463027954,0.5055674910545349,0.19756117463111877,0.6659399271011353,0.9999908208847046,0.43656906485557556,0.510585367679596,-0.024070121347904205,0.9872763156890869,0.999995231628418,0.14665138721466064,0.5169234871864319,0.27031493186950684,0.9338324069976807,0.9998027682304382,0.4497356712818146,0.5283883213996887,-0.011019167490303516,0.960748553276062,0.9999873638153076,0.11358865350484848,0.5277539491653442,0.2705962657928467,0.8899357318878174,0.9996663331985474,0.34724172949790955,0.5224234461784363,-0.039760835468769073,0.9900579452514648,0.9999576807022095,0.09500937163829803,0.47175562381744385,0.19670148193836212,0.950430691242218,0.9989012479782104,0.5293616414070129,0.0009733200073241965,high,0.5288581281900406,0.0011041790246963945,high,False,False,False,False
90,3002,0,False,0.8470509052276611,0.4590296149253845,-0.06878349930047989,0.999772846698761,0.999958872795105,0.8643468022346497,0.46283742785453796,-0.09507149457931519,0.9996906518936157,0.9999738931655884,0.8660538196563721,0.46508127450942993,-0.09541351348161697,0.9997662901878357,0.9999819993972778,0.8677478432655334,0.46711158752441406,-0.09546058624982834,0.9998177886009216,0.9999821186065674,0.8631552457809448,0.46114999055862427,-0.04510868713259697,0.9995413422584534,0.9999481439590454,0.8639346361160278,0.46227169036865234,-0.04548255354166031,0.9995937943458557,0.9999532699584961,0.864897608757019,0.46328768134117126,-0.04563777893781662,0.9996485114097595,0.9999394416809082,0.8688666820526123,0.4781046509742737,-0.15392731130123138,0.9999119639396667,0.9999885559082031,0.8664253950119019,0.47405681014060974,0.07259576767683029,0.9991933703422546,0.9999220371246338,0.8350142240524292,0.4678995907306671,-0.07850577682256699,0.9996552467346191,0.9999793767929077,0.8333114981651306,0.4657297134399414,-0.016091063618659973,0.9990028142929077,0.9999058246612549,0.7952970266342163,0.5088757276535034,-0.26473814249038696,0.9999969005584717,0.9999991655349731,0.7693505883216858,0.49130523204803467,0.2774370014667511,0.9997682571411133,0.9999592304229736,0.6626611351966858,0.526120126247406,-0.40779855847358704,0.9956833124160767,0.9999788999557495,0.6484200954437256,0.5040935277938843,0.333929181098938,0.00445494893938303,0.9997689127922058,0.5387730598449707,0.529346764087677,-0.5078364610671997,0.9751659035682678,0.999974250793457,0.5398499965667725,0.5057584047317505,0.2177523970603943,0.009515777230262756,0.9998283386230469,0.49784383177757263,0.5355700254440308,-0.5708707571029663,0.9590139389038086,0.9999452829360962,0.510955810546875,0.502479612827301,0.20667247474193573,0.017075683921575546,0.9998506307601929,0.49399420619010925,0.5313407182693481,-0.5641278624534607,0.9562495350837708,0.9999239444732666,0.5098004937171936,0.5018473267555237,0.15948545932769775,0.017517071217298508,0.9997887015342712,0.5053514242172241,0.5293146371841431,-0.504378080368042,0.9189190864562988,0.9999456405639648,0.5186276435852051,0.5036430358886719,0.19086943566799164,0.018694128841161728,0.9998378753662109,0.5582203269004822,0.512803852558136,-0.16918376088142395,0.9999924302101135,0.9999986886978149,0.5417796969413757,0.5019170641899109,0.16904594004154205,0.9999863505363464,0.9999961853027344,0.5182352662086487,0.4039926826953888,-0.2008587121963501,0.9909170269966125,0.9999954700469971,0.354390025138855,0.5058403611183167,0.19595102965831757,0.6702367067337036,0.9999909400939941,0.43631884455680847,0.5104755759239197,-0.02157123200595379,0.9876387715339661,0.9999957084655762,0.14599820971488953,0.516900897026062,0.2707676589488983,0.9354634881019592,0.9998056292533875,0.44965335726737976,0.5282617807388306,-0.008049331605434418,0.961859405040741,0.9999889135360718,0.113529272377491,0.5276529788970947,0.27084922790527344,0.8921650052070618,0.9996811151504517,0.34544607996940613,0.5224347710609436,-0.03263041749596596,0.9903647303581238,0.9999624490737915,0.09479004889726639,0.47172102332115173,0.1993655413389206,0.951682984828949,0.9989890456199646,0.5293616414070129,0.0010998606681823508,high,0.5288581281900406,0.0012051492929459062,high,False,False,False,False
91,3036,0,False,0.84649258852005,0.45937490463256836,-0.05142747983336449,0.9997808933258057,0.9999599456787109,0.8637772798538208,0.4628908038139343,-0.07938908040523529,0.9997018575668335,0.9999744892120361,0.8654577732086182,0.46508604288101196,-0.07972171902656555,0.9997749924659729,0.9999822378158569,0.8671947121620178,0.4671103060245514,-0.07976259291172028,0.9998241066932678,0.9999822378158569,0.8627163171768188,0.46126168966293335,-0.029423698782920837,0.9995577335357666,0.9999505281448364,0.8635342717170715,0.46233877539634705,-0.029801463708281517,0.9996088147163391,0.9999560117721558,0.8645483255386353,0.46332284808158875,-0.029951419681310654,0.9996606111526489,0.9999438524246216,0.8686412572860718,0.47804468870162964,-0.14345242083072662,0.9999150633811951,0.9999884366989136,0.8663462400436401,0.4740588963031769,0.08363109827041626,0.9992221593856812,0.9999287128448486,0.8344653844833374,0.4679877460002899,-0.06443952769041061,0.9996665120124817,0.9999803304672241,0.8329111337661743,0.46583133935928345,-0.00201694224961102,0.9990347027778625,0.999913215637207,0.794816792011261,0.5088257193565369,-0.2599066495895386,0.9999969601631165,0.9999991655349731,0.7693552374839783,0.4914531111717224,0.28163769841194153,0.9997735023498535,0.9999635219573975,0.6627029180526733,0.5260153412818909,-0.4072677195072174,0.9957649111747742,0.9999767541885376,0.6485005617141724,0.504270613193512,0.3359180688858032,0.0044859629124403,0.9997792840003967,0.5388011932373047,0.5293797254562378,-0.5086095333099365,0.9757974743843079,0.9999723434448242,0.5401643514633179,0.5066271424293518,0.21895238757133484,0.009692180901765823,0.9998286962509155,0.49786415696144104,0.5355186462402344,-0.5718809366226196,0.9600122570991516,0.999941349029541,0.5110099911689758,0.5034909844398499,0.20801903307437897,0.017393723130226135,0.9998451471328735,0.4940020442008972,0.5312977433204651,-0.5645419955253601,0.957323431968689,0.9999197721481323,0.5097994208335876,0.5026196837425232,0.16135579347610474,0.017840521410107613,0.9997841715812683,0.5054882168769836,0.529312252998352,-0.5049319267272949,0.9207327365875244,0.9999418258666992,0.5189124941825867,0.5041980743408203,0.19222354888916016,0.01902715303003788,0.9998348951339722,0.5582243800163269,0.5127930641174316,-0.1690272092819214,0.9999924898147583,0.9999985694885254,0.5419445633888245,0.5020607113838196,0.16888906061649323,0.999986469745636,0.9999958276748657,0.517611026763916,0.404064804315567,-0.2005089819431305,0.991121768951416,0.9999945163726807,0.3562676012516022,0.5057559013366699,0.19447752833366394,0.6754159331321716,0.9999897480010986,0.4362001121044159,0.5105763077735901,-0.02523777261376381,0.9878882765769958,0.9999942779541016,0.14651304483413696,0.516883134841919,0.2586340308189392,0.9371454119682312,0.9997708201408386,0.44955363869667053,0.5282908082008362,-0.012268934398889542,0.962614893913269,0.9999853372573853,0.11369749903678894,0.5276779532432556,0.2578427791595459,0.8942082524299622,0.9996117949485779,0.3456220030784607,0.5225288271903992,-0.03780437633395195,0.9905821084976196,0.9999529123306274,0.09455141425132751,0.4716942012310028,0.18363162875175476,0.9529277682304382,0.9988069534301758,0.5293616414070129,0.0010708332061767356,high,0.5288581281900406,0.0011801749467850176,high,False,False,False,False
92,3069,0,False,0.8461961150169373,0.45949587225914,-0.050656963139772415,0.9997872710227966,0.9999606609344482,0.8635448813438416,0.4630446434020996,-0.07797962427139282,0.9997105598449707,0.9999747276306152,0.8651723861694336,0.4652117192745209,-0.07830927520990372,0.9997813105583191,0.999982476234436,0.8668940663337708,0.4672641456127167,-0.07835325598716736,0.9998289942741394,0.9999823570251465,0.8625066876411438,0.46128398180007935,-0.028691856190562248,0.9995703101158142,0.9999500513076782,0.8632998466491699,0.46233949065208435,-0.029068080708384514,0.9996193051338196,0.9999548196792603,0.8642924427986145,0.46330738067626953,-0.029212407767772675,0.9996695518493652,0.9999408721923828,0.8682267069816589,0.47808539867401123,-0.13538123667240143,0.9999171495437622,0.9999884366989136,0.8660399913787842,0.47402364015579224,0.08664000779390335,0.9992386698722839,0.9999231100082397,0.8342949151992798,0.4680308997631073,-0.06207552179694176,0.9996703267097473,0.9999780654907227,0.8326740860939026,0.46583276987075806,-0.0007422483759000897,0.9990460872650146,0.9999022483825684,0.7944819927215576,0.5086416602134705,-0.2484193593263626,0.9999969601631165,0.9999991655349731,0.769152820110321,0.49133551120758057,0.2864186465740204,0.9997748732566833,0.9999595880508423,0.6625413298606873,0.5256859064102173,-0.38711830973625183,0.9957865476608276,0.9999788999557495,0.6485230326652527,0.5041921734809875,0.345251202583313,0.0044248951599001884,0.9997833371162415,0.5382153391838074,0.529341459274292,-0.47728729248046875,0.9758579730987549,0.9999711513519287,0.5401867628097534,0.5066154599189758,0.23375220596790314,0.009610327892005444,0.9998272061347961,0.4977845251560211,0.5354496240615845,-0.5374666452407837,0.9600388407707214,0.9999392032623291,0.5109962224960327,0.5033743977546692,0.22394423186779022,0.01728791370987892,0.9998465776443481,0.49392396211624146,0.5311933755874634,-0.5307205319404602,0.957392692565918,0.9999148845672607,0.509774386882782,0.5026447772979736,0.17739330232143402,0.017737599089741707,0.9997811913490295,0.5051721334457397,0.5292118191719055,-0.4734876751899719,0.9209576845169067,0.9999386072158813,0.5189392566680908,0.504203200340271,0.20721633732318878,0.01892056316137314,0.9998326301574707,0.557671844959259,0.5123118758201599,-0.16862241923809052,0.9999924302101135,0.9999986886978149,0.5415822863578796,0.501969039440155,0.16848696768283844,0.9999864101409912,0.9999961853027344,0.5168259739875793,0.40399476885795593,-0.20053590834140778,0.9912471771240234,0.999995231628418,0.35487228631973267,0.505863606929779,0.19350700080394745,0.6733893156051636,0.9999905824661255,0.4358396530151367,0.5105044841766357,-0.02119876630604267,0.9879957437515259,0.9999955892562866,0.14630815386772156,0.5167917013168335,0.2612067461013794,0.937387228012085,0.9997861981391907,0.44893836975097656,0.5280495882034302,-0.006998454686254263,0.9630985260009766,0.9999889135360718,0.11322997510433197,0.5275567770004272,0.2615591883659363,0.8941217064857483,0.9996505975723267,0.34396249055862427,0.5225133895874023,-0.02614062838256359,0.9907010197639465,0.9999629259109497,0.09434136748313904,0.4716925024986267,0.19161461293697357,0.9531590938568115,0.9989452958106995,0.5293616414070129,0.0013120532035827415,high,0.5288581281900406,0.0013013511896133867,high,False,False,False,False
93,3103,0,False,0.8458331823348999,0.4595836102962494,-0.03322243317961693,0.9998001456260681,0.9999793767929077,0.8630667328834534,0.46307411789894104,-0.059193868190050125,0.9997285008430481,0.9999867677688599,0.8648273348808289,0.46524283289909363,-0.05951191857457161,0.9997949004173279,0.9999908208847046,0.8667039275169373,0.46733513474464417,-0.05954167991876602,0.9998393654823303,0.999990701675415,0.8620272874832153,0.4612932801246643,-0.011192841455340385,0.9995966553688049,0.9999734163284302,0.8628937602043152,0.46234291791915894,-0.011562494561076164,0.9996422529220581,0.9999756813049316,0.8640003204345703,0.46330752968788147,-0.011683963239192963,0.9996887445449829,0.9999678134918213,0.8681519627571106,0.47810065746307373,-0.11247874796390533,0.9999220371246338,0.9999940395355225,0.8659012317657471,0.4740236699581146,0.10577283054590225,0.999282956123352,0.9999573230743408,0.8340133428573608,0.4680984318256378,-0.04334404319524765,0.9996874928474426,0.9999880790710449,0.8324561715126038,0.4658575654029846,0.016573535278439522,0.9990935325622559,0.9999432563781738,0.7945773005485535,0.5085037350654602,-0.22966383397579193,0.9999970197677612,0.9999994039535522,0.7691094279289246,0.49136874079704285,0.3005768954753876,0.9997795820236206,0.9999691247940063,0.665282130241394,0.5256699323654175,-0.3906307816505432,0.9957963228225708,0.9999778270721436,0.6485550999641418,0.5041906833648682,0.361038476228714,0.004396871197968721,0.9997956156730652,0.5412537455558777,0.5286353826522827,-0.5290395021438599,0.9761208295822144,0.9999754428863525,0.5407010912895203,0.5061028599739075,0.26238247752189636,0.009551667608320713,0.9998396635055542,0.5000735521316528,0.5353721380233765,-0.5963107347488403,0.9607245326042175,0.9999507665634155,0.5110650658607483,0.5026761889457703,0.25459039211273193,0.017232505604624748,0.9998623132705688,0.496046781539917,0.531157374382019,-0.5863991379737854,0.9581117033958435,0.9999336004257202,0.5098559260368347,0.5016721487045288,0.20870986580848694,0.01766206882894039,0.9998076558113098,0.5073785781860352,0.5291405320167542,-0.5253579020500183,0.9220513701438904,0.9999513626098633,0.5193488597869873,0.5032963752746582,0.23658259212970734,0.01885351911187172,0.9998513460159302,0.5574323534965515,0.5120999813079834,-0.16838641464710236,0.9999927282333374,0.9999991655349731,0.541483461856842,0.501975417137146,0.16823998093605042,0.9999869465827942,0.9999977350234985,0.5152050852775574,0.40399980545043945,-0.20064963400363922,0.9916499853134155,0.9999973773956299,0.35484346747398376,0.5057818293571472,0.193525493144989,0.6827998161315918,0.9999945163726807,0.43541595339775085,0.5105020403862,-0.029456404969096184,0.9885937571525574,0.9999973773956299,0.14597831666469574,0.5167484879493713,0.26315149664878845,0.9402111172676086,0.9998774528503418,0.4488646984100342,0.5284083485603333,-0.016323300078511238,0.9648512005805969,0.9999927282333374,0.11306501179933548,0.5274088978767395,0.26371562480926514,0.8985030055046082,0.9997841715812683,0.34395259618759155,0.522598147392273,-0.03493184968829155,0.991173505783081,0.9999725818634033,0.09425008296966553,0.47169211506843567,0.19188496470451355,0.9552739262580872,0.9992153644561768,0.5293616414070129,0.0009532928466796653,high,0.5288581281900406,0.0014492303133011308,high,False,False,False,False
94,3136,0,False,0.8457310199737549,0.4596019387245178,-0.032816074788570404,0.9998083114624023,0.9999649524688721,0.862894594669342,0.4630883038043976,-0.05875023454427719,0.9997396469116211,0.9999778270721436,0.8647204041481018,0.4652593731880188,-0.059070706367492676,0.9998036623001099,0.999984860420227,0.866645872592926,0.46735334396362305,-0.05910344794392586,0.9998459815979004,0.9999849796295166,0.8618440628051758,0.46130749583244324,-0.011046442203223705,0.9996123313903809,0.9999545812606812,0.8627458810806274,0.46235787868499756,-0.011415407061576843,0.9996556639671326,0.9999583959579468,0.8638932108879089,0.4633161425590515,-0.01153954304754734,0.9996993541717529,0.9999451637268066,0.8681447505950928,0.478121817111969,-0.11232501268386841,0.9999252557754517,0.9999910593032837,0.8658605217933655,0.47402408719062805,0.10529668629169464,0.999309241771698,0.9999299049377441,0.8339893221855164,0.4681129455566406,-0.0429244264960289,0.9996982216835022,0.9999823570251465,0.8324224948883057,0.4658724069595337,0.01667533814907074,0.9991205930709839,0.9999140501022339,0.7946149706840515,0.5082393288612366,-0.2291528433561325,0.999997079372406,0.9999992847442627,0.7691848874092102,0.4913463890552521,0.30217117071151733,0.9997798800468445,0.9999561309814453,0.6663323640823364,0.5251566767692566,-0.3936174511909485,0.9957516193389893,0.9999727010726929,0.6488585472106934,0.5039365291595459,0.3691650927066803,0.004314901772886515,0.9997304081916809,0.5424596667289734,0.5284833908081055,-0.5368102192878723,0.9762142300605774,0.9999704360961914,0.5416558384895325,0.5042726993560791,0.2802383303642273,0.009411406703293324,0.9997919201850891,0.5004441738128662,0.5352784991264343,-0.6038252711296082,0.9610741138458252,0.9999421834945679,0.5141319632530212,0.5006663203239441,0.2745547294616699,0.017033251002430916,0.9998277425765991,0.49641361832618713,0.5309648513793945,-0.5939194560050964,0.9584699869155884,0.9999209642410278,0.5129625797271729,0.4981336295604706,0.2282414585351944,0.017444944009184837,0.9997565150260925,0.507858395576477,0.529074490070343,-0.5331048369407654,0.9225092530250549,0.9999423027038574,0.5213675498962402,0.5000537037849426,0.2545734941959381,0.018650289624929428,0.9998109936714172,0.5575945377349854,0.5118693113327026,-0.1683848798274994,0.999992847442627,0.9999988079071045,0.5415710210800171,0.501939058303833,0.16823722422122955,0.9999871253967285,0.9999964237213135,0.5138513445854187,0.4040025770664215,-0.2019132375717163,0.9919173121452332,0.999996542930603,0.3541627824306488,0.5057803988456726,0.1929437816143036,0.6888909339904785,0.999992847442627,0.4353797733783722,0.5104612708091736,-0.031150231137871742,0.9889320731163025,0.9999959468841553,0.14516019821166992,0.5167221426963806,0.26433640718460083,0.9420053958892822,0.9998225569725037,0.44881772994995117,0.5284716486930847,-0.017899122089147568,0.9658205509185791,0.9999886751174927,0.11203586310148239,0.5273117423057556,0.2650194466114044,0.9014142751693726,0.9996849298477173,0.3439820110797882,0.52260422706604,-0.035968389362096786,0.9914299249649048,0.9999610185623169,0.09415441751480103,0.4715704321861267,0.19597184658050537,0.9565876722335815,0.9989351630210876,0.5293616414070129,0.0008899927139282005,high,0.5288581281900406,0.0015463858842850176,high,False,False,False,False
95,3169,0,False,0.8455216884613037,0.4596045911312103,-0.026877831667661667,0.9998181462287903,0.9999747276306152,0.8627331256866455,0.4630737006664276,-0.054537124931812286,0.9997531771659851,0.9999836683273315,0.8645311594009399,0.4651809334754944,-0.054855827242136,0.9998140335083008,0.9999887943267822,0.8664730787277222,0.4671822488307953,-0.05489320307970047,0.999853789806366,0.9999887943267822,0.8617159724235535,0.4613317847251892,-0.006194065324962139,0.9996320009231567,0.9999669790267944,0.8626171946525574,0.4623886048793793,-0.006559737026691437,0.9996728301048279,0.9999699592590332,0.8637587428092957,0.463350772857666,-0.006681423168629408,0.999713659286499,0.9999603033065796,0.8680617809295654,0.4780181050300598,-0.11354153603315353,0.9999290108680725,0.9999929666519165,0.8657651543617249,0.47404348850250244,0.10659633576869965,0.9993430972099304,0.999948263168335,0.8336597681045532,0.46808189153671265,-0.03907712548971176,0.9997114539146423,0.9999862909317017,0.8322378396987915,0.46587511897087097,0.021319273859262466,0.9991574287414551,0.9999344348907471,0.7948033213615417,0.5081427693367004,-0.23116526007652283,0.9999971389770508,0.9999994039535522,0.7690799832344055,0.4913601279258728,0.3018546998500824,0.9997841119766235,0.9999654293060303,0.6671750545501709,0.5245198011398315,-0.40423643589019775,0.9956551790237427,0.9999762773513794,0.6488142609596252,0.5036429762840271,0.36661297082901,0.004247952252626419,0.9997684359550476,0.5424616932868958,0.5282759070396423,-0.5466474890708923,0.9759970903396606,0.9999727010726929,0.5416204333305359,0.5025441646575928,0.2699570059776306,0.009197421371936798,0.9997990727424622,0.5005775690078735,0.5352268218994141,-0.6136568188667297,0.9610004425048828,0.9999452829360962,0.5141009092330933,0.49899929761886597,0.26221874356269836,0.016700025647878647,0.9998310804367065,0.4965047240257263,0.5308752655982971,-0.6045443415641785,0.9583564400672913,0.9999260902404785,0.5128957033157349,0.4957677125930786,0.2156682163476944,0.017089910805225372,0.9997658133506775,0.5078855752944946,0.5289723873138428,-0.5432679653167725,0.9221364855766296,0.999946117401123,0.5213730335235596,0.49789348244667053,0.24389046430587769,0.018294593319296837,0.9998168349266052,0.5575354695320129,0.5116176009178162,-0.168343186378479,0.9999930262565613,0.9999990463256836,0.5415694117546082,0.5019389390945435,0.1681918352842331,0.9999874830245972,0.9999972581863403,0.5129944682121277,0.4039599299430847,-0.20215298235416412,0.9920833110809326,0.9999971389770508,0.3532000184059143,0.5060427188873291,0.19395920634269714,0.6949152946472168,0.999994158744812,0.43514928221702576,0.5104585289955139,-0.03249721974134445,0.9891073107719421,0.9999963045120239,0.14380747079849243,0.5167394280433655,0.26437073945999146,0.9436606168746948,0.9998536109924316,0.4486103653907776,0.5285471081733704,-0.019470859318971634,0.9664353728294373,0.9999898672103882,0.11105940490961075,0.5273274779319763,0.26482829451560974,0.9041510224342346,0.9997380375862122,0.3442668616771698,0.5227239727973938,-0.036984678357839584,0.991580069065094,0.9999678134918213,0.0939689502120018,0.4714638292789459,0.1967751681804657,0.9577903747558594,0.9991726279258728,0.5293616414070129,0.0008145332336425559,high,0.5288581281900406,0.0015306502580643144,high,False,False,False,False
96,3203,0,False,0.8448532223701477,0.45962458848953247,-0.029058923944830894,0.9998287558555603,0.9999796152114868,0.8620508313179016,0.4630652666091919,-0.057143434882164,0.9997677803039551,0.9999867677688599,0.8638318777084351,0.4651782810688019,-0.05746576562523842,0.999825119972229,0.9999908208847046,0.8658156991004944,0.46718233823776245,-0.057506855577230453,0.9998622536659241,0.999990701675415,0.8610020875930786,0.46126431226730347,-0.008065219968557358,0.9996536374092102,0.9999732971191406,0.8618572354316711,0.46230214834213257,-0.008435149677097797,0.9996916651725769,0.9999755620956421,0.8629636168479919,0.46324509382247925,-0.008568084798753262,0.9997295141220093,0.9999674558639526,0.8677071928977966,0.4780134856700897,-0.11490371823310852,0.9999329447746277,0.9999940395355225,0.865355372428894,0.47403082251548767,0.10600875318050385,0.9993798732757568,0.9999567270278931,0.8332834243774414,0.4680922329425812,-0.04155919700860977,0.999725878238678,0.9999880790710449,0.831662118434906,0.4658827483654022,0.01974715292453766,0.9991979598999023,0.9999428987503052,0.7946640253067017,0.5081399083137512,-0.2311117947101593,0.9999971985816956,0.9999994039535522,0.7690821886062622,0.4913650155067444,0.299720823764801,0.9997880458831787,0.9999667406082153,0.667255163192749,0.5245237946510315,-0.40891823172569275,0.9956810474395752,0.9999750852584839,0.6488798260688782,0.5036381483078003,0.3649055063724518,0.004246154334396124,0.9997748732566833,0.5428383946418762,0.5282628536224365,-0.558203399181366,0.9765163660049438,0.9999749660491943,0.5419143438339233,0.5024374127388,0.26450681686401367,0.00926749873906374,0.99983811378479,0.5006809830665588,0.5352562665939331,-0.6268106698989868,0.9620100259780884,0.9999500513076782,0.5140418410301208,0.4987582862377167,0.2564457952976227,0.016853533685207367,0.9998605251312256,0.4966857433319092,0.530881404876709,-0.6173809766769409,0.9594425559043884,0.9999333620071411,0.5128567814826965,0.49541598558425903,0.21003040671348572,0.017240187153220177,0.9998074173927307,0.5081448554992676,0.5289826393127441,-0.5550379157066345,0.923918604850769,0.9999516010284424,0.5216620564460754,0.49757301807403564,0.23845092952251434,0.018447186797857285,0.9998511075973511,0.5575186014175415,0.5115923285484314,-0.16765739023685455,0.9999931454658508,0.9999990463256836,0.5415711998939514,0.501937210559845,0.16749690473079681,0.9999877214431763,0.9999971389770508,0.5123754143714905,0.40395796298980713,-0.20189271867275238,0.9923158884048462,0.9999972581863403,0.35264718532562256,0.5060175657272339,0.19381661713123322,0.7008709907531738,0.999994158744812,0.43442869186401367,0.5105974674224854,-0.031921543180942535,0.9894641637802124,0.9999970197677612,0.1430894136428833,0.5167186856269836,0.26820918917655945,0.9453644156455994,0.9998733997344971,0.44813284277915955,0.52867591381073,-0.01882188208401203,0.9675666093826294,0.9999915361404419,0.11049025505781174,0.5272209048271179,0.2695627808570862,0.9069696068763733,0.9997770190238953,0.3442629873752594,0.5227384567260742,-0.03690953180193901,0.9918810129165649,0.9999710321426392,0.0939105823636055,0.47146064043045044,0.20618006587028503,0.959094762802124,0.9992522597312927,0.5293616414070129,0.0006857275962829368,high,0.5288581281900406,0.0016372233629227129,high,False,False,False,False
97,3236,0,False,0.8446294665336609,0.4596356153488159,-0.02807403728365898,0.9998360872268677,0.9999716281890869,0.8617045283317566,0.46306705474853516,-0.05532926693558693,0.9997780919075012,0.9999817609786987,0.8635305762290955,0.46518561244010925,-0.05564633756875992,0.9998329877853394,0.9999874830245972,0.8655936121940613,0.4672134518623352,-0.05568405240774155,0.9998682737350464,0.9999874830245972,0.8606386780738831,0.4612581431865692,-0.007004418410360813,0.9996683597564697,0.9999628067016602,0.8615160584449768,0.46229425072669983,-0.007373472675681114,0.9997043013572693,0.9999659061431885,0.8626552820205688,0.4632342755794525,-0.007500006351619959,0.9997400641441345,0.9999551773071289,0.8676320910453796,0.4780389368534088,-0.11186662316322327,0.9999358654022217,0.9999923706054688,0.8651883602142334,0.47403010725975037,0.10711769014596939,0.9994044899940491,0.9999423027038574,0.8331789970397949,0.46811363101005554,-0.03959851711988449,0.9997358322143555,0.999984860420227,0.8315598368644714,0.4658939242362976,0.0207462590187788,0.9992241263389587,0.999927282333374,0.7945707440376282,0.508109450340271,-0.22616904973983765,0.9999972581863403,0.9999994039535522,0.7690311074256897,0.4913841784000397,0.30115753412246704,0.9997898936271667,0.9999626874923706,0.6672687530517578,0.5245214104652405,-0.3957400321960449,0.9957093596458435,0.9999775886535645,0.6491169929504395,0.5036137700080872,0.36828532814979553,0.004228056408464909,0.999767005443573,0.5421039462089539,0.5282695889472961,-0.5335820913314819,0.9769051671028137,0.999975323677063,0.542454183101654,0.5024783611297607,0.27501362562179565,0.00930655375123024,0.9998304843902588,0.5003948211669922,0.5352598428726196,-0.5988442301750183,0.9626726508140564,0.9999499320983887,0.5154639482498169,0.498818963766098,0.2684229016304016,0.01693929173052311,0.9998570680618286,0.49646759033203125,0.5308664441108704,-0.5894353985786438,0.9601331353187561,0.9999324083328247,0.5133499503135681,0.49567529559135437,0.222631573677063,0.017315829172730446,0.9997989535331726,0.50776207447052,0.5289732813835144,-0.529968798160553,0.9250466823577881,0.9999512434005737,0.5222547650337219,0.4977256953716278,0.24945534765720367,0.01852615736424923,0.9998443126678467,0.5575045943260193,0.5114738941192627,-0.16722238063812256,0.9999932050704956,0.999998927116394,0.5415952801704407,0.5019136667251587,0.16705633699893951,0.9999878406524658,0.9999967813491821,0.5121345520019531,0.4039370119571686,-0.20189805328845978,0.9925129413604736,0.9999966621398926,0.34956392645835876,0.5060210824012756,0.19373750686645508,0.7045484781265259,0.999992847442627,0.4344131052494049,0.5104027986526489,-0.03407272323966026,0.9897488951683044,0.9999964237213135,0.14254504442214966,0.5167045593261719,0.26790645718574524,0.946547269821167,0.9998268485069275,0.44809138774871826,0.5286608934402466,-0.021256977692246437,0.9684487581253052,0.9999901056289673,0.11019693315029144,0.5271068215370178,0.2691526412963867,0.9088388681411743,0.9996957778930664,0.3443903625011444,0.5227190852165222,-0.03985055908560753,0.992112934589386,0.9999667406082153,0.09364967048168182,0.47120627760887146,0.2059556096792221,0.9600355625152588,0.999045193195343,0.5293616414070129,0.0007007479667663352,high,0.5288581281900406,0.0017513066530228105,high,False,False,False,False
98,3269,0,False,0.8445996642112732,0.4596591889858246,-0.029133174568414688,0.9998454451560974,0.9999794960021973,0.8616886138916016,0.46310028433799744,-0.05617512762546539,0.9997910261154175,0.9999865293502808,0.8635163307189941,0.46523189544677734,-0.05648418143391609,0.999842643737793,0.9999905824661255,0.8655804395675659,0.46727970242500305,-0.05651731789112091,0.9998757243156433,0.9999904632568359,0.8606159687042236,0.4612607955932617,-0.008289738558232784,0.9996874928474426,0.9999728202819824,0.8614920377731323,0.4622930884361267,-0.008650804869830608,0.9997208714485168,0.9999748468399048,0.8626303672790527,0.4632208049297333,-0.008764049969613552,0.9997541308403015,0.9999665021896362,0.8675882816314697,0.4780920743942261,-0.11226645112037659,0.9999393820762634,0.9999936819076538,0.8651543855667114,0.47403302788734436,0.1050712987780571,0.9994368553161621,0.9999550580978394,0.8331776857376099,0.46814265847206116,-0.04040851071476936,0.9997485280036926,0.9999872446060181,0.8315478563308716,0.46589839458465576,0.019396139308810234,0.9992603659629822,0.9999399185180664,0.7945842146873474,0.5081056952476501,-0.22645607590675354,0.9999973177909851,0.9999992847442627,0.769035279750824,0.49146509170532227,0.2990473210811615,0.9997931122779846,0.9999638795852661,0.667417049407959,0.5244916677474976,-0.4015965461730957,0.9957234859466553,0.9999746084213257,0.6491183638572693,0.5036643743515015,0.3667357563972473,0.00425319466739893,0.9997656941413879,0.5425695180892944,0.5280449986457825,-0.53861004114151,0.977228581905365,0.9999728202819824,0.5425717234611511,0.5025132298469543,0.27045848965644836,0.009472145698964596,0.9998277425765991,0.5005784630775452,0.5351803302764893,-0.6044835448265076,0.9632545709609985,0.999943733215332,0.5153900980949402,0.49888479709625244,0.26302963495254517,0.017225632444024086,0.9998458623886108,0.496762752532959,0.5308560729026794,-0.5953208208084106,0.9607557654380798,0.9999251365661621,0.5133249759674072,0.4957670569419861,0.2170625925064087,0.017595583572983742,0.9997867941856384,0.5079761147499084,0.5289703011512756,-0.5350943803787231,0.9260900020599365,0.9999463558197021,0.5222874283790588,0.4981177747249603,0.24468231201171875,0.018829746171832085,0.9998375177383423,0.5575030446052551,0.5114548802375793,-0.1672183871269226,0.9999932646751404,0.999998927116394,0.541646420955658,0.5019338726997375,0.16705165803432465,0.9999879598617554,0.9999967813491821,0.5121934413909912,0.403917133808136,-0.20017465949058533,0.99260014295578,0.9999964237213135,0.34987765550613403,0.5055758357048035,0.19398613274097443,0.7072622179985046,0.9999927282333374,0.43387529253959656,0.5104904770851135,-0.033685352653265,0.9899556636810303,0.9999961853027344,0.1425510048866272,0.5166719555854797,0.2679542601108551,0.9475137591362,0.999847412109375,0.4475971758365631,0.5287553071975708,-0.020900456234812737,0.9691089987754822,0.9999895095825195,0.11030115932226181,0.5270523428916931,0.2692038118839264,0.9105632901191711,0.999733030796051,0.34243500232696533,0.5227141976356506,-0.03976397216320038,0.9922820925712585,0.9999642372131348,0.0935676321387291,0.47120416164398193,0.20681841671466827,0.9607859253883362,0.9991133809089661,0.5293616414070129,0.0006063342094421165,high,0.5288581281900406,0.0018057852983475176,high,False,False,False,False
99,3303,0,False,0.8444454669952393,0.45965108275413513,-0.022015191614627838,0.9998494982719421,0.999969482421875,0.8615128397941589,0.4630835950374603,-0.04923344776034355,0.9997971653938293,0.9999803304672241,0.8633099794387817,0.4652213454246521,-0.049539048224687576,0.9998470544815063,0.9999862909317017,0.8653454780578613,0.46726974844932556,-0.04957449436187744,0.9998790621757507,0.9999861717224121,0.8604302406311035,0.4612206816673279,-0.0009069182560779154,0.9996964335441589,0.9999611377716064,0.8612874150276184,0.46225258708000183,-0.0012699790531769395,0.9997284412384033,0.9999648332595825,0.8624024987220764,0.46317341923713684,-0.0013900224585086107,0.999760627746582,0.9999542236328125,0.8673836588859558,0.47808945178985596,-0.10753967612981796,0.9999409914016724,0.9999912977218628,0.8649715185165405,0.47402316331863403,0.11207523941993713,0.9994520545005798,0.9999407529830933,0.8331173658370972,0.46813294291496277,-0.03403007239103317,0.9997531771659851,0.9999830722808838,0.831447422504425,0.46589601039886475,0.02627646178007126,0.9992734789848328,0.9999226331710815,0.7945601940155029,0.508131206035614,-0.22377483546733856,0.9999973773956299,0.9999992847442627,0.7689756155014038,0.49146658182144165,0.3039691150188446,0.9997940063476562,0.9999624490737915,0.6674054861068726,0.5244638323783875,-0.3910631239414215,0.9957457780838013,0.9999762773513794,0.6491530537605286,0.5036673545837402,0.3659752905368805,0.004214626271277666,0.9997703433036804,0.5410965085029602,0.5281066298484802,-0.5101504325866699,0.9772310256958008,0.9999698400497437,0.5425687432289124,0.5030734539031982,0.2675884962081909,0.009401442483067513,0.9998149275779724,0.4998834729194641,0.5351769328117371,-0.5731744766235352,0.9632817506790161,0.9999377727508545,0.5151422023773193,0.49954700469970703,0.2600378394126892,0.017104187980294228,0.9998377561569214,0.49608346819877625,0.5308546423912048,-0.5643212795257568,0.9607639312744141,0.9999154806137085,0.5131716132164001,0.49792584776878357,0.21372222900390625,0.017461707815527916,0.9997734427452087,0.5068861842155457,0.528969407081604,-0.5062035322189331,0.9260711669921875,0.9999386072158813,0.5222061276435852,0.4998166859149933,0.24167756736278534,0.018689533695578575,0.9998252987861633,0.5575599670410156,0.511398434638977,-0.16706103086471558,0.9999933242797852,0.999998927116394,0.5416789054870605,0.5019358992576599,0.16689549386501312,0.9999880790710449,0.9999969005584717,0.5127152800559998,0.403875470161438,-0.19988535344600677,0.9927786588668823,0.9999961853027344,0.34994953870773315,0.5055490732192993,0.1930863857269287,0.7083607912063599,0.9999921321868896,0.43385472893714905,0.5102345943450928,-0.03653930127620697,0.9902782440185547,0.9999964237213135,0.14243140816688538,0.5166682004928589,0.2615211009979248,0.9485276341438293,0.9998236298561096,0.4473554790019989,0.5287144184112549,-0.024320391938090324,0.9700260758399963,0.9999904632568359,0.11030992865562439,0.5270096659660339,0.26172739267349243,0.9118862152099609,0.9996962547302246,0.34159326553344727,0.5227144956588745,-0.04534486308693886,0.9925291538238525,0.9999653100967407,0.09338004887104034,0.471128910779953,0.19432342052459717,0.9615579843521118,0.9989832043647766,0.5293616414070129,0.0006472229957580344,high,0.5288581281900406,0.0018484622240066972,high,False,False,False,False
100,3336,0,False,0.8445646166801453,0.45914745330810547,-0.02220778539776802,0.9998518228530884,0.9999611377716064,0.8616554737091064,0.4629988670349121,-0.04958871752023697,0.9998006224632263,0.9999756813049316,0.863396406173706,0.4651857018470764,-0.04990095645189285,0.9998499155044556,0.9999834299087524,0.8653813600540161,0.46723291277885437,-0.04994351044297218,0.9998810887336731,0.9999834299087524,0.8605890274047852,0.46105051040649414,-0.0015572796110063791,0.9997007846832275,0.9999505281448364,0.8614403009414673,0.462092787027359,-0.0019226877484470606,0.9997321963310242,0.9999550580978394,0.8625514507293701,0.4630199372768402,-0.002037512371316552,0.9997632503509521,0.9999412298202515,0.8673187494277954,0.47805288434028625,-0.10942138731479645,0.9999421238899231,0.9999896287918091,0.8649594187736511,0.4739474654197693,0.11102750152349472,0.9994590282440186,0.9999245405197144,0.8331140875816345,0.46786385774612427,-0.03505617007613182,0.9997560977935791,0.9999803304672241,0.8314431309700012,0.4655631482601166,0.02608185075223446,0.9992799162864685,0.999907374382019,0.7945207357406616,0.5081198215484619,-0.22748611867427826,0.9999973773956299,0.9999991655349731,0.7684405446052551,0.49133962392807007,0.30349066853523254,0.9997935891151428,0.9999555349349976,0.6674018502235413,0.5244219899177551,-0.39466792345046997,0.9957614541053772,0.9999754428863525,0.649023711681366,0.5036265850067139,0.3649236857891083,0.004182775970548391,0.9997314810752869,0.5402008295059204,0.5282475352287292,-0.5131053924560547,0.9772325158119202,0.9999691247940063,0.5418010354042053,0.5029136538505554,0.2611558735370636,0.0092638423666358,0.9997751116752625,0.49923282861709595,0.5352122783660889,-0.576747715473175,0.9632982611656189,0.9999364614486694,0.5146096348762512,0.49932292103767395,0.25280478596687317,0.01688210293650627,0.9998077750205994,0.49554380774497986,0.5308533310890198,-0.5681979656219482,0.9607781171798706,0.9999134540557861,0.5128946304321289,0.4971518814563751,0.2063501477241516,0.017233416438102722,0.999731719493866,0.5057207345962524,0.5289871096611023,-0.5092719197273254,0.9261394143104553,0.9999371767044067,0.5211630463600159,0.4992265999317169,0.23493780195713043,0.0184770654886961,0.9997912049293518,0.5575670003890991,0.5113836526870728,-0.16710735857486725,0.9999933838844299,0.9999986886978149,0.5415425896644592,0.5019214749336243,0.1669418215751648,0.9999881386756897,0.9999960660934448,0.5138856172561646,0.4038611352443695,-0.19973556697368622,0.9928750991821289,0.9999957084655762,0.3499108850955963,0.505644679069519,0.19373445212841034,0.7099779844284058,0.9999909400939941,0.4335642158985138,0.5102266073226929,-0.03633876517415047,0.9904765486717224,0.9999954700469971,0.1424456238746643,0.5166065692901611,0.26213619112968445,0.9493808150291443,0.9997853636741638,0.4471394717693329,0.5287004709243774,-0.024135159328579903,0.9705542922019958,0.9999877214431763,0.11037559807300568,0.5269631743431091,0.2624906897544861,0.9130191206932068,0.9996305704116821,0.3408106863498688,0.5226423144340515,-0.0472138375043869,0.9926790595054626,0.9999579191207886,0.09335725009441376,0.47112658619880676,0.19493134319782257,0.9621726870536804,0.9988380074501038,0.5293616414070129,0.0006611704826354758,high,0.5288581281900406,0.001894953846931502,high,False,False,False,False
101,3369,0,False,0.8437539935112,0.4590848982334137,-0.01649056188762188,0.9998511075973511,0.999958872795105,0.8611841201782227,0.4626857042312622,-0.04464956745505333,0.9997999668121338,0.9999734163284302,0.8629637360572815,0.4647780656814575,-0.04495883360505104,0.999849259853363,0.9999816417694092,0.8649783730506897,0.4666481912136078,-0.04499949887394905,0.9998804330825806,0.9999816417694092,0.860079288482666,0.460939884185791,0.003296181559562683,0.9997001886367798,0.999948263168335,0.8609529733657837,0.46203428506851196,0.002929391572251916,0.9997314810752869,0.9999542236328125,0.862055242061615,0.4629884660243988,0.0028041095938533545,0.999762773513794,0.9999415874481201,0.8672310709953308,0.4774964153766632,-0.1069246381521225,0.9999417662620544,0.9999886751174927,0.8647858500480652,0.4738612473011017,0.11234652996063232,0.9994598031044006,0.9999264478683472,0.8324341773986816,0.46776431798934937,-0.029952695593237877,0.9997556209564209,0.999980092048645,0.8309764266014099,0.46555814146995544,0.03032844327390194,0.999278724193573,0.9999098777770996,0.7950270771980286,0.5080955624580383,-0.22522051632404327,0.9999973773956299,0.9999991655349731,0.7683396935462952,0.49138975143432617,0.3029927909374237,0.9997935891151428,0.9999605417251587,0.6678957343101501,0.524406909942627,-0.39482155442237854,0.9957260489463806,0.999976396560669,0.6487454175949097,0.503655731678009,0.3643552362918854,0.0041297124698758125,0.9997705817222595,0.5400250554084778,0.5282767415046692,-0.5163384079933167,0.9770418405532837,0.9999697208404541,0.5401033759117126,0.5039332509040833,0.26121410727500916,0.009047329425811768,0.9997989535331726,0.4990246891975403,0.5352153182029724,-0.5814088582992554,0.9630977511405945,0.9999357461929321,0.5119351148605347,0.5012691020965576,0.2527484595775604,0.016478994861245155,0.9998195767402649,0.4951174557209015,0.5308652520179749,-0.5726578831672668,0.9605422616004944,0.9999129772186279,0.5104438662528992,0.4994959533214569,0.20664474368095398,0.016815194860100746,0.9997491240501404,0.5055698752403259,0.528988242149353,-0.5127239227294922,0.9255588054656982,0.9999370574951172,0.5185899138450623,0.5013247728347778,0.23518921434879303,0.018033133819699287,0.9998053908348083,0.5575835108757019,0.5114571452140808,-0.16562694311141968,0.9999933838844299,0.999998927116394,0.541498064994812,0.5019623637199402,0.1654568761587143,0.9999881982803345,0.9999967813491821,0.5152379870414734,0.4038596451282501,-0.19475841522216797,0.9927778244018555,0.9999955892562866,0.34994399547576904,0.5058313012123108,0.19173458218574524,0.7082144618034363,0.9999909400939941,0.43355342745780945,0.5099110007286072,-0.029001696035265923,0.9903838634490967,0.9999953508377075,0.1424732804298401,0.516585111618042,0.2625928223133087,0.9488726258277893,0.9997890591621399,0.4471135139465332,0.5283592343330383,-0.016480030491948128,0.970270037651062,0.9999876022338867,0.11038627475500107,0.5269089937210083,0.2630343735218048,0.9119110107421875,0.999651312828064,0.3415553867816925,0.5226392149925232,-0.0401601605117321,0.99261873960495,0.9999597072601318,0.09330087900161743,0.47112196683883667,0.1954045593738556,0.9617041349411011,0.9988890290260315,0.5293616414070129,0.0010024070739745872,high,0.5288581281900406,0.001949134469032332,high,False,False,False,False
102,3403,0,False,0.8439199924468994,0.45858660340309143,-0.0655936747789383,0.9998116493225098,0.9998111128807068,0.8614277243614197,0.46246299147605896,-0.0941288024187088,0.9997432827949524,0.9998804330825806,0.8631510138511658,0.4645724892616272,-0.0944753959774971,0.9998073577880859,0.999920129776001,0.8651137948036194,0.4664047360420227,-0.09454235434532166,0.9998486042022705,0.9999213218688965,0.8603376746177673,0.4606206715106964,-0.045031484216451645,0.9996128082275391,0.9997614026069641,0.8612284064292908,0.46170374751091003,-0.04541369527578354,0.999654233455658,0.9997895359992981,0.8623794317245483,0.4626360237598419,-0.0455961711704731,0.9996967911720276,0.9997319579124451,0.8672371506690979,0.47735193371772766,-0.15333439409732819,0.999926745891571,0.9999526739120483,0.8648719787597656,0.47340700030326843,0.07048015296459198,0.9993062615394592,0.9996789693832397,0.8324322700500488,0.46751269698143005,-0.07735129445791245,0.9996939301490784,0.999923825263977,0.8309743404388428,0.4652160704135895,-0.015959734097123146,0.9990907907485962,0.999652624130249,0.7938703298568726,0.5081155896186829,-0.26173099875450134,0.999997079372406,0.9999978542327881,0.7680408954620361,0.49131542444229126,0.27340492606163025,0.9997712969779968,0.9998924732208252,0.6627227067947388,0.5245694518089294,-0.4003639817237854,0.9954022765159607,0.9999573230743408,0.6476344466209412,0.5037137269973755,0.33186519145965576,0.003931734245270491,0.9995335340499878,0.537441074848175,0.5283365249633789,-0.4984302222728729,0.9744576215744019,0.9999338388442993,0.5392465591430664,0.5039311647415161,0.2196560800075531,0.008530589751899242,0.9995461106300354,0.49704742431640625,0.5352336764335632,-0.5590581893920898,0.9589874744415283,0.9998632669448853,0.5111364722251892,0.5011829137802124,0.2098158746957779,0.015581865794956684,0.9996194839477539,0.4925086796283722,0.5308617353439331,-0.5523992776870728,0.95622718334198,0.9998074173927307,0.5101698637008667,0.4992634356021881,0.16308529675006866,0.01590208150446415,0.9994556307792664,0.5035730600357056,0.528975248336792,-0.4947454333305359,0.9184901118278503,0.9998610019683838,0.5183880925178528,0.5014192461967468,0.19303229451179504,0.017079273238778114,0.99957674741745,0.5565825700759888,0.5117181539535522,-0.1657835841178894,0.999992847442627,0.999997615814209,0.540901243686676,0.5019194483757019,0.1656201332807541,0.9999872446060181,0.9999932050704956,0.5164437890052795,0.4037763178348541,-0.1962575912475586,0.9921702742576599,0.9999926090240479,0.349837988615036,0.5059482455253601,0.19678866863250732,0.6951642632484436,0.999984622001648,0.4337717294692993,0.5098231434822083,-0.018865831196308136,0.989546000957489,0.9999914169311523,0.1434873342514038,0.5165889263153076,0.28765228390693665,0.9458450078964233,0.9996501207351685,0.44737255573272705,0.5279105305671692,-0.004577333573251963,0.9680429100990295,0.9999783039093018,0.1107058972120285,0.5270195007324219,0.2904137670993805,0.9075223207473755,0.9994470477104187,0.3418881595134735,0.5222957730293274,-0.02952444553375244,0.9918959140777588,0.9999319314956665,0.09327077865600586,0.4711053967475891,0.22247552871704102,0.9589191675186157,0.998367965221405,0.5293616414070129,0.0014511108398437278,high,0.5288581281900406,0.0018386274576187578,high,False,False,False,False
103,3436,0,False,0.8438203930854797,0.45859524607658386,-0.06827201694250107,0.9998201131820679,0.9999704360961914,0.8611776232719421,0.462458997964859,-0.09383063018321991,0.999754786491394,0.9999809265136719,0.8629817962646484,0.4645719528198242,-0.0941610112786293,0.9998158812522888,0.9999866485595703,0.8650220632553101,0.46641817688941956,-0.09420859813690186,0.9998550415039062,0.9999864101409912,0.8599965572357178,0.4605264663696289,-0.04485393688082695,0.999630331993103,0.999961256980896,0.8609064817428589,0.4615388512611389,-0.045230064541101456,0.9996693730354309,0.9999641180038452,0.8621066808700562,0.46239450573921204,-0.045389480888843536,0.99970942735672,0.9999518394470215,0.8672245144844055,0.4774031341075897,-0.14576393365859985,0.9999296069145203,0.9999909400939941,0.8648122549057007,0.47317907214164734,0.07702721655368805,0.9993326663970947,0.9999361038208008,0.832423746585846,0.4675343334674835,-0.07660205662250519,0.9997034072875977,0.9999818801879883,0.8309262990951538,0.46519795060157776,-0.01544230803847313,0.999118447303772,0.9999151229858398,0.7938658595085144,0.5081122517585754,-0.25652411580085754,0.999997079372406,0.9999990463256836,0.7675753831863403,0.4913014769554138,0.2742544710636139,0.9997704029083252,0.9999512434005737,0.6622942686080933,0.5248860120773315,-0.3993667662143707,0.995488703250885,0.9999724626541138,0.6470825672149658,0.5036942362785339,0.33463254570961,0.003927219193428755,0.9997178912162781,0.5370883941650391,0.5283503532409668,-0.49896693229675293,0.9749438762664795,0.9999650716781616,0.5379399657249451,0.5040241479873657,0.22730138897895813,0.008464979007840157,0.9997562766075134,0.49658411741256714,0.535215437412262,-0.5610910058021545,0.9595921039581299,0.9999245405197144,0.5092229247093201,0.5013351440429688,0.21763721108436584,0.015446832403540611,0.9997856020927429,0.4919114410877228,0.5308582186698914,-0.5540861487388611,0.956896960735321,0.9998977184295654,0.5083264708518982,0.5005009770393372,0.17129775881767273,0.015764115378260612,0.9996994733810425,0.5031169652938843,0.5289696455001831,-0.4952992796897888,0.9197105765342712,0.9999270439147949,0.5163364410400391,0.502110481262207,0.20090752840042114,0.016957636922597885,0.9997684359550476,0.5565818548202515,0.5117812156677246,-0.1662440448999405,0.9999926090240479,0.9999982118606567,0.5406162142753601,0.5019111037254333,0.1660865992307663,0.9999868869781494,0.9999948740005493,0.5168477296829224,0.40375909209251404,-0.19637537002563477,0.9922168850898743,0.9999946355819702,0.35100057721138,0.5058830976486206,0.19473867118358612,0.6961812973022461,0.9999895095825195,0.4337608516216278,0.5096513032913208,-0.01708013191819191,0.9895055890083313,0.999992847442627,0.14398930966854095,0.5165385007858276,0.2867356240749359,0.9458918571472168,0.99974125623703,0.447065144777298,0.5275960564613342,-0.002770894905552268,0.9679855108261108,0.999981164932251,0.11071910709142685,0.527090311050415,0.2888457775115967,0.9077274203300476,0.9995630383491516,0.34177839756011963,0.5199753046035767,-0.02799677662551403,0.9918677806854248,0.9999418258666992,0.09326326102018356,0.4710559546947479,0.22221408784389496,0.9589220285415649,0.998624324798584,0.5293616414070129,0.0017655849456786887,high,0.5288581281900406,0.0017678171396255937,high,False,False,False,False
104,3470,0,False,0.8438181281089783,0.45865288376808167,-0.06471211463212967,0.9998182058334351,0.9999411106109619,0.8611781001091003,0.4624841809272766,-0.09091015160083771,0.999752402305603,0.9999622106552124,0.8630579113960266,0.4646047353744507,-0.09123609960079193,0.9998138546943665,0.9999743700027466,0.8651639223098755,0.4664801359176636,-0.09127519279718399,0.9998536109924316,0.9999746084213257,0.8599928021430969,0.46054285764694214,-0.042144909501075745,0.9996265769004822,0.999924898147583,0.8609209656715393,0.46155840158462524,-0.04252248629927635,0.9996656179428101,0.999933123588562,0.8621662855148315,0.4624164402484894,-0.04267124459147453,0.9997063279151917,0.9999145269393921,0.8675106763839722,0.4774385690689087,-0.14398431777954102,0.9999290704727173,0.999984860420227,0.8649219870567322,0.47318774461746216,0.07810516655445099,0.9993259310722351,0.9998962879180908,0.8325138092041016,0.4675506055355072,-0.07337815314531326,0.9997027516365051,0.9999746084213257,0.8309560418128967,0.4652160108089447,-0.012476631440222263,0.999115526676178,0.999883770942688,0.7939274907112122,0.508065938949585,-0.2547141909599304,0.999997079372406,0.9999990463256836,0.7675381898880005,0.49110156297683716,0.2762613296508789,0.9997704029083252,0.9999520778656006,0.6623571515083313,0.5249055027961731,-0.3969506323337555,0.995483934879303,0.9999749660491943,0.6470472812652588,0.503603994846344,0.3380061388015747,0.003894123947247863,0.9997350573539734,0.5371244549751282,0.5283466577529907,-0.4978474974632263,0.9746255874633789,0.9999645948410034,0.5379123091697693,0.5041908621788025,0.22971391677856445,0.008322845213115215,0.999771773815155,0.4966045320034027,0.5351410508155823,-0.5605217814445496,0.9589820504188538,0.9999250173568726,0.5092490911483765,0.5013786554336548,0.21951083838939667,0.015185694210231304,0.9998019337654114,0.49194374680519104,0.5308573246002197,-0.5532857775688171,0.9562387466430664,0.9998968839645386,0.5083487629890442,0.5008371472358704,0.17360623180866241,0.015500166453421116,0.9997220635414124,0.5031444430351257,0.5289414525032043,-0.4941670298576355,0.9185601472854614,0.9999256134033203,0.5164129137992859,0.5024343132972717,0.20345856249332428,0.016677947714924812,0.9997850060462952,0.5567948222160339,0.511792004108429,-0.16619211435317993,0.9999926090240479,0.9999986886978149,0.5406180024147034,0.5016807317733765,0.16603603959083557,0.9999869465827942,0.9999961853027344,0.518315851688385,0.40369731187820435,-0.1965429037809372,0.9922183752059937,0.9999951124191284,0.3507702350616455,0.505957841873169,0.19427752494812012,0.6943547129631042,0.9999899864196777,0.4336189925670624,0.5088036060333252,-0.016005774959921837,0.989474892616272,0.9999948740005493,0.1438383013010025,0.5165248513221741,0.2843341827392578,0.9456743597984314,0.9997643828392029,0.44675198197364807,0.5267130136489868,-0.0015352925984188914,0.9677259922027588,0.9999867677688599,0.11073273420333862,0.5270459055900574,0.28633055090904236,0.9067173600196838,0.9996143579483032,0.3385572135448456,0.519401490688324,-0.02761109173297882,0.9918423891067505,0.9999550580978394,0.09308789670467377,0.47101518511772156,0.21928568184375763,0.9586915969848633,0.9987408518791199,0.5293616414070129,0.002648627758026101,high,0.5288581281900406,0.0018122225999832597,high,False,False,False,False
105,3503,0,False,0.8434584140777588,0.4586588740348816,-0.05057927966117859,0.999818742275238,0.9999463558197021,0.8608517646789551,0.4624575674533844,-0.07845388352870941,0.9997543096542358,0.9999666213989258,0.8626739382743835,0.46457400918006897,-0.07878442108631134,0.9998155236244202,0.9999779462814331,0.8647217154502869,0.46644556522369385,-0.078828826546669,0.999855101108551,0.9999785423278809,0.8596658706665039,0.4604845345020294,-0.028518330305814743,0.9996281266212463,0.9999301433563232,0.8605678081512451,0.46148863434791565,-0.028888611122965813,0.999666154384613,0.9999369382858276,0.8617779016494751,0.46234527230262756,-0.02903648652136326,0.999706506729126,0.9999182224273682,0.8671791553497314,0.4773567020893097,-0.13899625837802887,0.9999297857284546,0.9999877214431763,0.8646185398101807,0.4731575548648834,0.08816728740930557,0.9993257522583008,0.9999003410339355,0.8320213556289673,0.46755167841911316,-0.06270263344049454,0.9997072815895081,0.99997878074646,0.8305788636207581,0.4652159810066223,-0.0003889582003466785,0.9991254210472107,0.9998955726623535,0.7934368252754211,0.5080648064613342,-0.25279784202575684,0.9999971389770508,0.9999992847442627,0.7671591639518738,0.49110135436058044,0.2865701913833618,0.9997701048851013,0.9999508857727051,0.6623045206069946,0.5249051451683044,-0.4028298258781433,0.9954727292060852,0.9999767541885376,0.6470420360565186,0.5035334229469299,0.34589701890945435,0.0038103677798062563,0.9997028708457947,0.5370673537254333,0.5283203721046448,-0.517953097820282,0.9746882915496826,0.9999682903289795,0.537846565246582,0.5036775469779968,0.23257388174533844,0.008039041422307491,0.9996910095214844,0.49648594856262207,0.5349827408790588,-0.5839583873748779,0.9590674638748169,0.9999333620071411,0.5092646479606628,0.5009525418281555,0.2217784970998764,0.014696551486849785,0.9997397065162659,0.49158674478530884,0.5308678150177002,-0.5761666297912598,0.9563107490539551,0.9999077320098877,0.5085759162902832,0.4995310604572296,0.1749144196510315,0.015003525651991367,0.9996342658996582,0.5031354427337646,0.5289403200149536,-0.5144742131233215,0.9185044169425964,0.9999332427978516,0.5169019103050232,0.5010101795196533,0.2055506706237793,0.016168465837836266,0.9997133612632751,0.5567973256111145,0.5117822885513306,-0.16628457605838776,0.9999926090240479,0.9999985694885254,0.5406244993209839,0.5016220211982727,0.16612789034843445,0.9999868869781494,0.9999955892562866,0.5192599296569824,0.40374764800071716,-0.19661881029605865,0.9921620488166809,0.9999951124191284,0.3508041799068451,0.506095290184021,0.19420276582241058,0.6952436566352844,0.9999886751174927,0.4318811595439911,0.5078340768814087,-0.012577778659760952,0.9892632961273193,0.9999933242797852,0.14384010434150696,0.5165210962295532,0.2828380763530731,0.9453178644180298,0.9997128844261169,0.44432613253593445,0.5257000923156738,0.002159674186259508,0.9668181538581848,0.9999822378158569,0.11073894053697586,0.5270295739173889,0.28470954298973083,0.9054219722747803,0.999524712562561,0.3356364369392395,0.5165303349494934,-0.02409600466489792,0.9916685223579407,0.9999457597732544,0.09295686334371567,0.471012145280838,0.21761803328990936,0.9582942724227905,0.9985490441322327,0.5293616414070129,0.003661549091339089,high,0.5288581281900406,0.0018285542726517168,high,False,False,False,False
106,3536,0,False,0.8436746597290039,0.4582124650478363,-0.05751849338412285,0.9998189210891724,0.9999433755874634,0.8610459566116333,0.46232694387435913,-0.08413644880056381,0.9997559785842896,0.9999666213989258,0.8627822995185852,0.4644957184791565,-0.0844724029302597,0.9998171329498291,0.9999778270721436,0.8647544384002686,0.4663822054862976,-0.08452095091342926,0.999856173992157,0.9999783039093018,0.859839677810669,0.46023985743522644,-0.03424402326345444,0.9996296763420105,0.9999290704727173,0.8606957197189331,0.46123066544532776,-0.034615419805049896,0.9996670484542847,0.999935507774353,0.8618566989898682,0.462088018655777,-0.0347677581012249,0.999706506729126,0.999915361404419,0.8669861555099487,0.47732266783714294,-0.13963526487350464,0.9999303221702576,0.9999867677688599,0.8645491003990173,0.4729839265346527,0.0870509147644043,0.9993242621421814,0.9998940229415894,0.8320228457450867,0.46731656789779663,-0.06810715794563293,0.9997081756591797,0.9999762773513794,0.8305696845054626,0.4649047255516052,-0.005926206242293119,0.999125599861145,0.9998842477798462,0.7931337952613831,0.5079977512359619,-0.2550550699234009,0.9999971389770508,0.9999990463256836,0.7662422060966492,0.4908256232738495,0.2871904671192169,0.9997643828392029,0.9999396800994873,0.662348747253418,0.524894654750824,-0.41019415855407715,0.995532751083374,0.9999747276306152,0.6467990279197693,0.5035116076469421,0.345260888338089,0.003718223189935088,0.9996582269668579,0.5367447733879089,0.5282198190689087,-0.5267820954322815,0.9749758243560791,0.9999643564224243,0.5363219976425171,0.5030019879341125,0.2292553186416626,0.007735388353466988,0.9996675252914429,0.4959225058555603,0.5345874428749084,-0.5933386087417603,0.9594948291778564,0.9999228715896606,0.5086264610290527,0.5008547306060791,0.2178543359041214,0.014193358831107616,0.9997239708900452,0.49036046862602234,0.530759871006012,-0.5859757661819458,0.956765353679657,0.9998937845230103,0.5082034468650818,0.4995592534542084,0.17124170064926147,0.01449369452893734,0.9996157884597778,0.5027616620063782,0.5287557244300842,-0.5234619975090027,0.9193041324615479,0.9999240636825562,0.516502857208252,0.5010234713554382,0.20230905711650848,0.015647202730178833,0.9996949434280396,0.5554670095443726,0.5116196274757385,-0.16644790768623352,0.9999925494194031,0.9999985694885254,0.5391544699668884,0.5013811588287354,0.16629654169082642,0.9999867081642151,0.999995231628418,0.5195595026016235,0.4037492573261261,-0.19673092663288116,0.992209792137146,0.9999951124191284,0.35011690855026245,0.5067716240882874,0.19087764620780945,0.6985466480255127,0.9999886751174927,0.4265677332878113,0.5059577822685242,-0.00030400650575757027,0.9891499876976013,0.9999926090240479,0.14368262887001038,0.5165177583694458,0.2831036150455475,0.9453775882720947,0.9997289776802063,0.4357009828090668,0.5248382091522217,0.01582062616944313,0.9662631154060364,0.9999803304672241,0.11058080196380615,0.5270357728004456,0.28569477796554565,0.9051523208618164,0.9995535016059875,0.33007630705833435,0.513631284236908,-0.010789128951728344,0.9915618896484375,0.9999409914016724,0.09262082725763321,0.47101056575775146,0.21767428517341614,0.9582028388977051,0.998619794845581,0.5293616414070129,0.0045234322547912376,high,0.5288581281900406,0.0018223553895950761,high,False,False,False,False
107,3570,0,False,0.8435391187667847,0.4581994116306305,-0.04516785591840744,0.9998259544372559,0.9999722242355347,0.8608959913253784,0.4622849225997925,-0.07244037836790085,0.9997665286064148,0.9999834299087524,0.8626403212547302,0.46445485949516296,-0.07277563214302063,0.9998252391815186,0.9999890327453613,0.8646418452262878,0.4663606286048889,-0.0728112980723381,0.9998623728752136,0.9999891519546509,0.8597089052200317,0.4601837396621704,-0.020490020513534546,0.9996450543403625,0.9999645948410034,0.8605778217315674,0.46117448806762695,-0.020853890106081963,0.9996806383132935,0.9999674558639526,0.8617601990699768,0.46202972531318665,-0.020990319550037384,0.9997179508209229,0.9999569654464722,0.866809070110321,0.4773198068141937,-0.13102416694164276,0.9999331831932068,0.9999932050704956,0.8644407987594604,0.47297850251197815,0.10479187220335007,0.9993488192558289,0.9999436140060425,0.8318895697593689,0.46726399660110474,-0.057235199958086014,0.9997186660766602,0.999987006187439,0.8304017186164856,0.46486204862594604,0.007567273918539286,0.9991556406021118,0.9999346733093262,0.7929207682609558,0.5079881548881531,-0.2546587586402893,0.9999971985816956,0.9999994039535522,0.7656456828117371,0.49093112349510193,0.3054810166358948,0.999764621257782,0.9999582767486572,0.6623809337615967,0.5250513553619385,-0.4165092408657074,0.9956277012825012,0.9999816417694092,0.6457046866416931,0.5034444332122803,0.35980406403541565,0.00372690474614501,0.9997541308403015,0.5367493629455566,0.5278419852256775,-0.5429898500442505,0.9756385087966919,0.9999780654907227,0.5335208773612976,0.5023056268692017,0.2374594509601593,0.007604263257235289,0.9997826218605042,0.4956299364566803,0.5342885255813599,-0.6110235452651978,0.9605676531791687,0.9999520778656006,0.5065199136734009,0.5008154511451721,0.22552357614040375,0.013993310742080212,0.9998179078102112,0.4897592067718506,0.5304689407348633,-0.6022405624389648,0.9578658938407898,0.9999351501464844,0.5060105919837952,0.49951422214508057,0.1796042025089264,0.014288559556007385,0.9997487664222717,0.5026798844337463,0.5282161235809326,-0.5391472578048706,0.9211573004722595,0.9999537467956543,0.515350878238678,0.5007609128952026,0.21048782765865326,0.015445868484675884,0.999800980091095,0.5535276532173157,0.5113499164581299,-0.16752558946609497,0.9999927282333374,0.9999990463256836,0.5362120866775513,0.5017017126083374,0.1673729568719864,0.9999868869781494,0.9999970197677612,0.5192359089851379,0.40360718965530396,-0.196889266371727,0.9924063682556152,0.9999972581863403,0.34629887342453003,0.5072034001350403,0.1989036202430725,0.7056213021278381,0.9999932050704956,0.4160638153553009,0.5028985738754272,0.004669634159654379,0.9893285036087036,0.9999957084655762,0.14357545971870422,0.5165181756019592,0.2973824441432953,0.9465351104736328,0.99985671043396,0.4264374375343323,0.5227230787277222,0.02116851881146431,0.9666005969047546,0.9999880790710449,0.1101587787270546,0.5270346403121948,0.30070605874061584,0.9067621827125549,0.9997627139091492,0.3212921619415283,0.5076987147331238,-0.006295955739915371,0.9917101263999939,0.9999659061431885,0.09203933924436569,0.47099289298057556,0.2325122207403183,0.9591168761253357,0.9992672801017761,0.5293616414070129,0.006638562679290749,high,0.5288581281900406,0.0018234878778458086,high,False,False,False,False
108,3603,0,False,0.8447349667549133,0.4579930305480957,-0.05980054289102554,0.9998310804367065,0.9999563694000244,0.8625773787498474,0.46215584874153137,-0.08543672412633896,0.9997740983963013,0.9999728202819824,0.8641196489334106,0.46436646580696106,-0.08576972037553787,0.9998310208320618,0.9999821186065674,0.8657904863357544,0.46630606055259705,-0.08580737560987473,0.999866783618927,0.999982476234436,0.8612240552902222,0.4599706828594208,-0.036373645067214966,0.9996567964553833,0.9999414682388306,0.8618216514587402,0.4609564542770386,-0.036742810159921646,0.99969083070755,0.9999465942382812,0.8626627326011658,0.4618198573589325,-0.03688112273812294,0.9997264742851257,0.9999295473098755,0.8673151135444641,0.4773198962211609,-0.13612377643585205,0.9999352693557739,0.9999898672103882,0.8646180629730225,0.4729556441307068,0.08785844594240189,0.9993687272071838,0.9999135732650757,0.8324346542358398,0.467074990272522,-0.06873791664838791,0.9997272491455078,0.9999823570251465,0.830807626247406,0.46468374133110046,-0.007690114434808493,0.9991812109947205,0.9999115467071533,0.7930166721343994,0.5078796744346619,-0.2537320852279663,0.9999971985816956,0.9999992847442627,0.7656465172767639,0.4908190965652466,0.2880958914756775,0.9997603297233582,0.9999451637268066,0.6626263856887817,0.5251234173774719,-0.41657909750938416,0.995670735836029,0.9999773502349854,0.6453597545623779,0.503444492816925,0.3488588333129883,0.003707197727635503,0.9996980428695679,0.5367589592933655,0.5274899005889893,-0.5463800430297852,0.9760540723800659,0.999969482421875,0.5335444211959839,0.5022547841072083,0.23768745362758636,0.007413743529468775,0.999733030796051,0.49559104442596436,0.5339311361312866,-0.6141444444656372,0.9612815380096436,0.9999299049377441,0.506525993347168,0.5008722543716431,0.22608129680156708,0.013673622161149979,0.9997666478157043,0.48962798714637756,0.5302286744117737,-0.6066151857376099,0.9586163759231567,0.9999061822891235,0.5060619115829468,0.49962595105171204,0.18023695051670074,0.013960975222289562,0.9996815919876099,0.5026574730873108,0.5278775095939636,-0.543274998664856,0.9224901795387268,0.9999347925186157,0.5154061317443848,0.5007812976837158,0.21093255281448364,0.0150975426658988,0.9997517466545105,0.5518484115600586,0.5108895301818848,-0.1657920628786087,0.999992847442627,0.9999990463256836,0.5348033905029297,0.5016454458236694,0.1656469851732254,0.9999868869781494,0.9999969005584717,0.5175278186798096,0.4036058187484741,-0.19260753691196442,0.9923874735832214,0.9999964237213135,0.34383663535118103,0.5070766806602478,0.19921143352985382,0.7077510356903076,0.999990701675415,0.40387123823165894,0.5003232359886169,0.028906628489494324,0.9891396760940552,0.9999934434890747,0.143511101603508,0.5165168642997742,0.307402640581131,0.946012556552887,0.9998124241828918,0.41024327278137207,0.5207474231719971,0.04733765125274658,0.9661886692047119,0.9999815225601196,0.10996200889348984,0.5270503163337708,0.3122580349445343,0.9058650135993958,0.999697208404541,0.3111099898815155,0.5049269795417786,0.021568143740296364,0.9915815591812134,0.9999468326568604,0.0917990654706955,0.4709906578063965,0.24632981419563293,0.9586564898490906,0.9989966750144958,0.5293616414070129,0.008614218235015847,high,0.5288581281900406,0.0018078118562698808,high,False,False,False,False
109,3636,0,False,0.8450437784194946,0.45791566371917725,-0.05460742861032486,0.9998357892036438,0.9999626874923706,0.8631829619407654,0.4620773196220398,-0.07943964749574661,0.9997814297676086,0.999976396560669,0.8646975755691528,0.46432241797447205,-0.07974749058485031,0.9998360276222229,0.9999839067459106,0.8662452697753906,0.4662894904613495,-0.07977967709302902,0.9998705983161926,0.9999837875366211,0.8617176413536072,0.45982664823532104,-0.03066498041152954,0.9996690154075623,0.9999525547027588,0.8622285723686218,0.4608195424079895,-0.031047549098730087,0.9997013211250305,0.9999570846557617,0.8629487752914429,0.46169647574424744,-0.03118574433028698,0.999735951423645,0.9999439716339111,0.8674706816673279,0.4773687720298767,-0.12920351326465607,0.9999369382858276,0.9999898672103882,0.8646374940872192,0.47297289967536926,0.09327711910009384,0.9993911385536194,0.9999315738677979,0.832580029964447,0.467007577419281,-0.06339976191520691,0.9997338056564331,0.9999825954437256,0.8308447003364563,0.4646359980106354,-0.002766842721030116,0.9992043375968933,0.9999192953109741,0.7931625843048096,0.5077703595161438,-0.2450573444366455,0.9999971985816956,0.9999990463256836,0.7657402157783508,0.4909387230873108,0.2884083390235901,0.9997585415840149,0.9999526739120483,0.662675142288208,0.5251247882843018,-0.41526272892951965,0.995621919631958,0.9999713897705078,0.6450055837631226,0.5034439563751221,0.3493852913379669,0.0037117900792509317,0.999729335308075,0.5367752909660339,0.5263136625289917,-0.5420763492584229,0.9755414724349976,0.9999567270278931,0.5331153869628906,0.5031971335411072,0.24701136350631714,0.007219104096293449,0.9997058510780334,0.49559563398361206,0.5331016182899475,-0.6090202331542969,0.9606371521949768,0.99989914894104,0.5049437880516052,0.5041393041610718,0.23624031245708466,0.01329820603132248,0.9997203946113586,0.4895690381526947,0.5297917723655701,-0.6013550162315369,0.9578748345375061,0.9998667240142822,0.5044190883636475,0.5035611987113953,0.19311846792697906,0.013560611754655838,0.999618649482727,0.5026740431785583,0.5271367430686951,-0.5388262867927551,0.9213039875030518,0.9999058246612549,0.5143827199935913,0.503088116645813,0.2219141572713852,0.014688224531710148,0.9997058510780334,0.5516570806503296,0.5096687078475952,-0.16492913663387299,0.9999930262565613,0.9999990463256836,0.5349125862121582,0.5016109943389893,0.16478407382965088,0.9999871253967285,0.9999974966049194,0.5141617655754089,0.4037221074104309,-0.19078294932842255,0.9924229383468628,0.9999958276748657,0.3440874516963959,0.5067880749702454,0.19313570857048035,0.7129314541816711,0.9999914169311523,0.3931792378425598,0.4971520006656647,0.025755826383829117,0.9891001582145691,0.9999929666519165,0.14290308952331543,0.5164376497268677,0.2984333336353302,0.9465298652648926,0.9998260140419006,0.3993271291255951,0.5164787173271179,0.04342268407344818,0.9658175706863403,0.9999803304672241,0.10979072004556656,0.5270203948020935,0.3036205768585205,0.9058891534805298,0.9997065663337708,0.3040185570716858,0.5020488500595093,0.01779928430914879,0.9914937019348145,0.9999371767044067,0.09070613235235214,0.4710208475589752,0.23849427700042725,0.9587867856025696,0.9988757967948914,0.5293616414070129,0.012882924079894997,high,0.5288581281900406,0.001837733387947127,high,False,False,False,False
110,3670,0,False,0.8445854187011719,0.45770740509033203,-0.024453502148389816,0.9998381733894348,0.999969482421875,0.8629171848297119,0.46182501316070557,-0.052658095955848694,0.9997865557670593,0.9999815225601196,0.864399254322052,0.464065283536911,-0.05296678841114044,0.9998394250869751,0.9999873638153076,0.8658939599990845,0.46593427658081055,-0.05298840254545212,0.9998733401298523,0.9999874830245972,0.8614920377731323,0.4597216248512268,0.0008560009300708771,0.9996778964996338,0.9999645948410034,0.8620193600654602,0.46077972650527954,0.00047011993592604995,0.9997093677520752,0.9999685287475586,0.8627541065216064,0.4616888463497162,0.0003390572965145111,0.9997438788414001,0.9999603033065796,0.8670743703842163,0.4771078824996948,-0.11805818229913712,0.9999379515647888,0.9999915361404419,0.8644845485687256,0.4729374945163727,0.12443508207798004,0.9994075298309326,0.9999511241912842,0.8321613073348999,0.46677207946777344,-0.03975483402609825,0.9997403025627136,0.999987006187439,0.8305974006652832,0.4645424485206604,0.0270819291472435,0.9992289543151855,0.9999426603317261,0.7929374575614929,0.5077701807022095,-0.24327310919761658,0.9999971985816956,0.9999991655349731,0.7657283544540405,0.49095675349235535,0.31881651282310486,0.9997644424438477,0.999968409538269,0.6628741025924683,0.5252547264099121,-0.4164494276046753,0.9956674575805664,0.9999756813049316,0.6451146006584167,0.5034372806549072,0.3781610429286957,0.003922513220459223,0.9998108744621277,0.5373930335044861,0.5259658098220825,-0.5448421239852905,0.9756887555122375,0.9999693632125854,0.5335034132003784,0.5032494068145752,0.25730156898498535,0.0076685016974806786,0.9998389482498169,0.49631595611572266,0.5327286124229431,-0.6130755543708801,0.960921049118042,0.999930739402771,0.5048008561134338,0.5053374767303467,0.24506154656410217,0.014009607024490833,0.9998395442962646,0.48984596133232117,0.5295944809913635,-0.6039390563964844,0.9581135511398315,0.9999086856842041,0.5041323900222778,0.5050027966499329,0.20055171847343445,0.014277341775596142,0.9997807145118713,0.5035490989685059,0.5265980958938599,-0.5409063100814819,0.9216474294662476,0.9999346733093262,0.5144332051277161,0.5036009550094604,0.23108607530593872,0.015423831529915333,0.9998329877853394,0.552704930305481,0.5080989003181458,-0.1694490760564804,0.9999932050704956,0.9999991655349731,0.5382230877876282,0.5008902549743652,0.16927996277809143,0.9999874234199524,0.999997615814209,0.5084801912307739,0.40379583835601807,-0.21082472801208496,0.9925474524497986,0.9999960660934448,0.3442964255809784,0.5054537653923035,0.19326604902744293,0.7157599329948425,0.9999922513961792,0.38531652092933655,0.4941224157810211,0.01842387579381466,0.9891464710235596,0.9999939203262329,0.14308610558509827,0.5163776278495789,0.2994966208934784,0.9464444518089294,0.9998747110366821,0.3925066292285919,0.5123704075813293,0.0395059809088707,0.9653575420379639,0.9999841451644897,0.11094724386930466,0.5270193219184875,0.30421873927116394,0.9049826860427856,0.9998015761375427,0.29614555835723877,0.49901145696640015,0.0032295403070747852,0.9914737343788147,0.9999498128890991,0.0888221338391304,0.4708351194858551,0.23609481751918793,0.9587110280990601,0.9992806315422058,0.5293616414070129,0.01699123382568357,high,0.5288581281900406,0.001838806271553084,high,False,False,False,False
111,3703,0,False,0.8443312048912048,0.4576711654663086,-0.019945230334997177,0.9998433589935303,0.999976396560669,0.8627994060516357,0.4615742862224579,-0.049574900418519974,0.9997954368591309,0.9999865293502808,0.8643508553504944,0.4638562500476837,-0.049892351031303406,0.9998456835746765,0.9999909400939941,0.8658370971679688,0.4656330347061157,-0.04991680011153221,0.9998786449432373,0.9999910593032837,0.8613660931587219,0.45969530940055847,0.004411987494677305,0.9996912479400635,0.9999730587005615,0.8619418740272522,0.4607885181903839,0.004033159464597702,0.9997209310531616,0.9999758005142212,0.8627061247825623,0.46178609132766724,0.003912549931555986,0.9997546672821045,0.9999690055847168,0.8668217658996582,0.47668084502220154,-0.11877516657114029,0.9999402761459351,0.9999942779541016,0.8642398715019226,0.4729658365249634,0.12382658571004868,0.9994297623634338,0.9999610185623169,0.8320381045341492,0.4666913151741028,-0.03750893101096153,0.999750554561615,0.9999897480010986,0.8305864930152893,0.4645465612411499,0.03004111535847187,0.9992614984512329,0.9999520778656006,0.7928901314735413,0.5077676177024841,-0.24690094590187073,0.9999972581863403,0.9999994039535522,0.7657243013381958,0.4914436340332031,0.3166636824607849,0.999770998954773,0.9999687671661377,0.6628906726837158,0.5251470804214478,-0.4276965260505676,0.995668351650238,0.9999793767929077,0.6456273794174194,0.5034891366958618,0.3766994774341583,0.004039908293634653,0.9998053908348083,0.53541100025177,0.5259549021720886,-0.5573689937591553,0.9755815863609314,0.9999725818634033,0.5335615277290344,0.5033344626426697,0.2608765959739685,0.007724142633378506,0.9998055100440979,0.49544745683670044,0.5324245095252991,-0.6268901228904724,0.9607683420181274,0.9999347925186157,0.5046871304512024,0.5051690340042114,0.2498365342617035,0.014038968831300735,0.9997977614402771,0.48852330446243286,0.5293951630592346,-0.6166839599609375,0.9578693509101868,0.9999144077301025,0.5040056109428406,0.504815936088562,0.2047993540763855,0.014307447709143162,0.9997254014015198,0.5021386742591858,0.5264262557029724,-0.5530763864517212,0.9211210012435913,0.9999395608901978,0.5137410759925842,0.503908634185791,0.23455438017845154,0.015458912588655949,0.9997929930686951,0.5527237057685852,0.5075705051422119,-0.1702505201101303,0.9999934434890747,0.9999994039535522,0.5391690731048584,0.5005213022232056,0.1700705736875534,0.9999878406524658,0.9999982118606567,0.5021978616714478,0.4043610692024231,-0.21205884218215942,0.9924344420433044,0.999996542930603,0.34441038966178894,0.5049983859062195,0.20155620574951172,0.7114621996879578,0.999992847442627,0.3752695620059967,0.4932716190814972,0.014492970891296864,0.9888388514518738,0.9999949932098389,0.1430913358926773,0.5163203477859497,0.309498131275177,0.9449713230133057,0.9998871088027954,0.3787519335746765,0.5115960240364075,0.03381754457950592,0.9643667340278625,0.999987006187439,0.11109982430934906,0.5270342230796814,0.31408193707466125,0.9022637009620667,0.9998225569725037,0.2834080159664154,0.4956713616847992,0.0010137088829651475,0.9912348985671997,0.9999582767486572,0.08793150633573532,0.47072869539260864,0.24450288712978363,0.9577825665473938,0.9993595480918884,0.5293616414070129,0.017765617370605447,high,0.5288581281900406,0.0018239051103592363,high,False,False,False,False
112,3736,0,False,0.8442344665527344,0.4572744071483612,-0.023380709812045097,0.9998440742492676,0.9999662637710571,0.8626489043235779,0.4610511064529419,-0.05227234587073326,0.9997991919517517,0.9999818801879883,0.8641362190246582,0.46350666880607605,-0.05259029194712639,0.9998484253883362,0.9999881982803345,0.8655202388763428,0.46538278460502625,-0.05261898413300514,0.9998811483383179,0.9999886751174927,0.8613029718399048,0.45938584208488464,0.0005860610399395227,0.9996961355209351,0.9999616146087646,0.861867368221283,0.4605143368244171,0.00020868799765594304,0.9997251629829407,0.9999651908874512,0.8626202344894409,0.4616329073905945,8.316145249409601e-05,0.9997585415840149,0.9999555349349976,0.8663657903671265,0.4765111804008484,-0.12044081836938858,0.9999415874481201,0.999993085861206,0.8639414310455322,0.472953200340271,0.12022628635168076,0.9994373321533203,0.999945878982544,0.831648588180542,0.46654751896858215,-0.03933566436171532,0.9997565746307373,0.9999878406524658,0.8301798701286316,0.46442505717277527,0.026772452518343925,0.9992793798446655,0.9999394416809082,0.7925939559936523,0.507766604423523,-0.24939560890197754,0.9999973177909851,0.9999994039535522,0.7655264735221863,0.49135634303092957,0.3141576647758484,0.9997735619544983,0.9999626874923706,0.6629407405853271,0.525141179561615,-0.43072986602783203,0.9957429766654968,0.9999799728393555,0.6459688544273376,0.5033594369888306,0.37491610646247864,0.004175228998064995,0.9997761845588684,0.535447895526886,0.5259621143341064,-0.5651815533638,0.9759491086006165,0.9999746084213257,0.5354848504066467,0.5032999515533447,0.2635441720485687,0.007823561318218708,0.9997928738594055,0.49554941058158875,0.5324133634567261,-0.6353176236152649,0.9613213539123535,0.9999397993087769,0.5049835443496704,0.5051210522651672,0.25363823771476746,0.01417676080018282,0.9997946619987488,0.4885531961917877,0.5293948650360107,-0.6255555748939514,0.9584192037582397,0.9999200105667114,0.5043428540229797,0.5046305656433105,0.20792768895626068,0.014454630203545094,0.9997150301933289,0.502225399017334,0.5264230370521545,-0.561204731464386,0.922071635723114,0.9999434947967529,0.5147482752799988,0.5038079023361206,0.23715603351593018,0.015617268159985542,0.9997822642326355,0.5526273846626282,0.5071286559104919,-0.17023612558841705,0.9999936819076538,0.9999994039535522,0.5401439666748047,0.49923914670944214,0.17005480825901031,0.9999881982803345,0.9999980926513672,0.49409353733062744,0.40568941831588745,-0.22550073266029358,0.9926275610923767,0.9999970197677612,0.3434104025363922,0.505010187625885,0.20809131860733032,0.713545024394989,0.999993085861206,0.3639092743396759,0.49037912487983704,0.008992129005491734,0.9890066981315613,0.9999957084655762,0.1431141048669815,0.516240656375885,0.3233042359352112,0.9452988505363464,0.9999067783355713,0.36575016379356384,0.5094022154808044,0.030175156891345978,0.9642946124076843,0.9999881982803345,0.11148354411125183,0.5268687009811401,0.328630268573761,0.901508629322052,0.9998540878295898,0.26961326599121094,0.49106892943382263,-0.014249921776354313,0.9913384318351746,0.9999599456787109,0.0873861089348793,0.47072556614875793,0.25554466247558594,0.958121120929718,0.9994459748268127,0.5293616414070129,0.019959425926208474,high,0.5288581281900406,0.001989427208900496,high,False,False,False,False
113,3770,0,False,0.8441034555435181,0.4571332037448883,-0.02448691986501217,0.9998496174812317,0.9999812841415405,0.8624767661094666,0.4609808921813965,-0.053232140839099884,0.9998067617416382,0.9999886751174927,0.8639178276062012,0.4634692966938019,-0.053549762815237045,0.9998537302017212,0.9999922513961792,0.8652734756469727,0.46535524725914,-0.053581226617097855,0.9998854994773865,0.9999922513961792,0.8612021207809448,0.4593510925769806,-0.0005253147683106363,0.9997086524963379,0.9999780654907227,0.8617658615112305,0.4605121612548828,-0.0009027185151353478,0.9997365474700928,0.9999802112579346,0.862507700920105,0.4616483449935913,-0.0010247647296637297,0.9997690320014954,0.9999747276306152,0.8658483028411865,0.47650954127311707,-0.12066499143838882,0.9999435544013977,0.9999946355819702,0.8634102940559387,0.4730401933193207,0.11955690383911133,0.9994585514068604,0.9999678134918213,0.8312954902648926,0.466465026140213,-0.04007675126194954,0.9997652769088745,0.9999909400939941,0.829856276512146,0.4644046723842621,0.025856878608465195,0.9993088841438293,0.9999592304229736,0.7923916578292847,0.5077579021453857,-0.24922123551368713,0.9999973773956299,0.9999994039535522,0.7649374604225159,0.4914785623550415,0.3127685487270355,0.9997801184654236,0.9999736547470093,0.6628094911575317,0.5251418948173523,-0.4215683937072754,0.9958211779594421,0.9999821186065674,0.645746111869812,0.5034039616584778,0.37088313698768616,0.004464305471628904,0.9998551607131958,0.5337556600570679,0.5259717106819153,-0.533793568611145,0.9761586785316467,0.9999784231185913,0.5350289940834045,0.5035190582275391,0.24039913713932037,0.008312291465699673,0.9998857975006104,0.49494877457618713,0.5324082970619202,-0.5997951030731201,0.9614885449409485,0.999948263168335,0.5041738152503967,0.5052282214164734,0.22718751430511475,0.014926186762750149,0.9998818635940552,0.4875025451183319,0.5293964743614197,-0.5919806957244873,0.9585524797439575,0.9999322891235352,0.5023685693740845,0.5050764083862305,0.18266291916370392,0.015216519124805927,0.9998420476913452,0.5007888078689575,0.5263776183128357,-0.5298430323600769,0.9223787784576416,0.9999525547027588,0.5127699971199036,0.5044265389442444,0.2140677124261856,0.01636330969631672,0.9998801946640015,0.5514850616455078,0.5063174962997437,-0.17023290693759918,0.9999938607215881,0.9999994039535522,0.5402207374572754,0.4989092946052551,0.17005480825901031,0.9999884963035583,0.9999982118606567,0.4852391481399536,0.4070797264575958,-0.2260795384645462,0.9926328063011169,0.9999970197677612,0.34228020906448364,0.5049901604652405,0.2048572599887848,0.7098671793937683,0.9999946355819702,0.35133200883865356,0.4889504611492157,0.0055524371564388275,0.9886453151702881,0.9999951124191284,0.14333100616931915,0.5161310434341431,0.3135511875152588,0.9437078237533569,0.9999154806137085,0.35339516401290894,0.5073331594467163,0.026701636612415314,0.9630786180496216,0.9999868869781494,0.11164853721857071,0.5269389152526855,0.31768596172332764,0.8990378975868225,0.9998635053634644,0.25408995151519775,0.48749369382858276,-0.016852613538503647,0.9910605549812317,0.9999637603759766,0.08744806796312332,0.47070595622062683,0.24524982273578644,0.9572878479957581,0.999541163444519,0.5293616414070129,0.02202848196029661,high,0.5288581281900406,0.001919212937355086,high,False,False,False,False
114,3803,0,False,0.8453068733215332,0.4564962387084961,-0.01816587708890438,0.9998489618301392,0.9999653100967407,0.8630816340446472,0.46051234006881714,-0.04640650749206543,0.9998052716255188,0.9999765157699585,0.8647670149803162,0.46301203966140747,-0.04671214520931244,0.9998514652252197,0.9999839067459106,0.8662621974945068,0.46500861644744873,-0.04675457626581192,0.9998844265937805,0.9999840259552002,0.8615605235099792,0.45913103222846985,0.005917503964155912,0.9997086524963379,0.9999548196792603,0.8621227145195007,0.4603894054889679,0.00554443895816803,0.999735951423645,0.9999595880508423,0.8628346920013428,0.4616045355796814,0.005424863193184137,0.999769926071167,0.9999485015869141,0.8667981624603271,0.47639721632003784,-0.11405077576637268,0.9999430775642395,0.9999898672103882,0.8637101650238037,0.4729967415332794,0.12468678504228592,0.999458909034729,0.9999380111694336,0.832222580909729,0.46613937616348267,-0.034003615379333496,0.9997671842575073,0.9999849796295166,0.830315887928009,0.4642163813114166,0.031503643840551376,0.9993191957473755,0.9999314546585083,0.7925214767456055,0.5076788663864136,-0.24157191812992096,0.9999973773956299,0.9999990463256836,0.7649400234222412,0.4914904236793518,0.31378358602523804,0.9997811913490295,0.999957799911499,0.6628530025482178,0.5251408815383911,-0.4096872806549072,0.9957698583602905,0.999975323677063,0.6450934410095215,0.5033799409866333,0.367061585187912,0.0046090069226920605,0.9997995495796204,0.533007800579071,0.5258747935295105,-0.5174901485443115,0.9756656289100647,0.9999687671661377,0.5336405038833618,0.5035160779953003,0.22879333794116974,0.008534050546586514,0.9998316764831543,0.4949166774749756,0.5323036313056946,-0.5827344655990601,0.9605848789215088,0.9999222755432129,0.502636194229126,0.5051604509353638,0.21430951356887817,0.01520991325378418,0.9998171925544739,0.4870990812778473,0.5293852090835571,-0.5748015642166138,0.9575328230857849,0.9999010562896729,0.49934518337249756,0.5049189329147339,0.17050179839134216,0.015503307804465294,0.999760091304779,0.500456690788269,0.5262786746025085,-0.5135633945465088,0.9206008911132812,0.9999313354492188,0.5107844471931458,0.5043914318084717,0.20263198018074036,0.016623470932245255,0.9998217225074768,0.550780713558197,0.5061129331588745,-0.17020362615585327,0.9999938607215881,0.9999990463256836,0.5403333306312561,0.49879056215286255,0.17002615332603455,0.9999883770942688,0.9999973773956299,0.47768697142601013,0.40774092078208923,-0.2256985455751419,0.9921157956123352,0.9999943971633911,0.3383916914463043,0.5050190091133118,0.1962490975856781,0.6931165456771851,0.9999897480010986,0.3348653018474579,0.4877096712589264,-0.0028749238699674606,0.9874616265296936,0.9999912977218628,0.14304021000862122,0.5158746242523193,0.30214375257492065,0.9372752904891968,0.9998518228530884,0.3355887234210968,0.5069530606269836,0.01640845090150833,0.9596424698829651,0.999976396560669,0.11117098480463028,0.5269770622253418,0.30609244108200073,0.8904694318771362,0.9997724890708923,0.2357293665409088,0.48475122451782227,-0.02534642443060875,0.9901435971260071,0.9999366998672485,0.08746200054883957,0.4707026779651642,0.23650984466075897,0.9530444741249084,0.9992349147796631,0.5293616414070129,0.022408580780029275,high,0.5288581281900406,0.001881065964698836,high,False,False,False,False
115,3837,0,False,0.8450297713279724,0.45651379227638245,-0.01575608365237713,0.9998557567596436,0.9999842643737793,0.8627543449401855,0.46052536368370056,-0.04437697306275368,0.9998141527175903,0.99998939037323,0.8646316528320312,0.46301618218421936,-0.044677771627902985,0.9998577237129211,0.9999926090240479,0.8662405014038086,0.46501481533050537,-0.04471425712108612,0.9998893737792969,0.9999926090240479,0.8613045811653137,0.4591463804244995,0.007048929110169411,0.9997233152389526,0.9999790191650391,0.8620057702064514,0.4604136049747467,0.006670242641121149,0.9997490644454956,0.9999808073043823,0.8628047108650208,0.46162599325180054,0.006557854358106852,0.9997814893722534,0.9999749660491943,0.866821825504303,0.47645339369773865,-0.11183527857065201,0.9999454021453857,0.999995231628418,0.8637080192565918,0.47301217913627625,0.12336011976003647,0.9994848370552063,0.9999693632125854,0.8321419358253479,0.46612876653671265,-0.031245814636349678,0.9997767806053162,0.999991774559021,0.8302410840988159,0.4642148017883301,0.03296337649226189,0.9993510842323303,0.9999617338180542,0.7925441861152649,0.5076903700828552,-0.23685221374034882,0.9999974370002747,0.9999994039535522,0.7648491859436035,0.4916671812534332,0.31228500604629517,0.9997859001159668,0.999969482421875,0.6628567576408386,0.525138795375824,-0.4046710431575775,0.9956994652748108,0.9999803304672241,0.6447630524635315,0.503376305103302,0.35484716296195984,0.004713508766144514,0.9998255372047424,0.5316367745399475,0.5258228182792664,-0.5155267715454102,0.9756153225898743,0.9999785423278809,0.5324786305427551,0.5035301446914673,0.22246679663658142,0.008682474493980408,0.9998674392700195,0.4945492148399353,0.532228410243988,-0.5798680782318115,0.9605157375335693,0.9999450445175171,0.5006018280982971,0.5051355361938477,0.20886774361133575,0.015413154847919941,0.9998557567596436,0.4860853850841522,0.529265820980072,-0.5726927518844604,0.9574538469314575,0.9999319314956665,0.49626827239990234,0.5048219561576843,0.1661810427904129,0.015712566673755646,0.9998183846473694,0.4993652403354645,0.5262184739112854,-0.511987030506134,0.9204742312431335,0.9999533891677856,0.5088343024253845,0.5043637752532959,0.1970355361700058,0.016746439039707184,0.9998629093170166,0.54808109998703,0.505916178226471,-0.16896240413188934,0.9999938011169434,0.9999991655349731,0.5401090383529663,0.49880096316337585,0.16879567503929138,0.9999880790710449,0.9999973773956299,0.46779680252075195,0.408730685710907,-0.22433604300022125,0.9913277626037598,0.999995231628418,0.3345472514629364,0.505430281162262,0.1940118372440338,0.6708164215087891,0.9999908208847046,0.3211005926132202,0.4859943687915802,-0.029098568484187126,0.9857369065284729,0.9999902248382568,0.1425536721944809,0.5159276723861694,0.26510947942733765,0.9276997447013855,0.9998598098754883,0.32029736042022705,0.504328727722168,-0.014635637402534485,0.9562385678291321,0.9999704360961914,0.11017581075429916,0.5275365710258484,0.26478925347328186,0.8799670934677124,0.9997643828392029,0.22343218326568604,0.481105774641037,-0.05821683630347252,0.9890048503875732,0.9999353885650635,0.08783051371574402,0.4707549214363098,0.19367758929729462,0.947470486164093,0.9993377327919006,0.5293616414070129,0.02503291368484495,high,0.5288581281900406,0.0013215571641922441,high,False,False,False,False
116,3870,0,False,0.8455916047096252,0.4562404751777649,-0.010863998904824257,0.9998623728752136,0.999983549118042,0.8631937503814697,0.4601500332355499,-0.039330702275037766,0.9998219609260559,0.999987006187439,0.8649543523788452,0.4627169072628021,-0.03961193189024925,0.9998628497123718,0.9999908208847046,0.8664856553077698,0.46482354402542114,-0.03964514285326004,0.9998936057090759,0.999990701675415,0.8618435859680176,0.4588925242424011,0.011259332299232483,0.999737560749054,0.9999762773513794,0.8623996376991272,0.46018800139427185,0.010880649089813232,0.9997615218162537,0.9999790191650391,0.8630453944206238,0.46150609850883484,0.010781043209135532,0.9997932314872742,0.9999736547470093,0.8670833706855774,0.47644278407096863,-0.10600041598081589,0.9999472498893738,0.9999943971633911,0.863762617111206,0.4729989171028137,0.12538956105709076,0.9995130896568298,0.9999704360961914,0.8323164582252502,0.4660486876964569,-0.025822686031460762,0.9997879862785339,0.9999923706054688,0.8304017186164856,0.46420133113861084,0.03733397647738457,0.9993884563446045,0.9999666213989258,0.7927578687667847,0.5076901316642761,-0.22863353788852692,0.9999974966049194,0.9999994039535522,0.7652292251586914,0.4916716516017914,0.31170281767845154,0.9997937679290771,0.9999756813049316,0.6629764437675476,0.5249332785606384,-0.403380811214447,0.9956116676330566,0.9999806880950928,0.6430639624595642,0.5033755302429199,0.36207205057144165,0.005090047605335712,0.9998875856399536,0.5300979018211365,0.5257474780082703,-0.5186928510665894,0.9756538271903992,0.9999799728393555,0.5282369256019592,0.5034898519515991,0.25065070390701294,0.009604857303202152,0.9999322891235352,0.49394509196281433,0.532199501991272,-0.5846904516220093,0.9605614542961121,0.9999474287033081,0.49667906761169434,0.50508052110672,0.23831136524677277,0.016632990911602974,0.9999192953109741,0.4846421480178833,0.5291683673858643,-0.5788536071777344,0.9575095772743225,0.9999358654022217,0.4921052157878876,0.5047308802604675,0.19538363814353943,0.016954874619841576,0.999896764755249,0.4978632628917694,0.5261341333389282,-0.5161899924278259,0.9204186797142029,0.9999576807022095,0.5048599243164062,0.5043454766273499,0.225882425904274,0.017862770706415176,0.9999254941940308,0.5465927124023438,0.5059399008750916,-0.16823461651802063,0.9999936819076538,0.9999991655349731,0.5397858023643494,0.49878719449043274,0.1680549830198288,0.9999878406524658,0.9999978542327881,0.45717188715934753,0.40978512167930603,-0.22492636740207672,0.9899693131446838,0.9999951124191284,0.3261680603027344,0.5050211548805237,0.19252339005470276,0.6445938944816589,0.9999915361404419,0.30375760793685913,0.4856659770011902,-0.02474162168800831,0.9827412962913513,0.9999902248382568,0.14088143408298492,0.5158420205116272,0.26780837774276733,0.9118428826332092,0.9998816251754761,0.3005281686782837,0.5042505860328674,-0.009390194900333881,0.9497072100639343,0.9999699592590332,0.1088428795337677,0.5279457569122314,0.2691424489021301,0.8625590801239014,0.999812662601471,0.20964336395263672,0.47914087772369385,-0.05157937854528427,0.9871660470962524,0.9999417066574097,0.08786743879318237,0.47073614597320557,0.20142677426338196,0.9380779266357422,0.9994737505912781,0.5293616414070129,0.025111055374145486,high,0.5288581281900406,0.0009123712778091875,high,False,False,False,False
117,3903,0,False,0.8448936939239502,0.4567067325115204,0.004209151957184076,0.9998716115951538,0.9999918937683105,0.8623188138008118,0.46056947112083435,-0.02285231091082096,0.9998341202735901,0.9999946355819702,0.8643825650215149,0.4630298912525177,-0.023128625005483627,0.9998717904090881,0.9999961853027344,0.8662031888961792,0.46520254015922546,-0.023150386288762093,0.9999005794525146,0.9999960660934448,0.8609186410903931,0.4591808617115021,0.02816309779882431,0.9997566938400269,0.9999895095825195,0.8616904020309448,0.46042653918266296,0.027777474373579025,0.9997785687446594,0.9999904632568359,0.8625935316085815,0.46167951822280884,0.02769353985786438,0.9998083114624023,0.9999876022338867,0.867067277431488,0.47690248489379883,-0.08615516126155853,0.9999504685401917,0.9999974966049194,0.8637312054634094,0.47317245602607727,0.14612112939357758,0.9995474815368652,0.999984860420227,0.8319379091262817,0.46622470021247864,-0.009967945516109467,0.9998012781143188,0.9999953508377075,0.8300554752349854,0.46428659558296204,0.05351579189300537,0.9994302988052368,0.9999794960021973,0.7926240563392639,0.5076704621315002,-0.21915428340435028,0.999997615814209,0.9999995231628418,0.7635337710380554,0.49172598123550415,0.33342069387435913,0.9997999668121338,0.9999791383743286,0.6629638075828552,0.5248987674713135,-0.40235546231269836,0.9956169128417969,0.9999836683273315,0.6406351923942566,0.5032632946968079,0.38426128029823303,0.005172462668269873,0.9998779296875,0.5297594666481018,0.5256948471069336,-0.523263156414032,0.9758247137069702,0.9999797344207764,0.5251368284225464,0.5035145878791809,0.2637307345867157,0.009746779687702656,0.9999071359634399,0.49394887685775757,0.5321968793869019,-0.5911454558372498,0.9608229398727417,0.9999449253082275,0.49441665410995483,0.5050088763237,0.251773864030838,0.016808299347758293,0.9998931884765625,0.4844335615634918,0.5291457176208496,-0.5838313698768616,0.957751989364624,0.9999326467514038,0.48931625485420227,0.5046308040618896,0.20853428542613983,0.017128750681877136,0.9998656511306763,0.4976617991924286,0.5260574817657471,-0.5204380750656128,0.9208393096923828,0.9999549388885498,0.5025733113288879,0.5043723583221436,0.23837648332118988,0.017976175993680954,0.9998995065689087,0.5447011590003967,0.5059723258018494,-0.1685541719198227,0.9999937415122986,0.9999994039535522,0.5368589162826538,0.49863114953041077,0.1683783233165741,0.9999878406524658,0.9999982118606567,0.44665607810020447,0.41128888726234436,-0.23419837653636932,0.9894313216209412,0.9999949932098389,0.3189445734024048,0.505277693271637,0.17624984681606293,0.6246891617774963,0.9999914169311523,0.2884776294231415,0.4860023558139801,-0.029655760154128075,0.9807654619216919,0.9999879598617554,0.13910174369812012,0.5160481333732605,0.25634443759918213,0.8987785577774048,0.9998795986175537,0.28381267189979553,0.5039084553718567,-0.01356261782348156,0.9455137252807617,0.9999635219573975,0.10704171657562256,0.5281542539596558,0.2580842673778534,0.8487661480903625,0.9998027682304382,0.19776922464370728,0.47797074913978577,-0.05607274919748306,0.9858667850494385,0.9999308586120605,0.086939737200737,0.470671147108078,0.18975920975208282,0.9306574463844299,0.9994551539421082,0.5293616414070129,0.025453186035156228,high,0.5288581281900406,0.0007038742303848711,high,False,False,False,False
118,3937,0,False,0.8464285135269165,0.4561779797077179,-0.002203576732426882,0.999866247177124,0.9999500513076782,0.8638234734535217,0.4604005813598633,-0.03258787840604782,0.999828040599823,0.999966025352478,0.8654207587242126,0.462860643863678,-0.032863471657037735,0.999866783618927,0.9999773502349854,0.8669375777244568,0.4650130867958069,-0.03289718180894852,0.9998970031738281,0.9999781847000122,0.8627687096595764,0.4590446650981903,0.019150041043758392,0.9997504949569702,0.9999303817749023,0.8633026480674744,0.46034103631973267,0.018727798014879227,0.9997730255126953,0.9999375343322754,0.8639615774154663,0.46161821484565735,0.018631361424922943,0.9998036623001099,0.9999209642410278,0.8672698736190796,0.4767988622188568,-0.10346108675003052,0.99994957447052,0.9999884366989136,0.8639928698539734,0.47312021255493164,0.1322995126247406,0.9995450377464294,0.999916672706604,0.8325895071029663,0.4657827317714691,-0.01830500178039074,0.9998006224632263,0.9999834299087524,0.8306843638420105,0.4640125334262848,0.04611509293317795,0.9994331002235413,0.9999209642410278,0.7927576303482056,0.5076673626899719,-0.22994519770145416,0.999997615814209,0.9999991655349731,0.7642286419868469,0.4917064905166626,0.3214276432991028,0.9997953772544861,0.9999487400054932,0.6629438400268555,0.524667501449585,-0.40776270627975464,0.995543897151947,0.9999750852584839,0.6405395865440369,0.5032646059989929,0.38125303387641907,0.005244429688900709,0.9997394680976868,0.5290495157241821,0.525694727897644,-0.530311644077301,0.975984513759613,0.9999738931655884,0.5254396796226501,0.5035265684127808,0.2632986903190613,0.009875195100903511,0.9998277425765991,0.4936390519142151,0.5321975350379944,-0.5975316166877747,0.961066722869873,0.9999319314956665,0.49468711018562317,0.5048925280570984,0.25292643904685974,0.017009733244776726,0.9998167157173157,0.48394617438316345,0.5291367173194885,-0.5906575322151184,0.9579992890357971,0.9999159574508667,0.4901418685913086,0.5045509934425354,0.20898377895355225,0.017333166673779488,0.9997636675834656,0.4972985088825226,0.5260533094406128,-0.5274918675422668,0.9211565852165222,0.9999438524246216,0.5028746128082275,0.504381000995636,0.2379840761423111,0.018121495842933655,0.9998235106468201,0.5433918237686157,0.5060088634490967,-0.168562650680542,0.999993622303009,0.9999988079071045,0.5359243154525757,0.49862849712371826,0.1683870255947113,0.9999872446060181,0.999996542930603,0.43633148074150085,0.4147164523601532,-0.24619050323963165,0.9892200231552124,0.9999933242797852,0.3130313754081726,0.5058345198631287,0.17851217091083527,0.6131775975227356,0.9999856948852539,0.2757543921470642,0.4862328767776489,-0.045468319207429886,0.9803630113601685,0.9999873638153076,0.13767476379871368,0.5160751938819885,0.26209965348243713,0.8933677673339844,0.9998639822006226,0.2679536044597626,0.5034499764442444,-0.030030066147446632,0.943518340587616,0.9999595880508423,0.1051725521683693,0.5283576250076294,0.264099657535553,0.8405817747116089,0.9997801184654236,0.1802731305360794,0.4732055068016052,-0.08774120360612869,0.9854941964149475,0.9999114274978638,0.08619138598442078,0.47054633498191833,0.19753114879131317,0.9274111390113831,0.9993199110031128,0.5293616414070129,0.025911664962768532,high,0.5288581281900406,0.0005005031824112383,high,False,False,False,False
119,3970,0,False,0.8463263511657715,0.45629727840423584,-0.004260422196239233,0.9998533129692078,0.9999550580978394,0.8637613654136658,0.46057000756263733,-0.034736111760139465,0.9998120665550232,0.9999713897705078,0.8653989434242249,0.4629296362400055,-0.03502150624990463,0.9998530149459839,0.9999802112579346,0.8669285774230957,0.4650532007217407,-0.035052668303251266,0.9998865723609924,0.9999803304672241,0.8627429008483887,0.45927008986473083,0.01852475106716156,0.9997336268424988,0.9999456405639648,0.863286018371582,0.4605163335800171,0.018103281036019325,0.9997588992118835,0.999951958656311,0.8639830350875854,0.4617442190647125,0.01799195632338524,0.9997932314872742,0.9999401569366455,0.8672090768814087,0.47681453824043274,-0.10444022715091705,0.9999441504478455,0.9999868869781494,0.8640095591545105,0.47324398159980774,0.13731816411018372,0.9995198845863342,0.9999316930770874,0.8321622014045715,0.4657815992832184,-0.02066165953874588,0.9997835755348206,0.9999810457229614,0.8304424285888672,0.4640125334262848,0.0458235889673233,0.9994031190872192,0.9999197721481323,0.7924033999443054,0.507655918598175,-0.23374928534030914,0.9999974966049194,0.9999988079071045,0.763595700263977,0.4919234812259674,0.3304140567779541,0.9997873902320862,0.9999504089355469,0.6631358861923218,0.5246649384498596,-0.40813642740249634,0.9953206777572632,0.9999740123748779,0.640425443649292,0.5034826397895813,0.39045798778533936,0.0053344047628343105,0.9998018145561218,0.5292916893959045,0.5258639454841614,-0.5261242389678955,0.9748614430427551,0.9999697208404541,0.5256211161613464,0.5045888423919678,0.26258447766304016,0.010012351907789707,0.9998776912689209,0.4937143921852112,0.5324373841285706,-0.5917340517044067,0.9593249559402466,0.9999176263809204,0.49510273337364197,0.5059974193572998,0.25171297788619995,0.01722341775894165,0.9998612403869629,0.4841860830783844,0.5293421149253845,-0.5847426056861877,0.9560025930404663,0.9998981952667236,0.49076488614082336,0.5058349967002869,0.20754478871822357,0.017545724287629128,0.9998226761817932,0.4976113736629486,0.5260922312736511,-0.5226073861122131,0.9176925420761108,0.9999321699142456,0.5033600926399231,0.5054547190666199,0.236944779753685,0.01827332377433777,0.999866247177124,0.5409305691719055,0.5060372352600098,-0.17150789499282837,0.9999934434890747,0.9999990463256836,0.531848669052124,0.4987146556377411,0.17135196924209595,0.9999866485595703,0.9999973773956299,0.42736101150512695,0.4185926020145416,-0.2642163932323456,0.9886928796768188,0.9999920129776001,0.3140004873275757,0.5061072707176208,0.1630427986383438,0.6029213070869446,0.9999886751174927,0.260466992855072,0.48652729392051697,-0.05540617182850838,0.9789366126060486,0.9999823570251465,0.13596099615097046,0.516068696975708,0.24651506543159485,0.8865958452224731,0.9998997449874878,0.2501787841320038,0.5035596489906311,-0.039871811866760254,0.9377737641334534,0.9999473094940186,0.10341455042362213,0.5283272862434387,0.24840041995048523,0.8312399387359619,0.9998382329940796,0.15999563038349152,0.47116321325302124,-0.10773798078298569,0.9841265082359314,0.9999063014984131,0.08618056029081345,0.47027212381362915,0.16836249828338623,0.9230814576148987,0.9995253086090088,0.5293616414070129,0.025801992416381814,high,0.5288581281900406,0.0005308419466019121,high,False,False,False,False
120,4003,0,False,0.8467391729354858,0.4559341073036194,-0.004226967226713896,0.9998379349708557,0.9999419450759888,0.8643746972084045,0.4603472948074341,-0.03500786051154137,0.9997925162315369,0.9999611377716064,0.8658382296562195,0.4627823531627655,-0.0352974534034729,0.9998370409011841,0.9999738931655884,0.8672575354576111,0.46491488814353943,-0.035324160009622574,0.9998753070831299,0.9999749660491943,0.8634412884712219,0.4589789807796478,0.019040416926145554,0.9997097253799438,0.9999222755432129,0.8638876080513,0.4602847993373871,0.018618060275912285,0.9997380375862122,0.999930739402771,0.8644781112670898,0.46157026290893555,0.01850086636841297,0.9997767210006714,0.9999141693115234,0.8673896789550781,0.47679823637008667,-0.10496009886264801,0.9999387264251709,0.9999854564666748,0.8641776442527771,0.47320786118507385,0.13792650401592255,0.9994857311248779,0.9999079704284668,0.8324600458145142,0.46559715270996094,-0.021494533866643906,0.9997702240943909,0.999980092048645,0.8306409120559692,0.4638769030570984,0.04599091783165932,0.9993784427642822,0.9999092817306519,0.7925893664360046,0.5076540112495422,-0.2357887178659439,0.9999974370002747,0.999998927116394,0.7637622952461243,0.4919012784957886,0.3297966718673706,0.9997817277908325,0.999945878982544,0.6632204055786133,0.5240471959114075,-0.40908730030059814,0.995159387588501,0.999975323677063,0.6399040222167969,0.5036187767982483,0.3922731280326843,0.0054660988971591,0.9997677206993103,0.5302342176437378,0.5257624983787537,-0.5260123610496521,0.9742588400840759,0.9999740123748779,0.5259453058242798,0.5059700608253479,0.26788127422332764,0.010080423206090927,0.9998388290405273,0.494037926197052,0.5324403047561646,-0.5916706919670105,0.9583581686019897,0.9999276399612427,0.4952639639377594,0.5073297619819641,0.2581314146518707,0.017273878678679466,0.9998100399971008,0.4844587445259094,0.5292966365814209,-0.5845770239830017,0.9548929929733276,0.9999104738235474,0.49051716923713684,0.507383406162262,0.2136024534702301,0.017590325325727463,0.9997569918632507,0.49812939763069153,0.526016891002655,-0.5224067568778992,0.9155885577201843,0.9999409914016724,0.5036440491676331,0.5065320730209351,0.24221792817115784,0.018286094069480896,0.99982088804245,0.5412503480911255,0.5062960386276245,-0.17284679412841797,0.9999935030937195,0.9999992847442627,0.5320380926132202,0.49880942702293396,0.17268599569797516,0.9999864101409912,0.9999977350234985,0.41791045665740967,0.42158785462379456,-0.28176915645599365,0.9885620474815369,0.9999936819076538,0.31574058532714844,0.5060045719146729,0.15763458609580994,0.593849241733551,0.9999891519546509,0.24740780889987946,0.48705482482910156,-0.09086186438798904,0.9788539409637451,0.9999874830245972,0.13567402958869934,0.5159428715705872,0.23222936689853668,0.8829662203788757,0.9999251365661621,0.23940002918243408,0.5039229989051819,-0.07750164717435837,0.935079038143158,0.9999607801437378,0.10334130376577377,0.5282922387123108,0.23284946382045746,0.8238338828086853,0.9998792409896851,0.14412792026996613,0.47051098942756653,-0.15651993453502655,0.9838340282440186,0.9999144077301025,0.08637551218271255,0.47026920318603516,0.1453494280576706,0.9211305975914001,0.9995842576026917,0.5293616414070129,0.025438642501831032,high,0.5288581281900406,0.0005658894777298418,high,False,False,False,False
121,4037,0,False,0.8471144437789917,0.45595523715019226,-0.0005408441065810621,0.9998341202735901,0.9999668598175049,0.8650556206703186,0.46059948205947876,-0.029848851263523102,0.9997886419296265,0.9999781847000122,0.8664129972457886,0.4630061089992523,-0.030132615938782692,0.9998325705528259,0.9999847412109375,0.8677124381065369,0.4651724398136139,-0.030143320560455322,0.9998723268508911,0.999984860420227,0.8641661405563354,0.4591633975505829,0.024524835869669914,0.9997082352638245,0.9999582767486572,0.8646071553230286,0.46048444509506226,0.02409517951309681,0.9997367858886719,0.9999629259109497,0.8651382923126221,0.46175289154052734,0.023979583755135536,0.9997767806053162,0.9999542236328125,0.867669403553009,0.47722193598747253,-0.0977771133184433,0.999936580657959,0.9999901056289673,0.8644640445709229,0.47350117564201355,0.14903876185417175,0.9994841814041138,0.9999489784240723,0.8326066732406616,0.4656021296977997,-0.016724783927202225,0.9997677206993103,0.9999864101409912,0.830839991569519,0.4638884365558624,0.051247939467430115,0.9993829727172852,0.9999423027038574,0.7926411628723145,0.5076439380645752,-0.22829295694828033,0.9999973773956299,0.999998927116394,0.763992428779602,0.4919072091579437,0.33897459506988525,0.9997803568840027,0.9999585151672363,0.6638226509094238,0.5239557027816772,-0.40161728858947754,0.9951092004776001,0.9999760389328003,0.6398981213569641,0.5036752820014954,0.40305793285369873,0.005849897861480713,0.9998310804367065,0.5315579771995544,0.5257325768470764,-0.5218276381492615,0.974325954914093,0.9999762773513794,0.5273682475090027,0.5064745545387268,0.27576327323913574,0.0109278354793787,0.9999017715454102,0.4947092831134796,0.5324575901031494,-0.5878934860229492,0.9583349823951721,0.9999293088912964,0.49611201882362366,0.508277177810669,0.2651214301586151,0.018453305587172508,0.9998728036880493,0.48518869280815125,0.529270350933075,-0.5812153816223145,0.9548383355140686,0.9999147653579712,0.49067384004592896,0.5081198811531067,0.22052150964736938,0.01878432370722294,0.9998407363891602,0.4987793564796448,0.5259162783622742,-0.5184288620948792,0.9154661893844604,0.9999450445175171,0.5042591094970703,0.5069891810417175,0.24998272955417633,0.01940119080245495,0.9998855590820312,0.5415752530097961,0.5063732862472534,-0.1730087399482727,0.9999935626983643,0.9999992847442627,0.532977283000946,0.4987943470478058,0.1728479117155075,0.9999862909317017,0.9999980926513672,0.4104785919189453,0.42627161741256714,-0.2858697474002838,0.9882879853248596,0.999991774559021,0.3225836157798767,0.5058391690254211,0.14366880059242249,0.5864784121513367,0.9999880790710449,0.23389878869056702,0.48786988854408264,-0.09760241210460663,0.9782178401947021,0.9999819993972778,0.13470754027366638,0.515641987323761,0.2122226506471634,0.877591609954834,0.9999213218688965,0.2277686595916748,0.5041877031326294,-0.08448471128940582,0.9307482242584229,0.9999439716339111,0.10314295440912247,0.5282825827598572,0.21236667037010193,0.8146092891693115,0.9998728036880493,0.1333065778017044,0.4699331521987915,-0.16825689375400543,0.9831143617630005,0.9998856782913208,0.08840768039226532,0.470266193151474,0.1212238147854805,0.9180981516838074,0.9995575547218323,0.5293616414070129,0.025173938274383523,high,0.5288581281900406,0.000575545430183455,high,False,False,False,False
122,4070,0,False,0.847690999507904,0.45560169219970703,-0.030696986243128777,0.9997455477714539,0.9997226595878601,0.8654382824897766,0.4603233337402344,-0.061667703092098236,0.9996815919876099,0.999825656414032,0.8667504191398621,0.46278542280197144,-0.06198648363351822,0.9997462630271912,0.9998869895935059,0.8679845929145813,0.4649565815925598,-0.06201181188225746,0.9998131990432739,0.9998947381973267,0.8646023273468018,0.4590465724468231,-0.006151353009045124,0.9995629191398621,0.999624490737915,0.8650407195091248,0.4604470133781433,-0.006602651439607143,0.9996090531349182,0.9996658563613892,0.8655380606651306,0.4617518484592438,-0.006764282938092947,0.9996707439422607,0.9995892643928528,0.8678974509239197,0.4771033823490143,-0.13776534795761108,0.9999101161956787,0.9999444484710693,0.8649154901504517,0.47350507974624634,0.11511415243148804,0.9992465376853943,0.9995836615562439,0.8331644535064697,0.4655136168003082,-0.049648184329271317,0.9996940493583679,0.999931812286377,0.831305742263794,0.4638838768005371,0.020003631711006165,0.9992080926895142,0.9996755123138428,0.7925174236297607,0.5074940919876099,-0.2615661025047302,0.999997079372406,0.9999974966049194,0.7655085921287537,0.49194684624671936,0.30535051226615906,0.9997450709342957,0.9998369216918945,0.6632474660873413,0.5236651301383972,-0.40281835198402405,0.9949724674224854,0.9999606609344482,0.6399233341217041,0.5036767721176147,0.3647911250591278,0.005767784547060728,0.9994695782661438,0.5299159288406372,0.5256739258766174,-0.4907403588294983,0.9728342890739441,0.9999481439590454,0.5275447368621826,0.506954550743103,0.2359946370124817,0.010437501594424248,0.9995068311691284,0.4939637780189514,0.5323301553726196,-0.5499969124794006,0.9555507898330688,0.9998406171798706,0.4961847960948944,0.5086700320243835,0.2260429859161377,0.017637809738516808,0.9993863105773926,0.4848257005214691,0.5288940668106079,-0.54515540599823,0.9518367052078247,0.9998026490211487,0.4907803535461426,0.508668839931488,0.1819901168346405,0.01795915514230728,0.9992178678512573,0.4979071617126465,0.5256355404853821,-0.48697417974472046,0.910575807094574,0.9998735189437866,0.5043562650680542,0.5075246095657349,0.21044668555259705,0.018577393144369125,0.9994383454322815,0.5417351126670837,0.5064280033111572,-0.17311036586761475,0.9999933242797852,0.9999986886978149,0.533098578453064,0.4985840618610382,0.17295509576797485,0.9999851584434509,0.9999957084655762,0.40507447719573975,0.4310462176799774,-0.29696619510650635,0.9878177642822266,0.9999823570251465,0.3317059576511383,0.504266619682312,0.14764666557312012,0.5673447251319885,0.9999650716781616,0.222045436501503,0.4896836280822754,-0.12994526326656342,0.9777588248252869,0.9999599456787109,0.1347479224205017,0.5134254097938538,0.2079620510339737,0.8699204325675964,0.9998038411140442,0.21491460502147675,0.5046913027763367,-0.11973059177398682,0.9267246723175049,0.9998753070831299,0.11022814363241196,0.5270107388496399,0.2065373659133911,0.8023682236671448,0.9996871948242188,0.12439568340778351,0.4704645872116089,-0.21899177134037018,0.9821944236755371,0.9997064471244812,0.09295355528593063,0.47044989466667175,0.10595234483480453,0.9124802947044373,0.9989144802093506,0.5293616414070129,0.024670338630676247,high,0.5288581281900406,0.0018473893404007402,high,False,False,False,False
123,4103,0,False,0.8485859036445618,0.45520415902137756,-0.06307605654001236,0.9996863603591919,0.999778687953949,0.8661344647407532,0.4599301517009735,-0.09478244185447693,0.9996105432510376,0.9998617172241211,0.8674179911613464,0.462431937456131,-0.09511934965848923,0.9996886253356934,0.9999094009399414,0.8686440587043762,0.4647006690502167,-0.09515183418989182,0.9997737407684326,0.9999141693115234,0.8653546571731567,0.4587547183036804,-0.037613265216350555,0.999470055103302,0.9997076392173767,0.8657267093658447,0.4601244330406189,-0.03807149454951286,0.9995289444923401,0.9997406601905823,0.8661777377128601,0.4615319073200226,-0.03824494034051895,0.9996044635772705,0.9996803998947144,0.8684191703796387,0.4770483374595642,-0.17057079076766968,0.9998927116394043,0.9999518394470215,0.8653184771537781,0.4734727740287781,0.08986497670412064,0.9990929365158081,0.9996790885925293,0.8339248895645142,0.4650701582431793,-0.081428661942482,0.9996470808982849,0.999941349029541,0.8321067690849304,0.46345576643943787,-0.0096328966319561,0.9991026520729065,0.99973064661026,0.7925243973731995,0.5074930787086487,-0.28932705521583557,0.9999967813491821,0.9999973773956299,0.765818178653717,0.49184468388557434,0.28805819153785706,0.9997241497039795,0.9998579025268555,0.6628357172012329,0.5236580967903137,-0.4099186360836029,0.9949092864990234,0.9999622106552124,0.6399383544921875,0.5036742687225342,0.3524952232837677,0.005927911028265953,0.9995613694190979,0.5289502143859863,0.525679349899292,-0.47767943143844604,0.9717729091644287,0.9999488592147827,0.5281089544296265,0.5070803165435791,0.21917222440242767,0.01037880964577198,0.9996392726898193,0.4928492307662964,0.5322571992874146,-0.5352098345756531,0.953153669834137,0.9998393058776855,0.4970763623714447,0.5086863040924072,0.20810632407665253,0.017494093626737595,0.9995366334915161,0.4840744137763977,0.528674304485321,-0.5320373773574829,0.9492451548576355,0.9997960925102234,0.4918438494205475,0.5086148977279663,0.16260650753974915,0.01781856082379818,0.999395489692688,0.497060090303421,0.5255489349365234,-0.474000483751297,0.9065209031105042,0.9998722076416016,0.5046231150627136,0.5075470209121704,0.19293631613254547,0.018455728888511658,0.9995734095573425,0.5416117310523987,0.5067303776741028,-0.17440469563007355,0.999993085861206,0.9999985694885254,0.5332238078117371,0.49848657846450806,0.17425912618637085,0.9999843239784241,0.9999955892562866,0.39596253633499146,0.436161071062088,-0.2910878360271454,0.9872840642929077,0.9999806880950928,0.33575302362442017,0.5045728087425232,0.15115205943584442,0.5584191679954529,0.9999690055847168,0.2109934538602829,0.4918706715106964,-0.10759007930755615,0.976910412311554,0.9999476671218872,0.13500690460205078,0.5134521722793579,0.21556587517261505,0.8659635186195374,0.9998194575309753,0.20014339685440063,0.5058502554893494,-0.09564784169197083,0.9211812019348145,0.9998376369476318,0.11111802607774734,0.5270175337791443,0.21463143825531006,0.7945724129676819,0.9997019171714783,0.11550017446279526,0.4713186025619507,-0.19532035291194916,0.9809097647666931,0.9996501207351685,0.09384206682443619,0.4719482660293579,0.11158303171396255,0.9093577861785889,0.9989359974861145,0.5293616414070129,0.023511385917663552,high,0.5288581281900406,0.0018405944108963457,high,False,False,False,False
124,4137,0,False,0.8486678004264832,0.4551882743835449,-0.08133239299058914,0.9996628165245056,0.9998592138290405,0.8661265969276428,0.45990699529647827,-0.11272721737623215,0.9995838403701782,0.9999064207077026,0.8674101233482361,0.4624040722846985,-0.11305096000432968,0.9996650218963623,0.9999375343322754,0.8686385750770569,0.46464505791664124,-0.11307647079229355,0.9997576475143433,0.999940037727356,0.8653572201728821,0.4587271809577942,-0.057450760155916214,0.9994378685951233,0.9997952580451965,0.865753710269928,0.4601006507873535,-0.057903509587049484,0.9994989633560181,0.9998125433921814,0.8662571310997009,0.4615185856819153,-0.05806040018796921,0.9995778203010559,0.9997614026069641,0.8683058619499207,0.4769754111766815,-0.18430832028388977,0.9998849034309387,0.9999654293060303,0.8653201460838318,0.47349241375923157,0.06768219918012619,0.9990304708480835,0.999754011631012,0.8341347575187683,0.4649810492992401,-0.09782303869724274,0.9996239542961121,0.9999556541442871,0.8323872089385986,0.4633947014808655,-0.028471626341342926,0.9990530014038086,0.999786913394928,0.7912848591804504,0.5074718594551086,-0.297434538602829,0.9999966025352478,0.999997615814209,0.7662550806999207,0.49187737703323364,0.26515406370162964,0.9997071623802185,0.999860405921936,0.661759078502655,0.5236596465110779,-0.42597079277038574,0.9947413206100464,0.9999563694000244,0.6402772068977356,0.5037316083908081,0.3251267075538635,0.005902281031012535,0.9995086193084717,0.5289885997772217,0.5256772041320801,-0.4875604808330536,0.9705060124397278,0.9999462366104126,0.5306366682052612,0.5075851082801819,0.19172336161136627,0.01016770675778389,0.9996291399002075,0.49286335706710815,0.5322765707969666,-0.5492449998855591,0.9506474733352661,0.9998243451118469,0.49925199151039124,0.5087841749191284,0.17967422306537628,0.017154695466160774,0.9995071887969971,0.48408570885658264,0.5286037921905518,-0.5436394810676575,0.9466404318809509,0.9997919201850891,0.4942287802696228,0.5086548328399658,0.13528405129909515,0.017472010105848312,0.9993942975997925,0.49714401364326477,0.5254561901092529,-0.48351746797561646,0.9023263454437256,0.9998718500137329,0.506229817867279,0.5076555609703064,0.16605618596076965,0.018086658790707588,0.999574601650238,0.5415424108505249,0.5067898631095886,-0.17438720166683197,0.9999927878379822,0.9999986886978149,0.5336393117904663,0.498587965965271,0.17424426972866058,0.9999833106994629,0.9999960660934448,0.38984596729278564,0.4413856565952301,-0.28380635380744934,0.9856651425361633,0.9999821186065674,0.3442787230014801,0.504066526889801,0.15090718865394592,0.5396847128868103,0.9999711513519287,0.2009524554014206,0.4946705102920532,-0.12774352729320526,0.9755526781082153,0.9999544620513916,0.14095580577850342,0.5134792327880859,0.18136444687843323,0.8571158051490784,0.9998788833618164,0.18484020233154297,0.5080173015594482,-0.12070395797491074,0.9157422780990601,0.9998468160629272,0.11693864315748215,0.5270234942436218,0.17631636559963226,0.7836899757385254,0.9997853636741638,0.10740979015827179,0.47149768471717834,-0.23505069315433502,0.9794478416442871,0.9996803998947144,0.09487494826316833,0.47266885638237,0.0662502869963646,0.9039657115936279,0.9992355108261108,0.5293616414070129,0.021344339847564675,high,0.5288581281900406,0.0018346339464188066,high,False,False,False,False
125,4170,0,False,0.8490380644798279,0.4550407826900482,-0.11186487972736359,0.9996506571769714,0.9998769760131836,0.866381824016571,0.4597697854042053,-0.14547546207904816,0.9995728731155396,0.9999246597290039,0.8676530122756958,0.46227964758872986,-0.14580762386322021,0.99965500831604,0.9999496936798096,0.8688608407974243,0.4645138382911682,-0.14580681920051575,0.9997506737709045,0.9999514818191528,0.8656516075134277,0.458668977022171,-0.08967448025941849,0.9994260668754578,0.9998326301574707,0.8660565614700317,0.4600827395915985,-0.0901237204670906,0.9994871616363525,0.9998458623886108,0.8665415048599243,0.461517870426178,-0.09028199315071106,0.9995660185813904,0.9998021721839905,0.8685175180435181,0.4769354462623596,-0.22142931818962097,0.9998800158500671,0.9999703168869019,0.8655291795730591,0.473499596118927,0.033170249313116074,0.9989942312240601,0.9997853636741638,0.8344312906265259,0.46485817432403564,-0.12917053699493408,0.9996068477630615,0.9999570846557617,0.8327086567878723,0.46335798501968384,-0.059104811400175095,0.9990161657333374,0.9997860789299011,0.7912903428077698,0.5073889493942261,-0.3350239396095276,0.9999963641166687,0.9999974966049194,0.7663766741752625,0.4919058084487915,0.23979704082012177,0.9996817111968994,0.999834418296814,0.6618122458457947,0.5236033201217651,-0.47037750482559204,0.9946255683898926,0.9999489784240723,0.6403332352638245,0.503858208656311,0.308615118265152,0.005720369052141905,0.9994680285453796,0.5289901494979858,0.525680661201477,-0.5343498587608337,0.9692419767379761,0.9999358654022217,0.5310048460960388,0.508114218711853,0.18529854714870453,0.009746773168444633,0.9995915293693542,0.49279382824897766,0.5322797894477844,-0.5944892764091492,0.9479312300682068,0.9997867941856384,0.49943631887435913,0.5093467235565186,0.17413270473480225,0.016454359516501427,0.9994511008262634,0.48410695791244507,0.5286017060279846,-0.5917344689369202,0.943815290927887,0.9997463822364807,0.49459782242774963,0.5093072056770325,0.12886939942836761,0.016755592077970505,0.9993206262588501,0.4971732795238495,0.5254571437835693,-0.5311335325241089,0.897686243057251,0.9998466968536377,0.5064100027084351,0.5083348751068115,0.15936319530010223,0.017347868531942368,0.9995203018188477,0.5415773987770081,0.5068061947822571,-0.17585089802742004,0.9999924302101135,0.9999988079071045,0.5344036817550659,0.4990094304084778,0.1757366806268692,0.9999819397926331,0.9999963045120239,0.38171905279159546,0.44762352108955383,-0.2536250650882721,0.9837356805801392,0.9999816417694092,0.34880757331848145,0.5030838251113892,0.16301143169403076,0.5177805423736572,0.9999711513519287,0.18915803730487823,0.49666160345077515,-0.11671837419271469,0.9748010635375977,0.9999457597732544,0.14592239260673523,0.5136086940765381,0.19898512959480286,0.8458039164543152,0.9999040365219116,0.16837462782859802,0.5112842917442322,-0.11102785915136337,0.9119015336036682,0.9998120665550232,0.119489386677742,0.5273844599723816,0.1956673413515091,0.7733947038650513,0.9998270869255066,0.10117556154727936,0.47125864028930664,-0.23637662827968597,0.9783515930175781,0.9996504783630371,0.09582387655973434,0.4738461673259735,0.0883040651679039,0.8973180651664734,0.9994186162948608,0.5293616414070129,0.01807734966278074,high,0.5288581281900406,0.001473668217659041,high,False,False,False,False
126,4204,0,False,0.8491388559341431,0.454995334148407,-0.15272724628448486,0.9996547698974609,0.9999086856842041,0.866377055644989,0.4597598612308502,-0.18629315495491028,0.9995829463005066,0.9999459981918335,0.8676472306251526,0.46227601170539856,-0.1866445541381836,0.9996614456176758,0.9999644756317139,0.8688561916351318,0.464505672454834,-0.1866457611322403,0.999756395816803,0.9999661445617676,0.8656638264656067,0.458638995885849,-0.13100698590278625,0.9994389414787292,0.9998692274093628,0.8660828471183777,0.4600444436073303,-0.13145099580287933,0.999495267868042,0.9998747110366821,0.8666098713874817,0.4614836573600769,-0.13159137964248657,0.9995710253715515,0.9998331069946289,0.8683098554611206,0.47693026065826416,-0.2571288049221039,0.999882161617279,0.9999805688858032,0.8654853701591492,0.4735233187675476,-0.004821738228201866,0.9989986419677734,0.9998162388801575,0.8345958590507507,0.4647532105445862,-0.16777577996253967,0.9996135830879211,0.999968409538269,0.832862138748169,0.46321916580200195,-0.09830905497074127,0.9990307688713074,0.9998292922973633,0.7910553812980652,0.5073632001876831,-0.3625098168849945,0.9999963045120239,0.9999979734420776,0.7665302157402039,0.4919253885746002,0.21026352047920227,0.9996708631515503,0.9998353719711304,0.6617648005485535,0.5236063599586487,-0.49594154953956604,0.9945529699325562,0.9999544620513916,0.6406515836715698,0.5038596391677856,0.2907384932041168,0.005580895580351353,0.9994303584098816,0.5296589732170105,0.5256553888320923,-0.5708202719688416,0.968382716178894,0.9999440908432007,0.5328921675682068,0.5080898404121399,0.17707492411136627,0.009420457296073437,0.9995439648628235,0.49314671754837036,0.5323044657707214,-0.6341454982757568,0.9457898139953613,0.9997994303703308,0.500763475894928,0.5092695951461792,0.16600961983203888,0.01587844267487526,0.9993372559547424,0.48445433378219604,0.5285550355911255,-0.6316945552825928,0.9416266679763794,0.9997662901878357,0.49592843651771545,0.5092212557792664,0.11882684379816055,0.01617034524679184,0.9991759657859802,0.49779585003852844,0.5254271030426025,-0.5681737065315247,0.8939259052276611,0.9998641014099121,0.5079686045646667,0.5082980394363403,0.15066911280155182,0.01675179786980152,0.999444305896759,0.5411667227745056,0.5068168044090271,-0.1768680363893509,0.9999922513961792,0.999998927116394,0.5346419215202332,0.49925631284713745,0.17675796151161194,0.999981164932251,0.9999966621398926,0.3729727268218994,0.4536822438240051,-0.22355102002620697,0.9802547693252563,0.9999779462814331,0.3491760492324829,0.5015685558319092,0.1862800270318985,0.49195045232772827,0.9999607801437378,0.17923301458358765,0.4982498586177826,-0.0876285657286644,0.9728068709373474,0.9999346733093262,0.1499137431383133,0.5126601457595825,0.23155727982521057,0.828315794467926,0.9998832941055298,0.1608823835849762,0.5131816267967224,-0.08520512282848358,0.9059329032897949,0.9997720122337341,0.12177413702011108,0.5272302627563477,0.2282218337059021,0.7590280771255493,0.9997953772544861,0.09511716663837433,0.4714212417602539,-0.2056872546672821,0.9761518836021423,0.9995263814926147,0.09572988003492355,0.47386571764945984,0.0999315083026886,0.8865069150924683,0.9992377758026123,0.5293616414070129,0.016180014610290505,high,0.5288581281900406,0.0016278654336929765,high,False,False,False,False
127,4237,0,False,0.8491547703742981,0.45494896173477173,-0.13195379078388214,0.9996619820594788,0.9999349117279053,0.8664261698722839,0.45975300669670105,-0.1646607667207718,0.9995972514152527,0.9999635219573975,0.8676737546920776,0.46225813031196594,-0.16500483453273773,0.9996711015701294,0.9999754428863525,0.8688687086105347,0.46446409821510315,-0.16499140858650208,0.9997639060020447,0.9999761581420898,0.8657121062278748,0.45863595604896545,-0.10929977893829346,0.9994595050811768,0.9999167919158936,0.8661209344863892,0.4600459337234497,-0.10974641144275665,0.9995118379592896,0.9999219179153442,0.8666275143623352,0.461489737033844,-0.10988201200962067,0.9995842576026917,0.9998974800109863,0.8683156371116638,0.47688028216362,-0.23570045828819275,0.9998847842216492,0.9999850988388062,0.8655021786689758,0.4735240936279297,0.01677444949746132,0.9990209937095642,0.9998838901519775,0.8345993757247925,0.46469658613204956,-0.14743678271770477,0.9996212720870972,0.9999743700027466,0.832855761051178,0.4632115960121155,-0.07792100310325623,0.999053418636322,0.999869704246521,0.7909009456634521,0.5072429776191711,-0.3476581871509552,0.9999962449073792,0.9999979734420776,0.7663426995277405,0.49197980761528015,0.22775045037269592,0.9996594190597534,0.9998581409454346,0.6619531512260437,0.5235624313354492,-0.489522248506546,0.9944410920143127,0.9999523162841797,0.6406510472297668,0.5039738416671753,0.2996220588684082,0.005433531943708658,0.9994656443595886,0.5311719179153442,0.5256227254867554,-0.5744287967681885,0.967688262462616,0.999940037727356,0.5334697365760803,0.5083819031715393,0.1738901436328888,0.009133217856287956,0.9995867609977722,0.49406570196151733,0.5324739813804626,-0.6393028497695923,0.9440902471542358,0.9997873902320862,0.500977098941803,0.5098286271095276,0.16091446578502655,0.015385785140097141,0.9994064569473267,0.4854367971420288,0.5285542607307434,-0.6362026929855347,0.9398804306983948,0.9997521042823792,0.4959482252597809,0.5096360445022583,0.11386643350124359,0.015667133033275604,0.9992745518684387,0.49909481406211853,0.5253665447235107,-0.5718362331390381,0.8908855319023132,0.9998542070388794,0.5079946517944336,0.5085386633872986,0.14710766077041626,0.016212759539484978,0.9994995594024658,0.540934681892395,0.5068305134773254,-0.1779019683599472,0.9999921917915344,0.9999991655349731,0.5347860455513,0.4996742904186249,0.17779943346977234,0.999980628490448,0.9999973773956299,0.366416335105896,0.4600182771682739,-0.21599583327770233,0.9779050946235657,0.9999778270721436,0.34919947385787964,0.5008820295333862,0.19307570159435272,0.46999990940093994,0.9999651908874512,0.17061540484428406,0.49866408109664917,-0.07671226561069489,0.9715172052383423,0.9999328851699829,0.1513477861881256,0.5107713341712952,0.2408740073442459,0.8136700391769409,0.9999030828475952,0.1518818587064743,0.5143593549728394,-0.0742802768945694,0.9009933471679688,0.9997705817222595,0.12261327356100082,0.5263561606407166,0.2374994307756424,0.7466725707054138,0.9998273849487305,0.08777981996536255,0.47135820984840393,-0.20244991779327393,0.9744884371757507,0.9995635151863098,0.0940396636724472,0.47407570481300354,0.10834253579378128,0.8776808381080627,0.9993984699249268,0.5293616414070129,0.015002286434173562,high,0.5288581281900406,0.00250196754932408,high,False,False,False,False
128,4270,0,False,0.8491767644882202,0.45492249727249146,-0.14071789383888245,0.9996643662452698,0.9999339580535889,0.8664368987083435,0.45976999402046204,-0.17251567542552948,0.9996070861816406,0.9999603033065796,0.8676708340644836,0.46226078271865845,-0.17286120355129242,0.9996759295463562,0.9999724626541138,0.8688608407974243,0.4644612967967987,-0.17281274497509003,0.9997677803039551,0.9999725818634033,0.8657421469688416,0.4586435556411743,-0.11712682992219925,0.9994751214981079,0.9999102354049683,0.8661531209945679,0.46005403995513916,-0.11756979674100876,0.9995231628417969,0.9999150037765503,0.8666623830795288,0.46149158477783203,-0.11769939213991165,0.9995927810668945,0.9998871088027954,0.8682775497436523,0.47687387466430664,-0.23996201157569885,0.9998847246170044,0.9999823570251465,0.8655051589012146,0.47352468967437744,0.012422630563378334,0.9990359544754028,0.9998726844787598,0.8346014618873596,0.4646657109260559,-0.155025914311409,0.9996222853660583,0.9999697208404541,0.8329142928123474,0.46317169070243835,-0.08549802005290985,0.9990643262863159,0.9998494386672974,0.7907688021659851,0.5070943236351013,-0.3507457673549652,0.9999960660934448,0.9999969005584717,0.7662614583969116,0.492007315158844,0.21959370374679565,0.9996448755264282,0.9998093247413635,0.6631963849067688,0.5234259963035583,-0.5098580718040466,0.9942240715026855,0.9999294281005859,0.6406895518302917,0.5041367411613464,0.2886500954627991,0.005315297748893499,0.9993765950202942,0.5323249697685242,0.5254954695701599,-0.6206002831459045,0.967241644859314,0.9999287128448486,0.5338249802589417,0.5086398720741272,0.16057813167572021,0.009128852747380733,0.9996371269226074,0.4943236708641052,0.5325077772140503,-0.6900972723960876,0.9430721998214722,0.9997368454933167,0.5010082125663757,0.5102409720420837,0.1447121948003769,0.015325041487812996,0.9994174242019653,0.48569679260253906,0.5285033583641052,-0.6881840825080872,0.9389333128929138,0.9997158646583557,0.4959794282913208,0.5097143650054932,0.09742384403944016,0.01561833918094635,0.9993299245834351,0.4995403289794922,0.5252097845077515,-0.6192762851715088,0.8890161514282227,0.9998382329940796,0.5079547166824341,0.5087249875068665,0.1335889846086502,0.016079405322670937,0.9995551705360413,0.5405023694038391,0.5068249106407166,-0.17796772718429565,0.9999912977218628,0.9999982118606567,0.5348153114318848,0.49975550174713135,0.17786501348018646,0.9999778270721436,0.9999948740005493,0.3611859977245331,0.465846449136734,-0.19928619265556335,0.9694274663925171,0.9999451637268066,0.35033974051475525,0.4960576593875885,0.19400422275066376,0.436152845621109,0.9999158382415771,0.16109523177146912,0.4995137155056,-0.06981737166643143,0.9662210941314697,0.9998376369476318,0.15495166182518005,0.508994460105896,0.24638473987579346,0.7762246131896973,0.9998049139976501,0.14185835421085358,0.5156324505805969,-0.06806471943855286,0.8887096643447876,0.9994434714317322,0.12603718042373657,0.5252509713172913,0.24351435899734497,0.7178706526756287,0.9996581077575684,0.08075694739818573,0.4708103537559509,-0.2091955691576004,0.9692845940589905,0.9991797804832458,0.09100035578012466,0.4740290641784668,0.11342214047908783,0.8522786498069763,0.999099850654602,0.5293616414070129,0.013729190826415993,high,0.5288581281900406,0.003607156872749373,high,False,False,False,False
129,4304,0,False,0.849177360534668,0.4544118344783783,-0.12584155797958374,0.9996635913848877,0.9999233484268188,0.866418182849884,0.45923349261283875,-0.15815645456314087,0.9996126890182495,0.9999569654464722,0.8676478862762451,0.46170365810394287,-0.15850384533405304,0.9996787309646606,0.9999712705612183,0.8688383102416992,0.46390098333358765,-0.15846607089042664,0.9997708797454834,0.9999724626541138,0.865738570690155,0.45827504992485046,-0.10275937616825104,0.999484121799469,0.9998995065689087,0.866151750087738,0.4597429037094116,-0.10320472717285156,0.9995289444923401,0.9999054670333862,0.8666685223579407,0.4612656831741333,-0.10333748161792755,0.9995968341827393,0.9998767375946045,0.8682714700698853,0.4765070676803589,-0.22999520599842072,0.9998851418495178,0.9999839067459106,0.8655152916908264,0.473320871591568,0.022738635540008545,0.9990379214286804,0.9998641014099121,0.834595263004303,0.46422725915908813,-0.1418495774269104,0.9996265172958374,0.9999732971191406,0.8329455256462097,0.46284782886505127,-0.07227522879838943,0.999078094959259,0.9998598098754883,0.790712296962738,0.5069432854652405,-0.3443019390106201,0.9999960660934448,0.9999980926513672,0.7662654519081116,0.4917917251586914,0.2283947616815567,0.9996327757835388,0.9998366832733154,0.6632765531539917,0.5234346985816956,-0.4940321743488312,0.9942724108695984,0.9999597072601318,0.6407026052474976,0.5039111971855164,0.3010490834712982,0.005196514073759317,0.9994803071022034,0.5323370099067688,0.5251284241676331,-0.5933862328529358,0.9678601026535034,0.9999570846557617,0.5349328517913818,0.5086281895637512,0.17208771407604218,0.008932461962103844,0.9996401071548462,0.4943417012691498,0.5325144529342651,-0.6599769592285156,0.9436019062995911,0.9998346567153931,0.5020580887794495,0.5101831555366516,0.1580023318529129,0.014944926835596561,0.9994402527809143,0.4856913685798645,0.5283163785934448,-0.6574714779853821,0.9395539164543152,0.9998111128807068,0.4966088831424713,0.5096675157546997,0.11317922174930573,0.015243086032569408,0.9993306398391724,0.49954405426979065,0.5247326493263245,-0.5913663506507874,0.8897923827171326,0.9998937845230103,0.5086947083473206,0.5086613297462463,0.14617593586444855,0.01567680761218071,0.9995525479316711,0.5407242178916931,0.5068730711936951,-0.17794755101203918,0.9999908208847046,0.9999986886978149,0.5356947183609009,0.4997622072696686,0.1778385043144226,0.9999759793281555,0.9999955892562866,0.3577277958393097,0.47266149520874023,-0.18733501434326172,0.9646491408348083,0.9999532699584961,0.3511786460876465,0.49392297863960266,0.18686999380588531,0.4094403088092804,0.9999253749847412,0.15698473155498505,0.5013817548751831,-0.06878568232059479,0.9636333584785461,0.9998447895050049,0.15543010830879211,0.5087355375289917,0.22868186235427856,0.74840247631073,0.9998056292533875,0.13656486570835114,0.5180501341819763,-0.06741359084844589,0.8808046579360962,0.9994694590568542,0.12585432827472687,0.5251691937446594,0.22476334869861603,0.6948383450508118,0.9996539354324341,0.07838091254234314,0.4703405201435089,-0.21872065961360931,0.9664186835289001,0.9991705417633057,0.08915603905916214,0.47402113676071167,0.09321001172065735,0.8341748714447021,0.9989913105964661,0.5293616414070129,0.011311507225036599,high,0.5288581281900406,0.003688934445381209,high,False,False,False,False
130,4337,0,False,0.8480539321899414,0.4544673264026642,-0.14126242697238922,0.9996498823165894,0.9999061822891235,0.8654912114143372,0.45931193232536316,-0.174437016248703,0.999608039855957,0.9999510049819946,0.8670751452445984,0.46173420548439026,-0.17481280863285065,0.9996715784072876,0.9999667406082153,0.8684256672859192,0.46391189098358154,-0.1747661828994751,0.9997673034667969,0.9999675750732422,0.8646710515022278,0.4582854211330414,-0.1171884834766388,0.9994795322418213,0.9998867511749268,0.865393340587616,0.4597392678260803,-0.11763858795166016,0.9995215535163879,0.9998931884765625,0.8661840558052063,0.461206316947937,-0.1177847608923912,0.999589741230011,0.9998599290847778,0.8680366277694702,0.47649678587913513,-0.2473745495080948,0.9998816847801208,0.9999786615371704,0.8653823137283325,0.4731805920600891,0.012862618081271648,0.9990067481994629,0.9998345375061035,0.8335402607917786,0.46422168612480164,-0.15771374106407166,0.9996161460876465,0.999962568283081,0.8321102857589722,0.46275433897972107,-0.08588998764753342,0.9990590810775757,0.999813973903656,0.7893823981285095,0.5068815350532532,-0.3655177652835846,0.9999959468841553,0.9999971389770508,0.7651164531707764,0.4917921721935272,0.22433367371559143,0.9996153116226196,0.9997867941856384,0.6620308756828308,0.5236068964004517,-0.5017227530479431,0.9943370223045349,0.999951958656311,0.6403288841247559,0.503912627696991,0.2951991856098175,0.005148860160261393,0.9993933439254761,0.5301606059074402,0.5251388549804688,-0.5825967788696289,0.9683473110198975,0.9999442100524902,0.5335707664489746,0.508618175983429,0.1564493030309677,0.008971299976110458,0.999622106552124,0.49160274863243103,0.5325669646263123,-0.6476859450340271,0.943751335144043,0.9997777342796326,0.501395046710968,0.5101391673088074,0.1400030106306076,0.014928789809346199,0.9993927478790283,0.4831119775772095,0.5283176302909851,-0.6452996730804443,0.9397531747817993,0.9997439980506897,0.49633845686912537,0.5095278024673462,0.09102674573659897,0.015251561999320984,0.9992724061012268,0.4962731897830963,0.5247308611869812,-0.5802353024482727,0.8900573253631592,0.9998569488525391,0.5072884559631348,0.50865238904953,0.12819594144821167,0.015657933428883553,0.999519944190979,0.5395926237106323,0.5068885087966919,-0.1786341667175293,0.9999901652336121,0.9999983310699463,0.5355610847473145,0.49969688057899475,0.1785515546798706,0.9999736547470093,0.9999945163726807,0.35555964708328247,0.4757865369319916,-0.17163370549678802,0.960748016834259,0.9999434947967529,0.3508875370025635,0.49033600091934204,0.18502067029476166,0.3884255588054657,0.9999158382415771,0.1545272171497345,0.5024840831756592,-0.03859112039208412,0.9622178077697754,0.999813973903656,0.15497855842113495,0.5073682069778442,0.24136030673980713,0.7280648946762085,0.9998018145561218,0.1330622136592865,0.5183107256889343,-0.036049984395504,0.8751044869422913,0.9993892908096313,0.12549103796482086,0.5233970880508423,0.24004623293876648,0.6789407730102539,0.9996528625488281,0.07674701511859894,0.4704383611679077,-0.21495306491851807,0.964279294013977,0.9990272521972656,0.08555953204631805,0.4738941192626953,0.09756939858198166,0.820831835269928,0.998976469039917,0.5293616414070129,0.011050915718078591,high,0.5288581281900406,0.005461040139198348,high,False,False,False,False
131,4370,0,False,0.8480875492095947,0.45406097173690796,-0.1552720069885254,0.9996063709259033,0.9998006224632263,0.8654710054397583,0.45872101187705994,-0.18989168107509613,0.9995759725570679,0.9998911619186401,0.8670319318771362,0.4611578583717346,-0.19027820229530334,0.9996415972709656,0.9999277591705322,0.8683728575706482,0.46329089999198914,-0.190227210521698,0.9997487664222717,0.9999316930770874,0.8646620512008667,0.4577031433582306,-0.1332252323627472,0.9994407296180725,0.9997413754463196,0.8653771877288818,0.4591834843158722,-0.13368339836597443,0.9994813799858093,0.9997586607933044,0.8661689162254333,0.4606918394565582,-0.13384239375591278,0.9995533227920532,0.9996893405914307,0.8680080771446228,0.475980669260025,-0.2654019296169281,0.9998714327812195,0.9999617338180542,0.8653663992881775,0.4728142023086548,-0.0074413069523870945,0.9989173412322998,0.9996695518493652,0.8337789177894592,0.4638277292251587,-0.17226077616214752,0.9995911121368408,0.9999421834945679,0.8322579264640808,0.4623820185661316,-0.10105496644973755,0.999004602432251,0.9996976852416992,0.7893400192260742,0.5065205097198486,-0.3784876763820648,0.9999958276748657,0.9999970197677612,0.7652192711830139,0.4913698136806488,0.20586887001991272,0.9995861649513245,0.9997169375419617,0.6619698405265808,0.5235931277275085,-0.5104782581329346,0.9943403601646423,0.9999455213546753,0.6397825479507446,0.5038307905197144,0.28866642713546753,0.004980706609785557,0.9992579817771912,0.5292924046516418,0.5249658823013306,-0.5892146229743958,0.9684487581253052,0.9999402761459351,0.5334641337394714,0.5085922479629517,0.16383297741413116,0.008732501417398453,0.9995349645614624,0.49124643206596375,0.5325429439544678,-0.6536708474159241,0.9433937072753906,0.9997650980949402,0.5013912916183472,0.5101041197776794,0.14884129166603088,0.014513651840388775,0.9992683529853821,0.48279112577438354,0.5282723307609558,-0.6531385779380798,0.9394375681877136,0.9997285008430481,0.4962727725505829,0.509494423866272,0.099173903465271,0.014842720702290535,0.9991186261177063,0.4958142340183258,0.5246457457542419,-0.5872699618339539,0.8893276453018188,0.999850869178772,0.5070106387138367,0.5086385011672974,0.13573771715164185,0.015242490917444229,0.9994193315505981,0.539501428604126,0.5068730711936951,-0.17859183251857758,0.9999895095825195,0.9999983310699463,0.5355849862098694,0.49925607442855835,0.1785135120153427,0.9999709725379944,0.9999945163726807,0.35169947147369385,0.48076847195625305,-0.13984902203083038,0.9557071328163147,0.9999332427978516,0.35050466656684875,0.49055778980255127,0.18346676230430603,0.36679404973983765,0.9998961687088013,0.14857050776481628,0.5030907392501831,-0.0265720896422863,0.9615635871887207,0.9997805953025818,0.15452417731285095,0.5075777769088745,0.24237164855003357,0.7063613533973694,0.9997929930686951,0.12661288678646088,0.5187480449676514,-0.026130346581339836,0.8708488345146179,0.999250590801239,0.12526561319828033,0.5233972668647766,0.2412927746772766,0.6626593470573425,0.9996286630630493,0.07236570119857788,0.46983927488327026,-0.20773212611675262,0.9628036618232727,0.9988076686859131,0.08390454202890396,0.47387245297431946,0.10401023179292679,0.806597888469696,0.9988613128662109,0.5293616414070129,0.01061359643936155,high,0.5288581281900406,0.0054608613252640215,high,False,False,False,False
132,4404,0,False,0.8454787731170654,0.45459824800491333,-0.14975623786449432,0.9996050000190735,0.9999377727508545,0.8628076910972595,0.45914608240127563,-0.1832636445760727,0.9995829463005066,0.9999674558639526,0.8648378252983093,0.46149933338165283,-0.1836453527212143,0.9996451139450073,0.9999773502349854,0.8665993213653564,0.4636690020561218,-0.18357734382152557,0.9997515082359314,0.9999778270721436,0.8620525002479553,0.45790451765060425,-0.12688106298446655,0.9994519948959351,0.9999264478683472,0.8631985187530518,0.4592745900154114,-0.12733261287212372,0.9994898438453674,0.9999306201934814,0.8644692897796631,0.4607076346874237,-0.12747366726398468,0.9995596408843994,0.9999091625213623,0.8671167492866516,0.4760839343070984,-0.2549998462200165,0.9998707175254822,0.9999852180480957,0.8643604516983032,0.47280123829841614,0.0014870043378323317,0.9989242553710938,0.9998916387557983,0.8316531181335449,0.46396246552467346,-0.1654832512140274,0.9995868802070618,0.9999715089797974,0.8305040001869202,0.4623963534832001,-0.09470616281032562,0.9990051984786987,0.9998600482940674,0.7883816957473755,0.5064805746078491,-0.37024644017219543,0.9999957084655762,0.9999974966049194,0.7638691067695618,0.4913704991340637,0.21178212761878967,0.99957674741745,0.9998225569725037,0.6614513993263245,0.5235916376113892,-0.5175895690917969,0.9943146109580994,0.9999518394470215,0.6393581628799438,0.5038348436355591,0.2898510694503784,0.004956066608428955,0.9994887113571167,0.5287542343139648,0.5249518156051636,-0.6167544722557068,0.969122052192688,0.9999574422836304,0.5324954390525818,0.508650004863739,0.16260145604610443,0.008903360925614834,0.9997459053993225,0.49073174595832825,0.5325404405593872,-0.6853001713752747,0.9443361163139343,0.9998365640640259,0.5008841753005981,0.510283887386322,0.14612600207328796,0.014726409688591957,0.9995819926261902,0.48260125517845154,0.5282918214797974,-0.6847590804100037,0.9405153393745422,0.9998183846473694,0.4957173764705658,0.5095740556716919,0.09604805707931519,0.015099013224244118,0.999517560005188,0.49536222219467163,0.5246294140815735,-0.6154038906097412,0.8909069299697876,0.9998983144760132,0.5057744383811951,0.5086836218833923,0.13419394195079803,0.015419315546751022,0.9996799230575562,0.5375692844390869,0.5067654252052307,-0.1785392016172409,0.9999887943267822,0.9999985694885254,0.5347695350646973,0.49915122985839844,0.17847006022930145,0.999968409538269,0.999995231628418,0.349213182926178,0.4827600121498108,-0.13722455501556396,0.9500554800033569,0.9999430179595947,0.3501093089580536,0.49107444286346436,0.18537533283233643,0.3447023928165436,0.9999176263809204,0.14518088102340698,0.5037127733230591,-0.01761055178940296,0.959834635257721,0.9998379945755005,0.15418599545955658,0.5076137781143188,0.2604743540287018,0.6810185313224792,0.9998462200164795,0.1233951598405838,0.5188393592834473,-0.01665663532912731,0.8652100563049316,0.9994632601737976,0.12541791796684265,0.5229047536849976,0.2604523003101349,0.643636167049408,0.9997311234474182,0.07056550681591034,0.4693036675453186,-0.20173265039920807,0.9607725143432617,0.9992461204528809,0.0820271447300911,0.4736696183681488,0.12350022792816162,0.7904278635978699,0.9992908239364624,0.5293616414070129,0.010522282123565652,high,0.5288581281900406,0.005953374505043074,high,False,False,False,False
133,4437,0,False,0.8456143140792847,0.45399677753448486,-0.14476141333580017,0.9995990991592407,0.9999040365219116,0.8628354668617249,0.4583418667316437,-0.1774130016565323,0.9995840191841125,0.9999462366104126,0.8648577928543091,0.46078553795814514,-0.17778605222702026,0.99964439868927,0.999963641166687,0.8665987849235535,0.4630027413368225,-0.17771513760089874,0.9997519254684448,0.9999650716781616,0.8620790243148804,0.45724573731422424,-0.12187536805868149,0.9994566440582275,0.9998756647109985,0.8632264733314514,0.4586672782897949,-0.12233409285545349,0.9994919300079346,0.999884843826294,0.8644821047782898,0.4602331519126892,-0.12247826159000397,0.999560534954071,0.9998520612716675,0.8670688271522522,0.47570866346359253,-0.24735824763774872,0.9998694658279419,0.9999797344207764,0.8643545508384705,0.4725936949253082,0.005715685430914164,0.9989239573478699,0.9998406171798706,0.8318005800247192,0.4636000692844391,-0.15991707146167755,0.999586820602417,0.9999669790267944,0.8306354284286499,0.46211546659469604,-0.09020069241523743,0.9990114569664001,0.9998310804367065,0.7883942723274231,0.5062827467918396,-0.36101585626602173,0.9999956488609314,0.9999977350234985,0.7638881802558899,0.4910873770713806,0.21272926032543182,0.9995557069778442,0.9997928738594055,0.6614421010017395,0.5234858393669128,-0.5088485479354858,0.9943902492523193,0.9999535083770752,0.6392846703529358,0.5038121938705444,0.292709082365036,0.004820520058274269,0.9994051456451416,0.5286849141120911,0.5248400568962097,-0.6023842692375183,0.9699627757072449,0.9999574422836304,0.5325344800949097,0.5084425806999207,0.16654889285564423,0.008697155863046646,0.9996517896652222,0.4902842342853546,0.5324809551239014,-0.6691478490829468,0.9456200003623962,0.9998364448547363,0.5008852481842041,0.510177731513977,0.15140333771705627,0.014368847012519836,0.9994662404060364,0.48249194025993347,0.5281891226768494,-0.6680026054382324,0.9419524669647217,0.9998148083686829,0.4957788586616516,0.5092806220054626,0.10267982631921768,0.014747174456715584,0.9993687272071838,0.49531131982803345,0.5243320465087891,-0.6006386280059814,0.8931822180747986,0.9998980760574341,0.5059070587158203,0.508294939994812,0.1387081891298294,0.015058079734444618,0.9995761513710022,0.5376359820365906,0.5067685842514038,-0.1753140240907669,0.9999882578849792,0.9999986886978149,0.5348247289657593,0.49905240535736084,0.17527589201927185,0.9999662041664124,0.9999957084655762,0.3467620313167572,0.48543399572372437,-0.12921294569969177,0.9467570185661316,0.999943733215332,0.34895631670951843,0.491277813911438,0.16225004196166992,0.3273705840110779,0.9999133348464966,0.14259053766727448,0.5045320987701416,-0.02548050507903099,0.9596822261810303,0.9998132586479187,0.15342804789543152,0.507731556892395,0.23961541056632996,0.6595940589904785,0.9998360872268677,0.12011769413948059,0.5191813707351685,-0.024950044229626656,0.862608790397644,0.9993477463722229,0.1253000795841217,0.5227848887443542,0.239577516913414,0.6264038681983948,0.9997053742408752,0.06899058818817139,0.46866023540496826,-0.20685558021068573,0.9602219462394714,0.999087929725647,0.08068912476301193,0.47364383935928345,0.10036186873912811,0.776961624622345,0.9991908669471741,0.5293616414070129,0.01018027067184446,high,0.5288581281900406,0.006073239445686385,high,False,False,False,False
134,4471,0,False,0.8448370099067688,0.4542407989501953,-0.1705758273601532,0.9995713829994202,0.9998620748519897,0.8620694279670715,0.45879706740379333,-0.20327596366405487,0.9995654225349426,0.9999264478683472,0.8642305731773376,0.46120309829711914,-0.20367605984210968,0.9996253848075867,0.9999494552612305,0.8660561442375183,0.46340540051460266,-0.20359903573989868,0.9997401833534241,0.9999510049819946,0.8612700700759888,0.4574163258075714,-0.14746308326721191,0.9994369149208069,0.9998325109481812,0.8624916076660156,0.4587534964084625,-0.1479303240776062,0.9994710683822632,0.9998438358306885,0.8638148307800293,0.4602469205856323,-0.14808934926986694,0.9995415210723877,0.9997988343238831,0.8666160702705383,0.4758079946041107,-0.2692972719669342,0.9998602867126465,0.9999686479568481,0.8638278841972351,0.4725784659385681,-0.015367912128567696,0.9988593459129333,0.9997679591178894,0.8310270309448242,0.46365490555763245,-0.18403594195842743,0.9995607137680054,0.9999481439590454,0.8297737240791321,0.46211594343185425,-0.11403977870941162,0.9989638924598694,0.9997455477714539,0.7864874005317688,0.5062934756278992,-0.37717005610466003,0.9999954104423523,0.9999966621398926,0.7630411386489868,0.4910847842693329,0.1987464874982834,0.9995280504226685,0.9997252821922302,0.6580199599266052,0.5236818194389343,-0.5079564452171326,0.9943380951881409,0.9999459981918335,0.6379984021186829,0.5038133263587952,0.2786741554737091,0.00474141538143158,0.9993220567703247,0.5255143642425537,0.5249851942062378,-0.5958230495452881,0.9701745510101318,0.9999513626098633,0.5301664471626282,0.5084913372993469,0.15135030448436737,0.008665792644023895,0.99964439868927,0.4878881871700287,0.5325161218643188,-0.662156879901886,0.9456613063812256,0.9998117089271545,0.4990801215171814,0.5105248093605042,0.13396012783050537,0.014269595965743065,0.9994304776191711,0.4807320535182953,0.5282633304595947,-0.6605230569839478,0.9420948028564453,0.9997822642326355,0.49407270550727844,0.5094780325889587,0.08302348107099533,0.014676542952656746,0.9993236064910889,0.49255087971687317,0.5243882536888123,-0.5938893556594849,0.893281102180481,0.9998801946640015,0.5032750368118286,0.5083214044570923,0.12250708043575287,0.014953438192605972,0.9995526671409607,0.5342872738838196,0.5067715644836426,-0.17524781823158264,0.9999874830245972,0.9999983310699463,0.5321832895278931,0.4990564286708832,0.17521579563617706,0.9999634027481079,0.9999947547912598,0.34509193897247314,0.488620400428772,-0.11862172931432724,0.941977858543396,0.9999390840530396,0.34679117798805237,0.4920353293418884,0.16299688816070557,0.3107740581035614,0.9999130964279175,0.1405058354139328,0.5058842897415161,0.004692081827670336,0.9589275121688843,0.9998090863227844,0.1523866504430771,0.507763147354126,0.25939181447029114,0.6426005363464355,0.9998412132263184,0.117576465010643,0.5193962454795837,0.0054972548969089985,0.8576318621635437,0.9993622899055481,0.12439271062612534,0.522683322429657,0.2607690691947937,0.6127282381057739,0.9997192025184631,0.06868089735507965,0.46872732043266296,-0.1820254772901535,0.9587429761886597,0.9990907907485962,0.07969319075345993,0.47361764311790466,0.11919295787811279,0.7657183408737183,0.9992074370384216,0.5293616414070129,0.009965395927429177,high,0.5288581281900406,0.00617480576038365,high,False,False,False,False
135,4504,0,False,0.8447140455245972,0.45419737696647644,-0.16453009843826294,0.9995139837265015,0.9997795224189758,0.8616544604301453,0.45879316329956055,-0.19757962226867676,0.9995158910751343,0.9998667240142822,0.8635003566741943,0.4611964821815491,-0.1979897916316986,0.9995776414871216,0.999907374382019,0.865094006061554,0.4633869528770447,-0.19783207774162292,0.9997085928916931,0.9999094009399414,0.8609592318534851,0.45740243792533875,-0.1441141813993454,0.9993826150894165,0.9997028708457947,0.8620638251304626,0.4587465524673462,-0.14462633430957794,0.9994165897369385,0.9997262358665466,0.8633143901824951,0.4602300822734833,-0.14480867981910706,0.9994937777519226,0.9996504783630371,0.8650224804878235,0.4757950007915497,-0.2596314251422882,0.9998410940170288,0.9999464750289917,0.8626037836074829,0.472575306892395,-0.014319196343421936,0.9987504482269287,0.9996259212493896,0.831055760383606,0.46355772018432617,-0.1758682280778885,0.999508798122406,0.9999172687530518,0.82976895570755,0.4620198607444763,-0.10864992439746857,0.9988700747489929,0.9996035695075989,0.7864490151405334,0.5061255693435669,-0.36162281036376953,0.9999950528144836,0.9999951124191284,0.7630265355110168,0.4910079538822174,0.20536060631275177,0.9994876384735107,0.9996199607849121,0.6580305099487305,0.5230427384376526,-0.49484682083129883,0.9941892623901367,0.9999219179153442,0.6380167007446289,0.5037599205970764,0.28422343730926514,0.004616068676114082,0.9991511106491089,0.5256381630897522,0.52493816614151,-0.5870551466941833,0.9700180292129517,0.9999350309371948,0.5297398567199707,0.5084497332572937,0.15828441083431244,0.008615200407803059,0.9995898604393005,0.4876960515975952,0.5325132608413696,-0.6519879102706909,0.9454068541526794,0.9997463822364807,0.4983069598674774,0.5105040073394775,0.14196188747882843,0.014163193292915821,0.999313473701477,0.4802403748035431,0.5282536149024963,-0.6533849835395813,0.9419143795967102,0.9997218251228333,0.49322736263275146,0.509320080280304,0.09200017154216766,0.014593994244933128,0.9992223978042603,0.4924359917640686,0.5242923498153687,-0.5863823890686035,0.8927522301673889,0.9998483657836914,0.5031648278236389,0.5080683827400208,0.1299513876438141,0.014834762550890446,0.9994922876358032,0.5342230796813965,0.5068057179450989,-0.17363502085208893,0.999985933303833,0.9999974966049194,0.532233476638794,0.4990459680557251,0.17361196875572205,0.9999583959579468,0.9999921321868896,0.34510499238967896,0.4926893413066864,-0.11251594126224518,0.9330207705497742,0.9998810291290283,0.3465973138809204,0.4922146797180176,0.16111208498477936,0.28975504636764526,0.9998338222503662,0.1392362266778946,0.5068503022193909,-0.010452534072101116,0.9563600420951843,0.9996635913848877,0.15083923935890198,0.5078175067901611,0.2456122785806656,0.6125630736351013,0.9997132420539856,0.11536544561386108,0.5196441411972046,-0.008452821522951126,0.8494572043418884,0.9988728165626526,0.12311369180679321,0.5226051211357117,0.24596096575260162,0.5896388292312622,0.9994994401931763,0.06743290275335312,0.4686668813228607,-0.19131207466125488,0.955409049987793,0.9985548853874207,0.07775074988603592,0.47351542115211487,0.10883870720863342,0.7423533201217651,0.998764157295227,0.5293616414070129,0.009717500209808327,high,0.5288581281900406,0.006253007054328963,high,False,False,False,False
136,4537,0,False,0.844390332698822,0.454197496175766,-0.1598481386899948,0.999494731426239,0.9998770952224731,0.861501932144165,0.45882752537727356,-0.19521045684814453,0.9995014667510986,0.9999295473098755,0.8633747696876526,0.461233526468277,-0.19564665853977203,0.9995625019073486,0.9999508857727051,0.8649603128433228,0.46340078115463257,-0.1954219490289688,0.9996994137763977,0.9999518394470215,0.8606858253479004,0.4574280381202698,-0.13740399479866028,0.9993714094161987,0.9998452663421631,0.8617307543754578,0.45878469944000244,-0.137914776802063,0.9994041323661804,0.9998573064804077,0.8628696799278259,0.4602496027946472,-0.13809557259082794,0.9994840025901794,0.9998183846473694,0.8650023937225342,0.4757876694202423,-0.25726887583732605,0.9998339414596558,0.9999688863754272,0.8624302744865417,0.4725360572338104,-0.0007033810834400356,0.9987126588821411,0.9997952580451965,0.8306559920310974,0.4635635316371918,-0.172767773270607,0.9994893074035645,0.9999501705169678,0.829131007194519,0.46202248334884644,-0.10076206177473068,0.9988426566123962,0.9997660517692566,0.786223828792572,0.5061153769493103,-0.3591756224632263,0.9999949336051941,0.9999969005584717,0.762694776058197,0.4909646213054657,0.22261762619018555,0.999465823173523,0.9997555613517761,0.6577813029289246,0.5230823159217834,-0.4947463572025299,0.9942581057548523,0.9999483823776245,0.6381610035896301,0.5037438869476318,0.2980444133281708,0.004538248293101788,0.9994603991508484,0.5255914330482483,0.5249083638191223,-0.5696758031845093,0.970363974571228,0.9999494552612305,0.5297657251358032,0.5081499814987183,0.1613328754901886,0.008588005788624287,0.9997135996818542,0.48733338713645935,0.5325120687484741,-0.6326340436935425,0.945601761341095,0.9998032450675964,0.4983280301094055,0.5098471641540527,0.14597055315971375,0.014089563861489296,0.9995341300964355,0.4800925850868225,0.5280936360359192,-0.6344626545906067,0.9421446323394775,0.9997745156288147,0.4934369623661041,0.50836580991745,0.096427783370018,0.014540606178343296,0.9994528889656067,0.49245527386665344,0.5240667462348938,-0.5682825446128845,0.8930447697639465,0.9998772144317627,0.5034000873565674,0.5071313381195068,0.13367271423339844,0.014769865199923515,0.999636173248291,0.5343123078346252,0.506953775882721,-0.17519715428352356,0.9999850988388062,0.9999982118606567,0.5322311520576477,0.49899181723594666,0.17519311606884003,0.9999554753303528,0.9999945163726807,0.3430722951889038,0.4969671368598938,-0.11738559603691101,0.9309858083724976,0.9999306201934814,0.3453473746776581,0.4940234124660492,0.16241568326950073,0.27530625462532043,0.9999154806137085,0.1367449015378952,0.5077778100967407,-0.016986656934022903,0.9568131566047668,0.9997857213020325,0.14952592551708221,0.508385956287384,0.2453688234090805,0.596845269203186,0.9998507499694824,0.11152206361293793,0.5206232666969299,-0.011079013347625732,0.8480748534202576,0.999281108379364,0.12142997980117798,0.5227869153022766,0.24563229084014893,0.5782285928726196,0.9997305274009705,0.06567477434873581,0.46857181191444397,-0.2135990858078003,0.9553776979446411,0.9991165995597839,0.07770763337612152,0.4738682806491852,0.10604541003704071,0.7328585386276245,0.9993189573287964,0.5293616414070129,0.008738374710082986,high,0.5288581281900406,0.0060712128877640215,high,False,False,False,False
137,4571,0,False,0.8443931341171265,0.45419082045555115,-0.17102468013763428,0.9994465708732605,0.9997394680976868,0.8615230917930603,0.4589310586452484,-0.20382170379161835,0.9994639158248901,0.9998492002487183,0.8633071780204773,0.4613116979598999,-0.20422299206256866,0.9995262026786804,0.9998972415924072,0.8648414015769958,0.4634970724582672,-0.20411154627799988,0.9996768236160278,0.9999009370803833,0.8607105016708374,0.4574618637561798,-0.1478090137243271,0.9993308186531067,0.9996473789215088,0.8617447018623352,0.45879682898521423,-0.14829270541667938,0.9993610978126526,0.9996722936630249,0.8628659248352051,0.46024948358535767,-0.148468017578125,0.9994465112686157,0.9995798468589783,0.8646875023841858,0.47593066096305847,-0.26519882678985596,0.9998191595077515,0.9999407529830933,0.8621615171432495,0.47256577014923096,-0.011748191900551319,0.9986089468002319,0.9995488524436951,0.8306033611297607,0.4635312259197235,-0.18296700716018677,0.9994505047798157,0.9999134540557861,0.8291460275650024,0.46191978454589844,-0.1128147691488266,0.9987707138061523,0.9995749592781067,0.7865899801254272,0.506246030330658,-0.36854714155197144,0.9999945759773254,0.999995231628418,0.7627330422401428,0.49063044786453247,0.2103850543498993,0.9994208216667175,0.9995881915092468,0.6575412750244141,0.5230837464332581,-0.4943818747997284,0.9942511320114136,0.9999277591705322,0.6371920704841614,0.5036032795906067,0.2893827557563782,0.004385767504572868,0.9990780353546143,0.5256531238555908,0.5249060988426208,-0.5698364973068237,0.9703772664070129,0.9999299049377441,0.5298144817352295,0.5075767636299133,0.1524684578180313,0.00836564414203167,0.999496579170227,0.4873350262641907,0.5325027108192444,-0.6330488324165344,0.9453462958335876,0.9997296929359436,0.4983536899089813,0.5085954070091248,0.134880930185318,0.01374173816293478,0.9992160797119141,0.4800885319709778,0.5278907418251038,-0.6345652341842651,0.9419965744018555,0.9996923208236694,0.49359339475631714,0.5065817832946777,0.08295077085494995,0.014202053658664227,0.99907386302948,0.49249348044395447,0.5239598751068115,-0.5685842633247375,0.8927749395370483,0.9998356103897095,0.503561794757843,0.5057250261306763,0.12336341291666031,0.014429480768740177,0.9993866682052612,0.5341928005218506,0.5074103474617004,-0.17548593878746033,0.9999839663505554,0.9999974966049194,0.5320924520492554,0.4989098012447357,0.1754865199327469,0.9999513030052185,0.9999923706054688,0.3422888219356537,0.5005559325218201,-0.11516860127449036,0.9275743961334229,0.9999039173126221,0.3448391854763031,0.4962598979473114,0.16319546103477478,0.2607486844062805,0.9998651742935181,0.135085329413414,0.5088433623313904,-0.017809322103857994,0.9572672843933105,0.9997013211250305,0.14924760162830353,0.5089517831802368,0.2452622652053833,0.5815995931625366,0.9997913241386414,0.10897581279277802,0.5210651755332947,-0.020779138430953026,0.84731525182724,0.998963475227356,0.12131456285715103,0.5228115916252136,0.24534183740615845,0.56819087266922,0.9996194839477539,0.06462634354829788,0.46851614117622375,-0.2308214157819748,0.9552238583564758,0.9986269474029541,0.07721550762653351,0.4738648533821106,0.10543162375688553,0.7227703928947449,0.9990231990814209,0.5293616414070129,0.00829646587371824,high,0.5288581281900406,0.00604653656482701,high,False,False,False,False
138,4604,0,False,0.8442355394363403,0.4544515013694763,-0.18421636521816254,0.9994190335273743,0.9998181462287903,0.8613581657409668,0.4594833254814148,-0.21732299029827118,0.999441921710968,0.9998888969421387,0.8629205226898193,0.4617719352245331,-0.21771366894245148,0.9995027780532837,0.9999221563339233,0.864305853843689,0.46396225690841675,-0.2176203578710556,0.9996616244316101,0.9999227523803711,0.8606635928153992,0.4579925835132599,-0.16116578876972198,0.9993119239807129,0.9997521042823792,0.8616259694099426,0.4592193365097046,-0.1616419404745102,0.9993410706520081,0.9997710585594177,0.8626758456230164,0.46054187417030334,-0.16181521117687225,0.9994295239448547,0.9997071623802185,0.8638155460357666,0.4766215682029724,-0.27922287583351135,0.9998077154159546,0.9999499320983887,0.8615461587905884,0.4729648232460022,-0.024284973740577698,0.9985533952713013,0.9996824264526367,0.8301427960395813,0.46362972259521484,-0.19582891464233398,0.9994191527366638,0.9999282360076904,0.8289186358451843,0.46202701330184937,-0.12545007467269897,0.9987251162528992,0.9996707439422607,0.7864370346069336,0.5065481066703796,-0.3811764121055603,0.9999942183494568,0.9999954700469971,0.7622330784797668,0.4907805621623993,0.19838669896125793,0.999394416809082,0.9996899366378784,0.6559573411941528,0.5232276320457458,-0.4966333508491516,0.9942748546600342,0.999929666519165,0.6356359124183655,0.5039961934089661,0.2726030647754669,0.004294548183679581,0.99928218126297,0.5238292217254639,0.5250096917152405,-0.5660679340362549,0.9701551198959351,0.9999233484268188,0.5283267498016357,0.5075724124908447,0.1287732869386673,0.008292038924992085,0.9996267557144165,0.4860691726207733,0.5325486660003662,-0.6280919313430786,0.9446133971214294,0.999708354473114,0.4968450367450714,0.508592963218689,0.10894227772951126,0.013626385480165482,0.9994133710861206,0.47888341546058655,0.5279536247253418,-0.6321205496788025,0.9413319826126099,0.9996657371520996,0.4926336705684662,0.5065087676048279,0.057068731635808945,0.014102818444371223,0.9993062019348145,0.49066784977912903,0.5240185856819153,-0.5654914975166321,0.8917890191078186,0.9998201727867126,0.5014811158180237,0.5057178139686584,0.0992804691195488,0.014315961860120296,0.9995375871658325,0.5316752791404724,0.5075973868370056,-0.17559397220611572,0.9999829530715942,0.9999978542327881,0.5307930111885071,0.4989891052246094,0.1755988746881485,0.9999479651451111,0.9999939203262329,0.33919012546539307,0.5042065382003784,-0.11092976480722427,0.926649808883667,0.999920129776001,0.3432493209838867,0.4997633397579193,0.1677892506122589,0.24993419647216797,0.9999032020568848,0.13285419344902039,0.5096709132194519,-0.02115304209291935,0.9584921002388,0.9997586607933044,0.14841613173484802,0.5101215839385986,0.2524367868900299,0.5734750032424927,0.9998495578765869,0.10555526614189148,0.5211642384529114,-0.023249417543411255,0.8490126729011536,0.9991629123687744,0.12018083781003952,0.5229837894439697,0.2523808777332306,0.5633261799812317,0.9997219443321228,0.0640556812286377,0.46849629282951355,-0.2293693572282791,0.9560005068778992,0.9989416003227234,0.07706961780786514,0.4744308590888977,0.10805722326040268,0.7184932231903076,0.9993057250976562,0.5293616414070129,0.00819740295410154,high,0.5288581281900406,0.005874338746070906,high,False,False,False,False
139,4637,0,False,0.8441331386566162,0.4545758366584778,-0.17240458726882935,0.9993796944618225,0.9997833371162415,0.8607641458511353,0.4596911370754242,-0.2049572765827179,0.999404788017273,0.9998553991317749,0.8620774149894714,0.46203476190567017,-0.20534154772758484,0.9994637966156006,0.9998979568481445,0.8632908463478088,0.4642581343650818,-0.20526477694511414,0.9996367692947388,0.9998983144760132,0.8601518273353577,0.4581167995929718,-0.14892303943634033,0.9992775321006775,0.9996868371963501,0.8609899878501892,0.4593498110771179,-0.1493920087814331,0.9993048906326294,0.9997114539146423,0.8619648218154907,0.4606591761112213,-0.14955656230449677,0.9994000196456909,0.9996317625045776,0.8622767329216003,0.4768136441707611,-0.26938802003860474,0.9997923970222473,0.9999384880065918,0.8601925373077393,0.47319212555885315,-0.015041448175907135,0.9984812140464783,0.9996161460876465,0.8301262855529785,0.4637738764286041,-0.18526698648929596,0.9993812441825867,0.9999144077301025,0.8288414478302002,0.4621136486530304,-0.11496081203222275,0.9986681938171387,0.9996071457862854,0.7863947153091431,0.506676971912384,-0.3754337728023529,0.9999939203262329,0.9999949932098389,0.7622168660163879,0.4908195436000824,0.20256371796131134,0.9993739724159241,0.9996578693389893,0.6551775336265564,0.5232471823692322,-0.4954547882080078,0.9941966533660889,0.9999194145202637,0.6353797912597656,0.5042134523391724,0.2751029431819916,0.004204852040857077,0.9992513060569763,0.5239037275314331,0.5250888466835022,-0.5631645321846008,0.9697266221046448,0.9999202489852905,0.5280006527900696,0.5075701475143433,0.1339656412601471,0.008308446034789085,0.9996265172958374,0.4860440194606781,0.5325928926467896,-0.6251563429832458,0.9436248540878296,0.9996894598007202,0.4960716962814331,0.5085792541503906,0.11465069651603699,0.013635960407555103,0.9993687272071838,0.47864437103271484,0.5279833674430847,-0.6292943358421326,0.9404019713401794,0.9996570348739624,0.49136781692504883,0.5065032243728638,0.0630640834569931,0.01413862593472004,0.9992768168449402,0.4905225336551666,0.5240460634231567,-0.562754213809967,0.8901844024658203,0.9998168349266052,0.5011230111122131,0.505711019039154,0.10462530702352524,0.014330273494124413,0.9995284080505371,0.5318009257316589,0.5077199935913086,-0.17557251453399658,0.9999811053276062,0.9999969005584717,0.5306817889213562,0.4989875555038452,0.1755773276090622,0.9999423027038574,0.9999914169311523,0.33914145827293396,0.5071102380752563,-0.1099761575460434,0.9187552332878113,0.9998635053634644,0.34282466769218445,0.5014554858207703,0.1681041419506073,0.23336300253868103,0.9998399019241333,0.13265569508075714,0.5108929872512817,-0.02247014455497265,0.9559829235076904,0.9995929598808289,0.1478043496608734,0.5107120275497437,0.2516331672668457,0.5469329953193665,0.9997377991676331,0.10469258576631546,0.5225063562393188,-0.0253232941031456,0.8409528136253357,0.9986416697502136,0.11932778358459473,0.5234681367874146,0.251451700925827,0.543316662311554,0.9995261430740356,0.0650835856795311,0.46851015090942383,-0.22818881273269653,0.9527502059936523,0.9985369443893433,0.07715355604887009,0.47458702325820923,0.10854478925466537,0.6967815160751343,0.9990102052688599,0.5293616414070129,0.00685528516769407,high,0.5288581281900406,0.005389991402626082,high,False,False,False,False
140,4671,0,False,0.8432624936103821,0.4547787010669708,-0.16147109866142273,0.9993656873703003,0.9998904466629028,0.859958827495575,0.4599809944629669,-0.19732393324375153,0.9993922710418701,0.9999343156814575,0.8615114092826843,0.4623609185218811,-0.19773682951927185,0.9994496703147888,0.9999537467956543,0.8628425002098083,0.46459662914276123,-0.19762440025806427,0.9996288418769836,0.999954104423523,0.8591386079788208,0.45843324065208435,-0.13890564441680908,0.9992668032646179,0.9998569488525391,0.8600299954414368,0.4597106873989105,-0.13935361802577972,0.9992935061454773,0.9998668432235718,0.8610454201698303,0.46099549531936646,-0.13949409127235413,0.9993911981582642,0.9998281002044678,0.8617714047431946,0.4769841730594635,-0.2652992308139801,0.999784529209137,0.9999691247940063,0.8597445487976074,0.47330597043037415,-0.008953088894486427,0.9984341859817505,0.9997987151145935,0.828917384147644,0.46394363045692444,-0.1784786432981491,0.9993557333946228,0.9999486207962036,0.8274791836738586,0.46229785680770874,-0.10506805777549744,0.9986269474029541,0.9997583031654358,0.7849047183990479,0.5067929625511169,-0.37384647130966187,0.9999938011169434,0.9999966621398926,0.7601937055587769,0.4909728765487671,0.2092520147562027,0.9993628263473511,0.9997431635856628,0.6540370583534241,0.5236154198646545,-0.4999336004257202,0.9942037463188171,0.9999487400054932,0.6341440081596375,0.5044419765472412,0.27827030420303345,0.004103664308786392,0.9994673132896423,0.5216699838638306,0.5251808166503906,-0.5673787593841553,0.9699607491493225,0.9999536275863647,0.5249958038330078,0.5075744986534119,0.13976794481277466,0.00825659278780222,0.9997429251670837,0.48355090618133545,0.5327474474906921,-0.630558431148529,0.943629264831543,0.9998127818107605,0.4931758642196655,0.508911669254303,0.12156122177839279,0.013555881567299366,0.9995551705360413,0.4762340486049652,0.5282295942306519,-0.6337802410125732,0.9404535293579102,0.999790608882904,0.4888085126876831,0.5065142512321472,0.07081305980682373,0.01408420130610466,0.9994887113571167,0.48761287331581116,0.5242170095443726,-0.5665121674537659,0.8901163935661316,0.9998879432678223,0.49717581272125244,0.5057207942008972,0.11112018674612045,0.014251168817281723,0.9996657371520996,0.5306698679924011,0.5077465176582336,-0.17711246013641357,0.9999801516532898,0.9999979734420776,0.5304070711135864,0.4989791512489319,0.17712217569351196,0.9999387264251709,0.9999938011169434,0.3393602967262268,0.5083008408546448,-0.10972213745117188,0.9106516242027283,0.9999223947525024,0.34232455492019653,0.5031651258468628,0.184778094291687,0.21734824776649475,0.9999082088470459,0.13109424710273743,0.5114842653274536,-0.023299837484955788,0.9530232548713684,0.9997527003288269,0.14452135562896729,0.5110127925872803,0.26605844497680664,0.5232445597648621,0.9998376369476318,0.10197988897562027,0.5230380892753601,-0.026409612968564034,0.8320163488388062,0.999200165271759,0.11467473953962326,0.5236252546310425,0.26529884338378906,0.5254152417182922,0.9997053742408752,0.06445058435201645,0.4690419137477875,-0.22530443966388702,0.9493765234947205,0.999152660369873,0.07585787028074265,0.4746147096157074,0.12418296188116074,0.6783872842788696,0.999403715133667,0.5293616414070129,0.00632355213165281,high,0.5288581281900406,0.005232873558998152,high,False,False,False,False
141,4704,0,False,0.8430469632148743,0.4546346664428711,-0.1542992889881134,0.9993558526039124,0.9998570680618286,0.8597760796546936,0.4595867097377777,-0.1911337524652481,0.9993787407875061,0.9998956918716431,0.8612865209579468,0.46206024289131165,-0.19151750206947327,0.9994332194328308,0.9999257326126099,0.8625971078872681,0.4643353819847107,-0.19139708578586578,0.9996196031570435,0.9999254941940308,0.8590049743652344,0.45824775099754333,-0.1329047828912735,0.9992625713348389,0.9997857213020325,0.8598393797874451,0.45960813760757446,-0.1333494931459427,0.9992877840995789,0.999805748462677,0.8607872724533081,0.4609783887863159,-0.13349007070064545,0.9993894696235657,0.9997547268867493,0.8617269396781921,0.4768858551979065,-0.2631416916847229,0.9997777938842773,0.9999555349349976,0.8596884608268738,0.4733051359653473,-0.008774993941187859,0.9984265565872192,0.9997517466545105,0.8287386894226074,0.46394118666648865,-0.1729583442211151,0.9993453621864319,0.9999420642852783,0.8272978067398071,0.46231982111930847,-0.0996825322508812,0.9986268281936646,0.9997456669807434,0.7847964763641357,0.5067675113677979,-0.37167584896087646,0.9999937415122986,0.9999964237213135,0.7602675557136536,0.49096110463142395,0.20973274111747742,0.9993584156036377,0.9997637867927551,0.6536632180213928,0.5236173272132874,-0.4839877784252167,0.9942896366119385,0.9999411106109619,0.6329929232597351,0.5046334862709045,0.2804025411605835,0.004040948115289211,0.9994891881942749,0.5203578472137451,0.5251571536064148,-0.526496410369873,0.9700103402137756,0.9999368190765381,0.5233803391456604,0.507629930973053,0.1425444632768631,0.008297416381537914,0.9997609257698059,0.48239678144454956,0.532747745513916,-0.5848876237869263,0.9432274103164673,0.9997511506080627,0.49213001132011414,0.5092459321022034,0.12427407503128052,0.01358509436249733,0.9996005892753601,0.4746340215206146,0.5282357335090637,-0.5892901420593262,0.9400749206542969,0.9997186064720154,0.48728570342063904,0.5066635608673096,0.07332145422697067,0.014126927591860294,0.9995393753051758,0.4857600927352905,0.5242170095443726,-0.525378942489624,0.8894268870353699,0.9998524188995361,0.49607425928115845,0.5058430433273315,0.11365529149770737,0.014269281178712845,0.9996969699859619,0.5307042598724365,0.5077031254768372,-0.1776941418647766,0.999978244304657,0.9999971389770508,0.5304285883903503,0.4988343119621277,0.177699476480484,0.9999326467514038,0.9999922513961792,0.33829906582832336,0.5098068714141846,-0.11337082833051682,0.9063044786453247,0.9998937845230103,0.34134066104888916,0.5041988492012024,0.1846092939376831,0.20290879905223846,0.9998865127563477,0.12496847659349442,0.5124766230583191,-0.04288332164287567,0.9510672688484192,0.9996122717857361,0.14111661911010742,0.5117160081863403,0.2546294927597046,0.49956753849983215,0.999784529209137,0.09715630859136581,0.5243300795555115,-0.04976040869951248,0.824634313583374,0.9986752867698669,0.11195846647024155,0.5240545868873596,0.25231361389160156,0.5073730945587158,0.999588668346405,0.0640164390206337,0.46897709369659424,-0.24937713146209717,0.9468089938163757,0.998810887336731,0.07596755772829056,0.4745739996433258,0.11099500954151154,0.6590389013290405,0.9992495179176331,0.5293616414070129,0.005031561851501443,high,0.5288581281900406,0.004803541302681014,high,False,False,False,False
142,4737,0,False,0.8397419452667236,0.45491036772727966,-0.12028729170560837,0.9993678331375122,0.9999245405197144,0.8567785024642944,0.45992574095726013,-0.1548117697238922,0.9993912577629089,0.9999525547027588,0.8582238554954529,0.4623457193374634,-0.15517738461494446,0.9994423985481262,0.9999651908874512,0.8597973585128784,0.46459683775901794,-0.15507657825946808,0.9996256828308105,0.9999643564224243,0.8559849262237549,0.4584200978279114,-0.09744562953710556,0.9992839097976685,0.9999045133590698,0.8567719459533691,0.45973214507102966,-0.09789665043354034,0.9993085265159607,0.9999127388000488,0.857770562171936,0.4610380232334137,-0.09803366661071777,0.9994082450866699,0.9998892545700073,0.8593009114265442,0.4770083427429199,-0.22998671233654022,0.9997802376747131,0.9999744892120361,0.8572710752487183,0.4733479917049408,0.028290560469031334,0.9984675645828247,0.9998737573623657,0.8255718350410461,0.4641646444797516,-0.1379891186952591,0.9993473291397095,0.9999604225158691,0.8240981101989746,0.46243324875831604,-0.06593293696641922,0.99864661693573,0.9998306035995483,0.7824559211730957,0.5068367719650269,-0.35067883133888245,0.9999936819076538,0.9999969005584717,0.7569273114204407,0.49096858501434326,0.23478958010673523,0.9993611574172974,0.9998205304145813,0.6524237394332886,0.5236395597457886,-0.46802929043769836,0.9944003224372864,0.9999480247497559,0.6323105692863464,0.5047639012336731,0.293008029460907,0.0040673245675861835,0.9995811581611633,0.5192148089408875,0.5252691507339478,-0.5174809098243713,0.970647394657135,0.9999523162841797,0.5211477875709534,0.5078998804092407,0.14398840069770813,0.0086069880053401,0.999821126461029,0.4808557629585266,0.5328307151794434,-0.5759152173995972,0.944126546382904,0.999809205532074,0.49033260345458984,0.5100305676460266,0.12642531096935272,0.01407025195658207,0.9996931552886963,0.47369328141212463,0.5283868908882141,-0.5789861083030701,0.9410301446914673,0.9997900128364563,0.48529160022735596,0.5071971416473389,0.07531902939081192,0.014640319161117077,0.9996589422225952,0.48465389013290405,0.5243488550186157,-0.5159159302711487,0.8912241458892822,0.999887228012085,0.49447202682495117,0.5061123371124268,0.11522316187620163,0.014742500148713589,0.999774158000946,0.5302497744560242,0.5077913403511047,-0.17772892117500305,0.9999777674674988,0.9999978542327881,0.5302742123603821,0.4988391101360321,0.17773672938346863,0.9999309778213501,0.9999942779541016,0.3383638262748718,0.5104485154151917,-0.11819928139448166,0.9064426422119141,0.9999253749847412,0.3412984311580658,0.5046614408493042,0.16520321369171143,0.19371409714221954,0.9999258518218994,0.12553556263446808,0.5135493278503418,-0.0693126916885376,0.9515225291252136,0.9997599720954895,0.14058025181293488,0.512550413608551,0.2158501148223877,0.48831185698509216,0.9998544454574585,0.09707473963499069,0.5256030559539795,-0.07702233642339706,0.8250700831413269,0.9991828799247742,0.11135107278823853,0.5247299671173096,0.21207740902900696,0.500065803527832,0.9997192025184631,0.06406301259994507,0.4695291817188263,-0.2710556983947754,0.9470674991607666,0.9991146922111511,0.07600890845060349,0.47485479712486267,0.07516741752624512,0.652500569820404,0.9994040727615356,0.5293616414070129,0.003758585453033425,high,0.5288581281900406,0.0041281610727310625,high,False,False,False,False
143,4771,0,False,0.8380782008171082,0.4562216103076935,-0.12393264472484589,0.9993671178817749,0.9999017715454102,0.8555654883384705,0.4612171947956085,-0.15833242237567902,0.9993901252746582,0.9999349117279053,0.8573463559150696,0.463567316532135,-0.15870170295238495,0.9994387626647949,0.999953031539917,0.8589938879013062,0.46583208441734314,-0.1586104929447174,0.9996242523193359,0.9999525547027588,0.8546324968338013,0.4597054719924927,-0.10118858516216278,0.9992886781692505,0.9998655319213867,0.8556748628616333,0.46088534593582153,-0.1016409769654274,0.9993122220039368,0.9998763799667358,0.8568464517593384,0.4620802700519562,-0.10178342461585999,0.9994131922721863,0.9998432397842407,0.858788013458252,0.4778147041797638,-0.2325032353401184,0.9997777342796326,0.9999685287475586,0.856584906578064,0.4742415249347687,0.025484565645456314,0.9984724521636963,0.9998296499252319,0.8242902755737305,0.4649694561958313,-0.14099262654781342,0.999342679977417,0.9999545812606812,0.8227260708808899,0.4631670117378235,-0.06920633465051651,0.9986523389816284,0.9998045563697815,0.7822004556655884,0.5072258114814758,-0.352090984582901,0.9999936819076538,0.9999969005584717,0.7562471032142639,0.4914005398750305,0.23372186720371246,0.9993724822998047,0.999815046787262,0.650700032711029,0.5239500999450684,-0.47105127573013306,0.994462251663208,0.9999547004699707,0.6318301558494568,0.5055036544799805,0.2976490557193756,0.004133347887545824,0.9996033310890198,0.5167470574378967,0.5260247588157654,-0.5231438875198364,0.9709489941596985,0.999956488609314,0.5176024436950684,0.5080587267875671,0.15087144076824188,0.008996149525046349,0.9998332262039185,0.47826531529426575,0.5336520671844482,-0.5824947953224182,0.9442440271377563,0.9998171925544739,0.4875386655330658,0.5101756453514099,0.13328255712985992,0.014592032879590988,0.9996970891952515,0.47104647755622864,0.5293070077896118,-0.5859005451202393,0.94118332862854,0.9997934699058533,0.48102670907974243,0.5074574947357178,0.08061022311449051,0.015208055265247822,0.99965500831604,0.48170775175094604,0.5253996253013611,-0.521794855594635,0.8915667533874512,0.9998927116394043,0.4912063479423523,0.5064069628715515,0.12123367935419083,0.015282440930604935,0.9997801184654236,0.5302779078483582,0.5083045363426208,-0.17856505513191223,0.9999771118164062,0.9999977350234985,0.5303003191947937,0.4988727569580078,0.1785723865032196,0.9999290108680725,0.9999938011169434,0.3386683166027069,0.512398898601532,-0.11970757693052292,0.9017258286476135,0.9999130964279175,0.34133070707321167,0.5056246519088745,0.16546323895454407,0.18298117816448212,0.9999086856842041,0.1255272477865219,0.5147721767425537,-0.06335961073637009,0.9497368931770325,0.9996868371963501,0.1394530087709427,0.5139257907867432,0.2210586965084076,0.4718119204044342,0.9998121857643127,0.097443588078022,0.5268476605415344,-0.06973541527986526,0.8195757865905762,0.9989437460899353,0.11046753823757172,0.5259333848953247,0.21812507510185242,0.48812147974967957,0.9996401071548462,0.0641297996044159,0.4705762565135956,-0.26175162196159363,0.9448662996292114,0.9988788962364197,0.07573816180229187,0.47531476616859436,0.08162515610456467,0.6396681666374207,0.9992438554763794,0.5293616414070129,0.0025139808654784934,high,0.5288581281900406,0.0029247432947159258,high,False,False,False,False
144,4804,0,False,0.8379961848258972,0.4567972719669342,-0.12640033662319183,0.9993589520454407,0.9998713731765747,0.8554314970970154,0.4617070257663727,-0.16130098700523376,0.9993808269500732,0.9999130964279175,0.8573094010353088,0.4640498459339142,-0.1616642028093338,0.9994270205497742,0.9999375343322754,0.8589781522750854,0.46624600887298584,-0.16158275306224823,0.999618649482727,0.9999369382858276,0.8543700575828552,0.46006932854652405,-0.10365397483110428,0.9992854595184326,0.999819815158844,0.8554067015647888,0.46125608682632446,-0.10411664098501205,0.9993070363998413,0.9998347759246826,0.8565546274185181,0.46240612864494324,-0.10426563769578934,0.9994122982025146,0.9997897744178772,0.8588504791259766,0.47822949290275574,-0.23640045523643494,0.9997722506523132,0.9999597072601318,0.856528639793396,0.4744693338871002,0.024073375388979912,0.9984540343284607,0.9997794032096863,0.8242520093917847,0.4656047224998474,-0.14333868026733398,0.999329149723053,0.9999440908432007,0.8225914239883423,0.4637659192085266,-0.07090304046869278,0.998640775680542,0.9997578263282776,0.7821093201637268,0.5076327919960022,-0.35278066992759705,0.9999935626983643,0.9999963045120239,0.7562397718429565,0.4915526807308197,0.23258329927921295,0.9993706941604614,0.9997861981391907,0.6503252983093262,0.5247436761856079,-0.4593999683856964,0.994402289390564,0.9999524354934692,0.6315624713897705,0.506090521812439,0.2996133863925934,0.004094074945896864,0.9995775818824768,0.5167763233184814,0.5266796946525574,-0.48950105905532837,0.9702866673469543,0.9999500513076782,0.5179951190948486,0.5096027851104736,0.15583904087543488,0.008950668387115002,0.9997846484184265,0.47843310236930847,0.5340259075164795,-0.5446710586547852,0.9425289630889893,0.9997954964637756,0.48783767223358154,0.512651801109314,0.13807322084903717,0.01447646040469408,0.9996263980865479,0.47123196721076965,0.5296435952186584,-0.5493596196174622,0.9394339323043823,0.9997662901878357,0.4815589189529419,0.510489821434021,0.08622266352176666,0.015096046961843967,0.9995653033256531,0.4819924831390381,0.5258172154426575,-0.4879586100578308,0.8888422250747681,0.9998782873153687,0.4917239844799042,0.5087118744850159,0.12648870050907135,0.01516483910381794,0.9997171759605408,0.5303211212158203,0.5086506009101868,-0.1790420264005661,0.9999756813049316,0.9999971389770508,0.5297197103500366,0.4991368353366852,0.17904898524284363,0.9999251365661621,0.9999927282333374,0.33745187520980835,0.5125895738601685,-0.12049634009599686,0.8931134939193726,0.9998836517333984,0.34013915061950684,0.5068120360374451,0.16336314380168915,0.1714160293340683,0.9998873472213745,0.12424418330192566,0.5156080722808838,-0.06077338382601738,0.9443675875663757,0.999567449092865,0.1374020129442215,0.5149754881858826,0.2221509963274002,0.44990038871765137,0.9997517466545105,0.09715750813484192,0.527877926826477,-0.06784049421548843,0.8059179782867432,0.9985852241516113,0.10896163433790207,0.5269721746444702,0.21968884766101837,0.4706473648548126,0.9995337724685669,0.0634881854057312,0.47071966528892517,-0.26101985573768616,0.9387625455856323,0.9986855387687683,0.07455579191446304,0.4754955470561981,0.08493262529373169,0.6196903586387634,0.9990966320037842,0.5293616414070129,0.0014837145805358665,high,0.5288581281900406,0.001885953545570418,high,False,False,False,False
145,4838,0,False,0.8372206687927246,0.45785555243492126,-0.12450557202100754,0.9993485808372498,0.9998883008956909,0.8548128604888916,0.46251150965690613,-0.15975253283977509,0.9993705153465271,0.9999244213104248,0.8567357659339905,0.46474942564964294,-0.16011619567871094,0.9994145631790161,0.9999451637268066,0.8583633899688721,0.4669168293476105,-0.16003632545471191,0.9996108412742615,0.9999442100524902,0.853757381439209,0.46106940507888794,-0.10235169529914856,0.9992799758911133,0.9998461008071899,0.854812502861023,0.46222999691963196,-0.10281670093536377,0.9993019700050354,0.9998598098754883,0.8559268712997437,0.46334367990493774,-0.10296476632356644,0.9994097948074341,0.9998231530189514,0.8585264086723328,0.4788900911808014,-0.2358083724975586,0.9997671842575073,0.9999639987945557,0.8560633659362793,0.47540006041526794,0.024427834898233414,0.9984460473060608,0.999815046787262,0.823531448841095,0.46639934182167053,-0.14136387407779694,0.9993152022361755,0.9999489784240723,0.8217697739601135,0.46479031443595886,-0.06927245855331421,0.9986304640769958,0.9997851252555847,0.7820818424224854,0.50827556848526,-0.3496401607990265,0.9999935030937195,0.999996542930603,0.7560937404632568,0.4927283227443695,0.23231415450572968,0.9993780255317688,0.9998138546943665,0.650148332118988,0.5254231095314026,-0.45880600810050964,0.9943053722381592,0.9999481439590454,0.6305839419364929,0.5074065327644348,0.29937949776649475,0.004098886623978615,0.9995542168617249,0.5163969993591309,0.5274367332458496,-0.5030363202095032,0.9697633981704712,0.9999499320983887,0.5165398716926575,0.5109632015228271,0.15504997968673706,0.009111203253269196,0.9998063445091248,0.4779975712299347,0.5346021056175232,-0.560692548751831,0.9415174722671509,0.9998037219047546,0.48652851581573486,0.513828456401825,0.13672415912151337,0.014715843833982944,0.9996731281280518,0.47101137042045593,0.5307050943374634,-0.5644604563713074,0.9383761286735535,0.9997807145118713,0.4804959297180176,0.5123817324638367,0.08539792150259018,0.015355244278907776,0.9996273517608643,0.481740266084671,0.5270209908485413,-0.5016359090805054,0.8870530724525452,0.9998828172683716,0.49048468470573425,0.5105703473091125,0.12583361566066742,0.015385889448225498,0.9997550845146179,0.5300796031951904,0.5094940662384033,-0.17864026129245758,0.9999750852584839,0.9999978542327881,0.5288156867027283,0.4996911585330963,0.17864352464675903,0.9999237656593323,0.9999942779541016,0.3363998234272003,0.5135300159454346,-0.11945141106843948,0.8893440961837769,0.999907374382019,0.33925411105155945,0.5078388452529907,0.16247543692588806,0.1634489744901657,0.999909520149231,0.12310898303985596,0.5162967443466187,-0.05183062702417374,0.94227135181427,0.9996986389160156,0.13597579300403595,0.5157302021980286,0.2240038961172104,0.4366104006767273,0.9998101592063904,0.09656105935573578,0.5285055637359619,-0.05809052288532257,0.7999231815338135,0.9990063309669495,0.10853234678506851,0.5277557969093323,0.22183749079704285,0.4603579044342041,0.9996429681777954,0.0630292221903801,0.4716266095638275,-0.24894629418849945,0.9362216591835022,0.9989920258522034,0.07277333736419678,0.47593316435813904,0.08746037632226944,0.6089845895767212,0.9992770552635193,0.5293616414070129,0.0008560776710510032,high,0.5288581281900406,0.0011023312807083574,high,False,False,False,False
146,4871,0,False,0.8369810581207275,0.4578060805797577,-0.12271305918693542,0.999325156211853,0.9998563528060913,0.8544594645500183,0.4624832570552826,-0.15776686370372772,0.9993468523025513,0.9999010562896729,0.8563963174819946,0.4647221863269806,-0.15813514590263367,0.9993887543678284,0.9999294281005859,0.8580150604248047,0.46688947081565857,-0.15805861353874207,0.9995971322059631,0.9999295473098755,0.8533543944358826,0.4610382914543152,-0.10047435760498047,0.9992610812187195,0.999800980091095,0.8543621897697449,0.4622483253479004,-0.1009393110871315,0.9992825388908386,0.999822199344635,0.8553889393806458,0.4634250998497009,-0.10108920931816101,0.9993983507156372,0.9997795224189758,0.8584105372428894,0.4788767099380493,-0.23541224002838135,0.9997578859329224,0.9999574422836304,0.855817973613739,0.4754185080528259,0.024840449914336205,0.9984031319618225,0.9997746348381042,0.8230214715003967,0.46646860241889954,-0.14028067886829376,0.9992991089820862,0.9999452829360962,0.8211004734039307,0.46493908762931824,-0.06831705570220947,0.9986114501953125,0.9997671246528625,0.7817314267158508,0.5086382031440735,-0.3496919274330139,0.9999934434890747,0.9999967813491821,0.755158007144928,0.4929411709308624,0.2330559939146042,0.9993810057640076,0.9998062252998352,0.6497440934181213,0.5259585380554199,-0.447226345539093,0.9942371845245361,0.9999557733535767,0.6292759776115417,0.5078552961349487,0.3016469180583954,0.004064677283167839,0.9996007084846497,0.5152568221092224,0.5275465250015259,-0.4738541841506958,0.969111442565918,0.9999525547027588,0.5167226195335388,0.511095404624939,0.15670345723628998,0.00914536602795124,0.9998158812522888,0.4775826334953308,0.5348156690597534,-0.5284125208854675,0.9399062991142273,0.9998063445091248,0.4863077700138092,0.5140403509140015,0.13834330439567566,0.014739393256604671,0.9996793270111084,0.47040536999702454,0.5308067202568054,-0.5325508713722229,0.9366774559020996,0.999776303768158,0.48034176230430603,0.5123428702354431,0.08664093911647797,0.015394121408462524,0.9996253252029419,0.4808446764945984,0.5270811319351196,-0.4719948470592499,0.8842424750328064,0.9998828172683716,0.4902878999710083,0.5106356739997864,0.12727338075637817,0.01539946161210537,0.9997583031654358,0.5301132202148438,0.5097745656967163,-0.17864343523979187,0.9999744892120361,0.9999978542327881,0.5284492373466492,0.4998273551464081,0.1786450743675232,0.9999220967292786,0.999994158744812,0.33544036746025085,0.5140845775604248,-0.11998306214809418,0.8834120631217957,0.999906063079834,0.33802011609077454,0.5080371499061584,0.1617966890335083,0.1537298709154129,0.9999024868011475,0.12207508832216263,0.5169417262077332,-0.05097053200006485,0.9384976029396057,0.9996738433837891,0.13407793641090393,0.5161418318748474,0.22383694350719452,0.4184441864490509,0.9998014569282532,0.09554880112409592,0.5292508602142334,-0.05673576891422272,0.7890130877494812,0.9989427924156189,0.10721717774868011,0.5281838178634644,0.22168606519699097,0.444436639547348,0.9996355772018433,0.06268942356109619,0.47243961691856384,-0.24616916477680206,0.9320374131202698,0.9989504218101501,0.07210661470890045,0.47620707750320435,0.08710087090730667,0.5925441980361938,0.9992671608924866,0.5293616414070129,0.00011078119277951881,high,0.5288581281900406,0.0006743103265762773,high,False,False,False,False
147,4904,0,False,0.8349236845970154,0.4591049551963806,-0.12273908406496048,0.9993321895599365,0.9999252557754517,0.8526087403297424,0.46330907940864563,-0.15792430937290192,0.9993546605110168,0.9999521970748901,0.8545206189155579,0.4655078947544098,-0.15829530358314514,0.999393880367279,0.9999653100967407,0.8564544320106506,0.46769416332244873,-0.1582164615392685,0.9996016025543213,0.9999645948410034,0.8517270088195801,0.4618278741836548,-0.10001755505800247,0.9992735981941223,0.9999033212661743,0.8527646064758301,0.4629731774330139,-0.10048234462738037,0.9992943406105042,0.9999115467071533,0.8540205359458923,0.46407705545425415,-0.10062920302152634,0.999410092830658,0.9998877048492432,0.857361912727356,0.47938480973243713,-0.23578020930290222,0.9997580647468567,0.9999752044677734,0.8549025058746338,0.4758749008178711,0.02750273048877716,0.9984134435653687,0.9998733997344971,0.8215411901473999,0.467359334230423,-0.1403944045305252,0.999295175075531,0.9999622106552124,0.8198374509811401,0.46581313014030457,-0.06764218956232071,0.9986142516136169,0.999840259552002,0.7807484269142151,0.5091394782066345,-0.3499203622341156,0.9999933838844299,0.9999972581863403,0.7540169954299927,0.49336427450180054,0.2376479208469391,0.9993863105773926,0.999845027923584,0.6496096253395081,0.5268387198448181,-0.4522845447063446,0.9942061305046082,0.9999608993530273,0.6293274760246277,0.5083919167518616,0.3039419949054718,0.004047229886054993,0.9996451139450073,0.5153441429138184,0.5282477140426636,-0.4871872365474701,0.9686276316642761,0.9999589920043945,0.5168926119804382,0.5123676061630249,0.15592968463897705,0.009084279648959637,0.999823272228241,0.47767671942710876,0.5353908538818359,-0.5435104370117188,0.9386987686157227,0.9998335838317871,0.4864826202392578,0.5152838230133057,0.13707028329372406,0.01462989579886198,0.9996966123580933,0.47046735882759094,0.5314046144485474,-0.5467407703399658,0.9353527426719666,0.9998103976249695,0.48059800267219543,0.5139301419258118,0.08552666753530502,0.015288395807147026,0.9996504783630371,0.48100489377975464,0.5275798439979553,-0.48515844345092773,0.8820726275444031,0.9998986721038818,0.49055570363998413,0.5118396878242493,0.1263398975133896,0.01527476403862238,0.9997702240943909,0.5300858616828918,0.5102270245552063,-0.1789621263742447,0.9999744892120361,0.9999983310699463,0.5281714200973511,0.5000394582748413,0.1789652556180954,0.9999220371246338,0.9999954700469971,0.3353500962257385,0.5148667693138123,-0.12187570333480835,0.8823510408401489,0.999937891960144,0.3379315435886383,0.5082168579101562,0.16177545487880707,0.14750638604164124,0.9999383687973022,0.122896209359169,0.5176775455474854,-0.0522758811712265,0.9379539489746094,0.999790608882904,0.13432183861732483,0.5168478488922119,0.21987614035606384,0.4107462167739868,0.9998739957809448,0.09544933587312698,0.5298168063163757,-0.0579257532954216,0.7860590219497681,0.9993159770965576,0.1064411923289299,0.528854489326477,0.2168191522359848,0.437942236661911,0.9997617602348328,0.06277924031019211,0.4742957353591919,-0.24834401905536652,0.9312487840652466,0.9992886781692505,0.07220590114593506,0.47730106115341187,0.0788591280579567,0.5874254107475281,0.999496579170227,0.5293616414070129,-0.0004551649093628152,high,0.5288581281900406,3.6388635635820066e-06,high,False,False,False,False
148,4938,0,False,0.8345741033554077,0.4596332311630249,-0.1327056735754013,0.9993236064910889,0.9998791217803955,0.8521708250045776,0.46380379796028137,-0.16907551884651184,0.9993464946746826,0.9999169111251831,0.8542332649230957,0.4660117030143738,-0.16945114731788635,0.999384343624115,0.9999406337738037,0.8561899065971375,0.4681234657764435,-0.16937778890132904,0.999596893787384,0.9999406337738037,0.8511573076248169,0.46238264441490173,-0.11151811480522156,0.9992691874504089,0.9998303651809692,0.8522654175758362,0.4635864794254303,-0.11198229342699051,0.9992888569831848,0.9998456239700317,0.8535472750663757,0.4647068381309509,-0.112134650349617,0.9994072914123535,0.9998055100440979,0.8573018908500671,0.47983258962631226,-0.24970197677612305,0.9997548460960388,0.999963641166687,0.8546845316886902,0.4763530492782593,0.01219181064516306,0.9984026551246643,0.9997993111610413,0.82126784324646,0.46797001361846924,-0.15095122158527374,0.9992908239364624,0.9999513626098633,0.8195173144340515,0.46649712324142456,-0.07854276895523071,0.9986146688461304,0.9997900128364563,0.7807013988494873,0.5100109577178955,-0.3631885349750519,0.9999933838844299,0.9999970197677612,0.7540828585624695,0.49404799938201904,0.22494591772556305,0.999393105506897,0.9998220801353455,0.6494957208633423,0.5272045731544495,-0.46022722125053406,0.994144082069397,0.9999537467956543,0.629173219203949,0.5089872479438782,0.29317283630371094,0.004022580571472645,0.9995805621147156,0.5154540538787842,0.5288008451461792,-0.49508655071258545,0.9680497646331787,0.9999505281448364,0.516810953617096,0.5127398371696472,0.14892369508743286,0.00903551559895277,0.9997802376747131,0.47753432393074036,0.5360065698623657,-0.5527944564819336,0.9374583959579468,0.9998014569282532,0.48609375953674316,0.5155076384544373,0.1305076777935028,0.014526656828820705,0.999618411064148,0.47032323479652405,0.5318465828895569,-0.5557206273078918,0.9340735673904419,0.9997703433036804,0.48012638092041016,0.5138663053512573,0.07853945344686508,0.015186608768999577,0.9995542168617249,0.4809933602809906,0.5280807614326477,-0.49321413040161133,0.8798776865005493,0.999879002571106,0.490300714969635,0.5119863748550415,0.11927004158496857,0.015177080407738686,0.9997106194496155,0.530117928981781,0.5111225843429565,-0.1792568564414978,0.9999741315841675,0.9999979734420776,0.5281860828399658,0.5007093548774719,0.179256409406662,0.9999211430549622,0.9999945163726807,0.33502769470214844,0.5152587890625,-0.12197349220514297,0.879722535610199,0.9999158382415771,0.33756589889526367,0.5087920427322388,0.16197368502616882,0.14106009900569916,0.9999138116836548,0.12162815779447556,0.5184522867202759,-0.05065086483955383,0.9365435838699341,0.9997039437294006,0.1331753134727478,0.5176802277565002,0.22123965620994568,0.40073123574256897,0.9998284578323364,0.09467513114213943,0.5307110548019409,-0.05625711753964424,0.7805978655815125,0.9990296363830566,0.1060546338558197,0.5297030806541443,0.218572199344635,0.4303646385669708,0.9996798038482666,0.062201231718063354,0.4749557673931122,-0.24682500958442688,0.92930006980896,0.9989855885505676,0.0716819167137146,0.47763025760650635,0.082572802901268,0.5790266394615173,0.999298095703125,0.5293616414070129,-0.0013494133949280007,high,0.5288581281900406,-0.0008449524641036543,high,False,False,False,False
149,4971,0,False,0.8339104056358337,0.45962080359458923,-0.13331292569637299,0.9992857575416565,0.9998295307159424,0.8515872955322266,0.46401694416999817,-0.16984276473522186,0.9993137717247009,0.999896764755249,0.8533712029457092,0.4662632644176483,-0.1702261120080948,0.9993526339530945,0.9999271631240845,0.8551464676856995,0.468300998210907,-0.1701543778181076,0.9995777010917664,0.9999277591705322,0.8506746292114258,0.46262991428375244,-0.11224211007356644,0.9992324709892273,0.9997819066047668,0.8516766428947449,0.46395301818847656,-0.1127086654305458,0.9992533326148987,0.9998008608818054,0.852877140045166,0.4651574194431305,-0.1128656268119812,0.9993782043457031,0.9997490048408508,0.8559264540672302,0.479939341545105,-0.2510750889778137,0.9997435212135315,0.9999525547027588,0.8537922501564026,0.4767055809497833,0.010879136621952057,0.9983119964599609,0.9997239708900452,0.8203915953636169,0.4681762456893921,-0.15187986195087433,0.9992548227310181,0.9999314546585083,0.8189898729324341,0.4666678011417389,-0.07944317162036896,0.9985442757606506,0.9996914863586426,0.7787415385246277,0.5106390714645386,-0.36644402146339417,0.9999932050704956,0.9999963045120239,0.753483772277832,0.4945124685764313,0.22196847200393677,0.9993798136711121,0.9997466206550598,0.648019552230835,0.5283716320991516,-0.46889030933380127,0.9941070675849915,0.9999449253082275,0.6291818618774414,0.5096714496612549,0.28296005725860596,0.003945454955101013,0.999416708946228,0.5148556232452393,0.5298452973365784,-0.5018965005874634,0.9677283763885498,0.9999395608901978,0.5164667367935181,0.5130587220191956,0.13118723034858704,0.008849015459418297,0.9996777772903442,0.4772167503833771,0.5370270013809204,-0.5590450763702393,0.9367761611938477,0.9997531771659851,0.48600202798843384,0.515687882900238,0.11171912401914597,0.014265507459640503,0.9994505047798157,0.47012683749198914,0.532956063747406,-0.5618762373924255,0.9333694577217102,0.999716579914093,0.4800277650356293,0.5137385725975037,0.059994932264089584,0.014917977154254913,0.9993688464164734,0.48082342743873596,0.528984546661377,-0.49984684586524963,0.8788022398948669,0.9998475313186646,0.4901195466518402,0.5119833946228027,0.10126148909330368,0.014918962493538857,0.9995844960212708,0.5296738743782043,0.5115315914154053,-0.17923012375831604,0.9999743103981018,0.9999980926513672,0.5281677842140198,0.5010058879852295,0.17923074960708618,0.9999213814735413,0.9999945163726807,0.33485147356987,0.516245424747467,-0.12207797169685364,0.8796201944351196,0.999923825263977,0.33741313219070435,0.5091870427131653,0.16240154206752777,0.13698971271514893,0.9999152421951294,0.12213032692670822,0.5190428495407104,-0.0504160150885582,0.9371724128723145,0.9997434020042419,0.13336873054504395,0.518013060092926,0.22219036519527435,0.39905107021331787,0.9998338222503662,0.09484117478132248,0.5312682390213013,-0.055804722011089325,0.7807027697563171,0.9991590976715088,0.10578756779432297,0.530282735824585,0.2195475548505783,0.429095983505249,0.9996898174285889,0.061765704303979874,0.47672250866889954,-0.24550732970237732,0.9295017123222351,0.998950719833374,0.07145523279905319,0.478720098733902,0.08308880776166916,0.5782254338264465,0.999255359172821,0.5293616414070129,-0.0019065976142883523,high,0.5288581281900406,-0.0014246076345443281,high,False,False,False,False
150,5004,0,False,0.8340081572532654,0.46008190512657166,-0.14451555907726288,0.9992967844009399,0.9999099969863892,0.8516560792922974,0.4648013710975647,-0.18052850663661957,0.9993245601654053,0.9999408721923828,0.8534302711486816,0.46700483560562134,-0.18091507256031036,0.9993599653244019,0.9999576807022095,0.8551797270774841,0.4690253436565399,-0.1808389574289322,0.9995846748352051,0.9999574422836304,0.8507385849952698,0.4635120630264282,-0.12257858365774155,0.9992473125457764,0.9998810291290283,0.8517423868179321,0.4648241698741913,-0.12304236739873886,0.9992662668228149,0.9998922348022461,0.8529052138328552,0.4660075008869171,-0.12319303303956985,0.9993914365768433,0.9998642206192017,0.8559670448303223,0.48084157705307007,-0.2610463500022888,0.9997463822364807,0.9999723434448242,0.8538293242454529,0.477938711643219,0.0026426303666085005,0.998332679271698,0.9998537302017212,0.8203877806663513,0.4688303768634796,-0.16286684572696686,0.9992663264274597,0.9999610185623169,0.8190138936042786,0.46729499101638794,-0.0899706557393074,0.9985702037811279,0.9998327493667603,0.7788071632385254,0.5114675760269165,-0.37400978803634644,0.9999932646751404,0.9999972581863403,0.7535421252250671,0.4954712986946106,0.21784493327140808,0.9993892908096313,0.9998340606689453,0.647041380405426,0.530105710029602,-0.46882450580596924,0.9941368699073792,0.9999599456787109,0.6278752684593201,0.5110906362533569,0.2839816212654114,0.0039426772855222225,0.9996108412742615,0.5141943097114563,0.5316468477249146,-0.49272269010543823,0.9677374958992004,0.9999537467956543,0.5153906345367432,0.5136180520057678,0.13500916957855225,0.008930071257054806,0.9998094439506531,0.47596627473831177,0.5385502576828003,-0.5481946468353271,0.9362492561340332,0.9998051524162292,0.48478445410728455,0.5162634253501892,0.11588438600301743,0.01434523705393076,0.9996622800827026,0.46909990906715393,0.5344091057777405,-0.5518004298210144,0.932826042175293,0.9997732043266296,0.478627473115921,0.5142175555229187,0.06417620182037354,0.015014400705695152,0.9996013045310974,0.479775607585907,0.5306777954101562,-0.49058809876441956,0.8779737949371338,0.9998818635940552,0.48871681094169617,0.5125965476036072,0.10519640892744064,0.015016174875199795,0.9997439980506897,0.5297464728355408,0.5121086835861206,-0.17954234778881073,0.999974250793457,0.9999983310699463,0.5282225608825684,0.5019769668579102,0.1795368194580078,0.9999210834503174,0.9999951124191284,0.33486899733543396,0.5166801810264587,-0.12226599454879761,0.8762433528900146,0.9999325275421143,0.33735141158103943,0.5105823874473572,0.16531376540660858,0.13065683841705322,0.9999281167984009,0.12179278582334518,0.5199121832847595,-0.04742031171917915,0.9350910186767578,0.9997461438179016,0.13333874940872192,0.5192397832870483,0.2415495365858078,0.3878316879272461,0.9998540878295898,0.09469245374202728,0.5319685339927673,-0.052309926599264145,0.7736151814460754,0.999178946018219,0.10575263947248459,0.5310800075531006,0.24081505835056305,0.4190773069858551,0.9997312426567078,0.06094793230295181,0.47781017422676086,-0.24371691048145294,0.9271098971366882,0.9991039633750916,0.07089126110076904,0.4802025258541107,0.10516169667243958,0.568412184715271,0.9994275569915771,0.5293616414070129,-0.0026068925857544167,high,0.5288581281900406,-0.002221879363059953,high,False,False,False,False
