frame,timestamp_ms,person_id,phase_normalized,mean_landmark_visibility,min_landmark_visibility,low_visibility_landmark_count,mean_landmark_presence,min_landmark_presence,pelvis_center_x,pelvis_center_y,pelvis_center_z,shoulder_center_x,shoulder_center_y,shoulder_center_z,torso_length_3d,hip_width_3d,body_scale,nose_rel_x,nose_rel_y,nose_rel_z,left_shoulder_rel_x,left_shoulder_rel_y,left_shoulder_rel_z,right_shoulder_rel_x,right_shoulder_rel_y,right_shoulder_rel_z,left_elbow_rel_x,left_elbow_rel_y,left_elbow_rel_z,right_elbow_rel_x,right_elbow_rel_y,right_elbow_rel_z,left_wrist_rel_x,left_wrist_rel_y,left_wrist_rel_z,right_wrist_rel_x,right_wrist_rel_y,right_wrist_rel_z,left_hip_rel_x,left_hip_rel_y,left_hip_rel_z,right_hip_rel_x,right_hip_rel_y,right_hip_rel_z,left_knee_rel_x,left_knee_rel_y,left_knee_rel_z,right_knee_rel_x,right_knee_rel_y,right_knee_rel_z,left_ankle_rel_x,left_ankle_rel_y,left_ankle_rel_z,right_ankle_rel_x,right_ankle_rel_y,right_ankle_rel_z,left_heel_rel_x,left_heel_rel_y,left_heel_rel_z,right_heel_rel_x,right_heel_rel_y,right_heel_rel_z,left_foot_index_rel_x,left_foot_index_rel_y,left_foot_index_rel_z,right_foot_index_rel_x,right_foot_index_rel_y,right_foot_index_rel_z,left_elbow_angle_2d,right_elbow_angle_2d,left_shoulder_angle_2d,right_shoulder_angle_2d,left_knee_angle_2d,right_knee_angle_2d,left_hip_angle_2d,right_hip_angle_2d,left_ankle_angle_2d,right_ankle_angle_2d,trunk_left_angle_2d,trunk_right_angle_2d,left_elbow_angle_3d,right_elbow_angle_3d,left_shoulder_angle_3d,right_shoulder_angle_3d,left_knee_angle_3d,right_knee_angle_3d,left_hip_angle_3d,right_hip_angle_3d,left_ankle_angle_3d,right_ankle_angle_3d,left_upper_arm_length_3d,right_upper_arm_length_3d,left_forearm_length_3d,right_forearm_length_3d,left_thigh_length_3d,right_thigh_length_3d,left_shank_length_3d,right_shank_length_3d,shoulder_width_3d,left_elbow_x_velocity,left_elbow_y_velocity,left_elbow_z_velocity,left_elbow_speed,right_elbow_x_velocity,right_elbow_y_velocity,right_elbow_z_velocity,right_elbow_speed,left_wrist_x_velocity,left_wrist_y_velocity,left_wrist_z_velocity,left_wrist_speed,right_wrist_x_velocity,right_wrist_y_velocity,right_wrist_z_velocity,right_wrist_speed,pelvis_center_x_velocity,pelvis_center_y_velocity,pelvis_center_z_velocity,pelvis_center_speed,left_knee_x_velocity,left_knee_y_velocity,left_knee_z_velocity,left_knee_speed,right_knee_x_velocity,right_knee_y_velocity,right_knee_z_velocity,right_knee_speed,left_ankle_x_velocity,left_ankle_y_velocity,left_ankle_z_velocity,left_ankle_speed,right_ankle_x_velocity,right_ankle_y_velocity,right_ankle_z_velocity,right_ankle_speed,left_heel_x_velocity,left_heel_y_velocity,left_heel_z_velocity,left_heel_speed,right_heel_x_velocity,right_heel_y_velocity,right_heel_z_velocity,right_heel_speed,left_elbow_angle_2d_velocity,right_elbow_angle_2d_velocity,left_shoulder_angle_2d_velocity,right_shoulder_angle_2d_velocity,left_knee_angle_2d_velocity,right_knee_angle_2d_velocity,left_hip_angle_2d_velocity,right_hip_angle_2d_velocity,left_ankle_angle_2d_velocity,right_ankle_angle_2d_velocity,squat_too_shallow
0,0,0,0.0,0.9267907232949228,0.48082900047302246,1,0.9998030969590852,0.9982890486717224,0.5246498882770538,0.507655531167984,-0.0002685198560357094,0.5157698839902878,0.2651277780532837,-0.031382353976368904,0.24467659508147815,0.14675555048930508,0.2853135604560088,-0.05497039803156898,-1.1402270543015747,-1.2636385250928843,0.40342853675695683,-0.8457161805070336,-0.07213341336149212,-0.46567587104119756,-0.8543625169588344,-0.1459693229445202,0.6486598052162488,-0.6615822008558259,-1.690142029705631,-0.6578279969994645,-0.7353782479406852,-2.0611660244202525,0.7074717311748483,-0.6305275259968119,-4.00481620627492,-0.7396370721145137,-0.6408001165828798,-4.501329590999388,0.25292675441432144,0.0007206324922800556,0.04658962441968126,-0.25292675441432144,-0.0007206324922800556,-0.04658962441968126,0.2442507528476043,0.6591834002781753,-0.008273794933693337,-0.22623253808411323,0.6736215370534933,-0.2338169593896019,0.25224278549716683,1.2463972471314433,0.8648501828922526,-0.14127718505922676,1.2609047417810726,0.5432313479781248,0.20278435383537988,1.3104995911896224,0.8762581430789638,-0.08956702493881087,1.3144327258271515,0.5657093576235392,0.2247657861698363,1.4900627406872307,-0.29045719524979996,-0.17340742924321648,1.478393905062127,-0.539413420269057,170.93419593064863,162.62603912806733,63.180816235517135,72.2278742398705,178.46535361906783,174.03569430639305,170.67271277724524,168.27244484157924,141.56811520070485,144.2208042829495,99.91893585540831,104.15770265156874,170.88949545381254,175.9735971850522,92.93356845415306,94.35466984847396,119.14941860936288,111.66654428469097,164.3164241437687,155.1647903520414,123.27700585989857,134.5181747082056,0.4698582990000784,0.5502231957745136,0.6606804848896616,0.6971253694314499,0.18853559891559662,0.19982218242288036,0.3002211116531281,0.2789548261852127,0.24887275219866486,0.01341465747717655,-0.03165729118115974,-1.811115127621275,1.8114414543723973,0.09771729960586086,-0.10398210901202577,-3.336050293662331,3.339100554263285,-0.005508914138331557,-0.13938365560589414,-4.547693512656472,4.5498323525865,0.1513533519976067,-0.33290819688276807,-6.892944827224269,6.9026389226056475,-0.005246111840912789,-0.019394990169640743,0.0007070149436141505,0.020104407558003797,0.01802408333980676,0.002507007483280066,-0.0012098374127438574,0.018237773255712894,-0.005877379215124882,0.007726929404518821,-1.1566200039603494,1.156660746539667,0.0028519919424346,0.0027490384650952888,0.5864266193274296,0.586439997720415,-0.0019570191701253252,-0.03355199640447443,0.13482931888464725,0.1389550704999857,0.00012643409497810131,0.009841991193366774,0.5837448618628762,0.5838278380888832,0.007600495309540719,-0.00476475917931759,0.2086230299689553,0.20881580182642995,-280.96526038612865,195.7849951070002,13.93968339850869,17.72732254899741,10.466249164874274,-2.0690031585130244,-7.588300810631449,3.8259600073805204,10.527642212823903,37.31107711181528,0
1,33,0,0.0067346938775510205,0.9254357941222914,0.48003876209259033,1,0.9994910558064779,0.9967595934867859,0.5244767665863037,0.5070154964923859,-0.0002451883628964424,0.5159582644701004,0.2646169364452362,-0.028722587507218122,0.2442142277863032,0.15030801868043006,0.2867631244300719,-0.05530039400021813,-1.132236672616768,-1.2667958560410295,0.40317521770520043,-0.8405771089517022,-0.04413518692818968,-0.4625866370300068,-0.8500067869303454,-0.1544775126713084,0.6475283190873674,-0.6596490729755812,-1.890098568124896,-0.6426539527356765,-0.7413950505184344,-2.434732881676882,0.7038652771998145,-0.6411482638587993,-4.507991014410436,-0.7178771838001029,-0.6736392589121983,-5.2718803583625276,0.2523556590089825,0.0011457909903072763,0.07070816177353102,-0.2523556590089825,-0.0011457909903072763,-0.07070816177353102,0.24569396263903268,0.6583717108838019,-0.008452558269450084,-0.22516159594596716,0.6733375599330725,-0.3658174007232128,0.25189962899850915,1.2426450924427772,0.927881618027111,-0.14018453977375772,1.2529018184668501,0.5559198254302895,0.2023775550945345,1.3072396441085898,0.9389233018153375,-0.08763591482944492,1.3094719879155559,0.5867762106341605,0.224940855804161,1.484970585460237,-0.3392447409054396,-0.1714537734773108,1.475631947201096,-0.6079435365010213,161.66234233790638,169.08694396659834,63.64082578766792,72.81287588398742,178.81073984150868,173.96741720216212,170.4222988504944,168.3987015218228,141.91552739372804,145.4520698276394,99.898293114093,104.17026279284072,171.86840998040634,176.7149202471851,93.42945014889487,93.89562607471656,115.09083338069512,98.66414055949107,162.62269327479208,148.7885779070778,121.80037426071769,136.33838666227888,0.5364865358659919,0.6566678503504295,0.750907570670429,0.8141070854226191,0.1898399406671261,0.21126420926324843,0.31649810832721087,0.3131783320474959,0.25029147063586804,-0.09842713673909505,-0.18639320676976984,-0.8112485661651149,0.8381852807592898,0.02609825495517615,-0.05130379488973906,-1.5307782274304014,1.5318600392518749,-0.09208466067458644,-0.21007566741018582,-1.5270836425550056,1.5442136581860857,0.10677856026273785,-0.3934398745045517,-1.0752948847683992,1.1499807324433855,-0.00308002486373439,-0.009353413726344253,0.0004208449161413944,0.009856470562063745,0.012080777775157581,0.010323343854961973,0.035475108289216274,0.03887158252672695,-0.007693514679417465,0.008274208415638317,-0.5562568478512041,0.5563715786004758,0.005095294027617483,0.004548918117176402,0.268473769679214,0.26856064433016297,-0.0011198448412346117,-0.016777804403594044,0.07125103112423059,0.07320832062914553,0.0027372981562758937,0.005010402563846473,0.2671563715645761,0.2672173718203927,0.0038268891247836023,0.007892196828668768,0.10449597329804391,0.10486343636683543,-13.981611604176974,4.898807819044015,58.68707995129742,12.546907059784818,5.209380434516306,-3.256102640243126,-2.1153891201109762,2.5132117877820868,-1.544019894429501,37.815081498592484,0
2,66,0,0.013469387755102041,0.9220693382349882,0.47004473209381104,2,0.9995804049751975,0.9977877140045166,0.5244466066360474,0.5070382058620453,-0.00024074409157037735,0.5157992541790009,0.2641313225030899,-0.030072474852204323,0.24488459087466588,0.15038359660948444,0.28737377920933677,-0.05488939609159333,-1.129174217372281,-1.2316729122983912,0.40143927309623767,-0.8406962076324479,-0.04856869398343207,-0.4616211900466172,-0.849832998109809,-0.15904753908216776,0.6221114872033766,-0.697499264382614,-1.8644380944467673,-0.6464106851871001,-0.7397408070545909,-2.3980537047924964,0.6819584344791495,-0.672106281520229,-4.32692109342215,-0.7091037339334323,-0.7244177592925115,-4.716114373002517,0.2524959924872835,0.0010643324366838391,0.06860161111514478,-0.2524959924872835,-0.0010643324366838391,-0.06860161111514478,0.2459816101095448,0.6589767147450247,-0.00016370494385892386,-0.22567021054614717,0.6728407258656051,-0.3599906615896604,0.25231201843070383,1.2406545621672664,0.9202126189242459,-0.13981416435943242,1.250160026698258,0.5556041430501611,0.2026666088921023,1.3044033357704086,0.9312362323922554,-0.08733862404063973,1.3089701235694742,0.5855562394837724,0.24702343839161883,1.4818381205847508,-0.324212789168214,-0.17478271686117886,1.4739894596207923,-0.5937346783516457,170.01140956477295,162.94936044412424,67.05416351230276,73.0559701058163,178.8091727277459,173.820791532137,170.5330970953179,168.43831681957286,141.4662098876725,146.7165996618566,99.79268969605707,104.0827367473953,173.2413186961544,176.00978661667375,94.53210457646891,94.28537734515155,116.3204567582747,98.98353416615888,163.30216035546184,148.6236114796106,121.89475932238294,136.02162663855705,0.5272806327748265,0.6463940301012253,0.7078996184049088,0.6664079888580173,0.19010591303007177,0.21113178259687382,0.3128920864518047,0.31203323400708766,0.2500585246135601,-0.293476368064311,-0.292318080788228,0.9568894087378658,1.0426963026320917,-0.022600835828638786,-0.0830417248740125,1.3252060804794084,1.327997696379704,-0.16833241306134122,-0.2449177094359896,2.7814747682258263,2.7973062706752976,0.09416733215104288,-0.43522066144800897,4.309232555218597,4.332178404169372,0.0005549014504276105,-0.0051753734474751486,-5.896522927640089e-05,0.005205370576508563,0.0031928517925205514,0.009019873035487843,-0.022926923832786616,0.024843434717842887,-0.0059795913411610155,-0.00044392116034208836,0.08877477983930217,0.08897704262404128,0.0035389145808433415,0.0011324882507324219,-0.3838788217573023,0.3838968041542196,-0.0025785681027085034,0.0002562110103777985,-0.712891679201553,0.7128963886374738,0.0018299515567608733,-0.00042968721532109954,-0.4067983645111767,0.4068027073690283,-0.0005600167744195283,0.01734939973745773,-0.797588211386951,0.7977770805390898,83.12038538410032,-497.8570532120477,54.73585769869378,49.95332096211429,-0.763913565991098,-1.660403243181378,15.784493214785915,4.523800619526793,-5.813062489646179,26.32185860266591,0
3,100,0,0.02040816326530612,0.9156359434127808,0.448576420545578,2,0.9998675855723295,0.9991819262504578,0.5245139449834824,0.506668746471405,-0.0002491390332579613,0.514386385679245,0.2627297192811966,0.0007145032286643982,0.2441510701397294,0.1506633669118431,0.28689579149856437,-0.05531549031109,-1.1299556314481483,-1.0152839597811838,0.38932111438030353,-0.843892093450278,0.10585685498736822,-0.4599220754563606,-0.8566489003093262,-0.09913913872608118,0.5785625087560379,-0.7264016997152483,-1.665744301525919,-0.6477644333533061,-0.7592366745133144,-2.1241121978705038,0.6640988179023963,-0.6968398345407458,-3.856322960593412,-0.6956835103230715,-0.7737580665123377,-4.263075261324208,0.25336713720208387,0.0009141313493719587,0.06891971575899536,-0.25336713720208387,-0.0009141313493719587,-0.06891971575899536,0.2461964000376354,0.6613823415556064,-0.013789101696285177,-0.2265835041797352,0.6741311497653475,-0.3449025144838227,0.25248001427894334,1.2435435672891406,0.8378174536607309,-0.14085148782176118,1.2535909096043627,0.3891918862024373,0.20258173905922525,1.307743427469783,0.843501532778982,-0.08785576162754616,1.3141267651310222,0.400254459677915,0.24550290675486186,1.4846012506612751,-0.3287913130261104,-0.1753743853807302,1.4793620314866247,-0.7155809068400282,167.2314081586411,135.73052140139114,67.3081282534804,76.15974838844907,178.75955763258727,173.85617018486897,171.47985989588506,168.7017961633311,141.52605220692175,147.21563435401802,98.9354605072043,103.77704329032241,175.11302545762223,174.90833084916125,84.78629460019842,90.53145078862498,117.21231113161653,106.1693014855921,170.31442370869954,153.41673853915322,119.88950608489651,128.752189865766,0.5122666321435972,0.5841193934968265,0.6290039075311602,0.6138276153490168,0.19097660178297785,0.20936907139263347,0.29595979926293897,0.2694405437449124,0.25066879927349783,-0.35866961550356735,-0.250143791312602,0.04876282677721621,0.4399927530005741,0.13792781687494535,-0.16929854207964085,0.2819602169207672,0.3566337658497671,-0.15376219108923156,-0.22230753258093078,0.9340154590891367,0.9723416725967646,0.16001800992595613,-0.3131018645727812,0.9302060995528947,0.9944455383504043,0.0011476118173172224,0.005248767226489622,-7.738317571469207e-05,0.005373319126666626,-0.00036919294898189715,0.00012454701893365204,-0.0026260716354113015,0.002654819697797761,-0.006008948852766805,0.004226592049669863,0.11315830607912433,0.11339653337455377,0.0029731152662590367,0.0009785837201929804,-0.3811648087715035,0.3811776600042305,-0.003719952569079043,0.0002579902535054221,-0.6838747814520081,0.6838849474232628,0.0015844160051488164,0.006117927494333751,-0.4165977684419546,0.41664570090392117,-0.00021617804000626748,0.013390583778495219,-0.7606903786089882,0.7608082587453686,-65.51962382021674,-401.21094130433823,5.964150323947804,49.895522878660664,-2.1879706746836516,-2.530670491805875,26.418084837664008,14.348546337705319,3.875342689376176,15.939586425947335,0
4,133,0,0.027142857142857142,0.9092839586012291,0.429535448551178,2,0.9997743584892966,0.9990204572677612,0.5245234966278076,0.5073898732662201,-0.0002459287643432617,0.5144274085760117,0.2608674019575119,-0.03165793186053634,0.2487206742364167,0.15087344313279297,0.29090336820903573,-0.05456988946332001,-1.1179593522109224,-1.0178832059269514,0.3734580132504444,-0.8424851999819195,0.04985076389834045,-0.4428699840636608,-0.8523901314825374,-0.26581253353739953,0.531691248158851,-0.7478576214599011,-1.8305677604032466,-0.6070648438066708,-0.7709666012563793,-2.303999574886628,0.6380057299709617,-0.7163615723010626,-4.059284200783259,-0.6639094775274065,-0.7889498253587807,-4.44463268050338,0.24986350696585946,0.0011903374854491501,0.06937627426294644,-0.24986350696585946,-0.0011903374854491501,-0.06937627426294644,0.24264771985422118,0.6498010227145014,-0.000748725037226636,-0.22458038635552457,0.6644415898347843,-0.329542714858254,0.24967111056361543,1.2246179551706036,0.82127657005947,-0.13923885399548935,1.233842123043473,0.3913726999763276,0.20030821766070842,1.288776930496566,0.8240056177491281,-0.08659303100210827,1.2949633251429495,0.40326944135528914,0.24090221937422437,1.46159315703108,-0.32348115248883214,-0.1735048786196497,1.456905979078221,-0.6850318466560916,165.62159476881843,136.06822737673357,67.45376158400727,76.39897013868656,178.6625786925421,173.65123660918601,172.3031087794414,169.39966942419912,141.7258578478607,147.78455195239508,98.06132765867841,103.04853908701529,177.07274638250138,175.86038363808402,89.16224004657099,101.42828165110338,118.78554137453384,107.06453934670162,169.27472582475494,144.42473877764994,118.50678777086361,129.51889445260971,0.5496431088642665,0.5953077231275382,0.6491430112491133,0.6229588689583276,0.18979419581227047,0.20802981215882438,0.29180224098878177,0.26839192795641537,0.25462484906087735,-0.315068346081358,-0.17830955259727707,-2.252128991213712,2.281040848453875,0.39000538262453943,-0.13623228578856497,-2.8058254357540244,2.8360747187074518,-0.10221203168233235,-0.16523130012281012,-3.6401495789036606,3.6453309367948203,0.178365996389678,-0.12109631841832941,-4.231626337224787,4.2371146084212805,0.0013828729138229833,0.02010166645050049,4.924720886981849e-06,0.020149177547379892,0.002287554018425219,-0.0006953875223795573,0.10341152929785576,0.10343916501458611,-0.011001572464451645,0.008991270354299833,-0.0692724504254081,0.07071456658437011,0.0031464027635978928,0.003375790335915305,0.05583848917123043,0.05602885581259404,-0.0028095462105490942,-0.006976452740755948,-0.11835506919658545,0.1185937892441326,0.003735224405924479,0.006923169800729463,0.03211493744994655,0.03306435223721048,0.002086614117477879,0.005946917967362837,-0.12332336469130081,0.12348429888277045,-86.39394282886487,102.5077283586214,-27.52444565115771,-75.61165529046986,-0.32331736428640545,-6.935931966702149,23.797866225637012,18.098569859076566,6.165013999698272,15.13726085560458,0
5,166,0,0.03387755102040816,0.9037806174971841,0.41730859875679016,2,0.9997531554915688,0.9989606142044067,0.5246052145957947,0.5079954564571381,-0.00024881400167942047,0.5143057107925415,0.260566383600235,-0.07029587542638183,0.2573593143596243,0.1560812868308391,0.30099034002177977,-0.053159148069793924,-1.0823837485568302,-1.1656715052596465,0.3507172625493335,-0.8182421891989647,-0.046565200469134156,-0.41915470012628625,-0.8258575705408263,-0.41887871656576986,0.48207981829841123,-0.7358931553312786,-2.081581316619161,-0.5322157653266114,-0.7579640180495669,-2.6398975261919073,0.6102850087439047,-0.7048478421492962,-4.47394100819087,-0.624298391648163,-0.7684864567582509,-4.991342959695192,0.24167330308570303,0.001794632655778557,0.09389720415336321,-0.24167330308570303,-0.001794632655778557,-0.09389720415336321,0.23486607577068092,0.6258513306039275,0.009531205076755686,-0.21868883620107715,0.6401272001934531,-0.34394255521571176,0.24104377070360977,1.1816442619090952,0.8108277386422773,-0.1351750981165676,1.188951114955486,0.34501357960790346,0.1936112088009667,1.2436156751576088,0.8110436391391559,-0.08358740466083502,1.249486029965653,0.3544686945806998,0.23136097254229135,1.4108370211605596,-0.31201675812247354,-0.16852516519253946,1.4066873353893223,-0.7428996178130345,161.52940793193602,142.49603147306016,65.491514840504,71.16937913927806,178.73821868654437,173.39839867506663,173.0505190667771,169.89630177403015,141.93294313090183,148.21469357048792,97.14897731216908,102.57980098645203,178.3098930663435,177.88569843976754,97.80751684251777,109.95210434906804,117.04001704377067,107.35822361155881,161.33394971324427,136.51274234389513,116.80758564277367,128.4277139321399,0.6142952603350902,0.6696826663055786,0.7211709248958671,0.7083119125788566,0.18955479863066577,0.20746829934928995,0.29352655754385343,0.2663114477078269,0.2574089004279489,-0.14404396512615147,-0.04629857504545752,-1.0092445273897541,1.0205227768191516,0.37624720317214283,-0.058296901076587276,-1.0475685347372026,1.1146121843679275,-0.019197143725494838,-0.0888767527110541,-2.1849443663412065,2.186835497129552,0.10979931745956192,-0.018256813732545767,-2.703310838386194,2.7056013546526985,0.00379134469957494,0.011774586207831082,-5.7227687159580965e-05,0.012370062651612505,0.005896411724944613,-0.0020114343557784803,-0.1440570857410611,0.14419173863854026,-0.011581983139265829,-0.003319178054581827,-0.1175239014981398,0.11813986075724281,0.002259638772081973,0.0018477439880371092,-0.10590144057772052,0.10594165961349715,-0.003373000159192441,-0.013659249490766382,-0.20990620798139428,0.21037720498155987,0.0028663606786016207,0.0008211207033982917,-0.10255379463309672,0.10259712986432301,0.0024918300002368526,-0.0020203305714165984,-0.21270985033974718,0.21273403908149144,-103.64370362112831,77.93403163021448,-19.483285079703226,-143.38605142443149,1.7419059397690855,-7.65570470568335,25.497351773985066,18.22519685741985,0.9058006549993811,10.74108196485128,0
6,200,0,0.04081632653061224,0.9004408699093442,0.4042658507823944,2,0.9998807040127841,0.9994437098503113,0.5247775167226791,0.5081787705421448,-0.00024976301938295364,0.5143390446901321,0.2601011097431183,-0.052253367262892425,0.2536845725309418,0.15597324064340953,0.2977977738953292,-0.055516547413595484,-1.0944984212088842,-1.0873366878428277,0.3402652554282939,-0.829337581114767,0.009909300139279239,-0.4103696883527384,-0.8367437837930952,-0.3591637862509709,0.48612119320017166,-0.743609329011599,-2.0152396321377006,-0.5092135622218937,-0.7688827479640225,-2.4863332071760413,0.6180630051500343,-0.7224219010484665,-4.456873090266616,-0.624688917550778,-0.7774412223181375,-4.94992487635363,0.2441523474928317,0.0021452228280496783,0.09468369238089394,-0.2441523474928317,-0.0021452228280496783,-0.09468369238089394,0.23750371790688712,0.6316556377673886,-0.033129183592456014,-0.22283982489753543,0.645663034147145,-0.34834159943322074,0.2435462890189248,1.1940330676368478,0.7784496007659121,-0.13762716283029358,1.1995548447762614,0.3350990629081716,0.1954627145349406,1.256475704530527,0.7818686372143587,-0.08488066091347926,1.2618795924885895,0.3460896020818877,0.23303633840305535,1.4253656671876858,-0.33037017933053314,-0.171219474897312,1.4213316154896694,-0.7379675955020378,158.67746662620283,141.28980749595794,66.14838148366715,66.79210469324966,178.77928639050663,173.13830439390523,174.0114313482984,170.62075761364625,141.78654649174567,148.5042044440401,96.09026926214243,101.7669725445867,177.8219642858244,177.97577773248892,93.83726916612576,105.97039826324786,113.23694633679189,107.72355385933875,161.74078764433716,140.28396734508857,118.86406833886667,129.71608781435472,0.6051857091962443,0.6344717664406725,0.7282012066139858,0.7344620323270713,0.19130203057070405,0.20727497252794322,0.29404646436273396,0.2632014281692178,0.24910612258523895,-0.009683530722091447,0.01054468439586127,1.623051380043599,1.623114519495678,0.1626530689979667,-0.019242959236031146,1.9848800417202621,1.9916262431375136,-0.008742311107578562,-0.08884250228084735,2.340615685306378,2.342317485849702,0.03366639365011186,-0.03936975749570932,2.7239465001803724,2.724439013762572,0.0025914676153837744,0.002957991699674236,-4.742794962071661e-05,0.003932895715287881,0.004563758622354535,0.0017605610747835527,-0.2019977537609303,0.20205697214529023,-0.00566777898304498,-0.01609859181873834,-0.22726861843422277,0.22790856346821928,0.007029789597240846,0.0059604644775390625,-0.4909808066353869,0.4910673045142638,-0.00746659378507244,-0.002272093473975338,-0.6722445363429055,0.6722898400797038,0.0016493583793070778,0.015418031322422312,-0.5101419206875474,0.5103775223456676,-0.0016280074617755947,0.01158287276082964,-0.7006599387126182,0.7007575636883694,-110.58775100506716,-34.724772055763694,9.162448427625193,-49.88872721281362,0.04525166526090926,-1.2316362061651216,23.22785587173698,20.986954485056145,2.6650188585485175,9.136826262197365,0
7,233,0,0.047551020408163266,0.8982406502420252,0.39381834864616394,2,0.9998681220141324,0.9993201494216919,0.5247788429260254,0.5081936419010162,-0.0002519916743040085,0.5145128816366196,0.25999386608600616,-0.004465306177735329,0.24844772225746337,0.15688166540809825,0.2938335032567596,-0.0559416483668119,-1.1013992273769921,-0.9768682308556056,0.33541721922632417,-0.8413994037699075,0.14534103929333647,-0.40529326246592134,-0.8479911733020776,-0.17401928365098968,0.4910227797018468,-0.7520872200850146,-1.7621824686349068,-0.5086815329815082,-0.7814878449345897,-2.25159318535966,0.6225652523964723,-0.7429480380869649,-4.049193109422015,-0.6324185740334877,-0.7968558946570806,-4.491790101505043,0.247350951082555,0.002199014559354057,0.10039208021505515,-0.247350951082555,-0.002199014559354057,-0.10039208021505515,0.2410363784873673,0.6408220126795907,-0.03628541692596268,-0.2258986669441251,0.6513733472402476,-0.4041309281911283,0.24792684724361827,1.2111099309936635,0.7186341177594281,-0.14076096973282168,1.2167175651875461,0.2001424198539255,0.19811213358929472,1.276747285176023,0.7144861541541229,-0.08658545025868225,1.281886128940805,0.20334854271396247,0.23707955195770905,1.4445555964317223,-0.4053028281944684,-0.1736883753700846,1.4412300445949942,-0.8889303678791324,154.12002861459652,140.169471745324,66.10539888515488,67.82683441601955,178.74125054811685,173.31587904925357,174.60678541018348,171.3024277245289,142.11149939442458,148.82686093005515,95.45036396256299,101.08688462178415,177.19830626532467,177.75453565640382,84.80387790457986,93.60631166163536,114.98189165250302,108.24431193643677,169.49514514223935,149.01795351379064,115.78626477302606,127.95725883420596,0.5629680988530871,0.6115285250489116,0.6731163531700239,0.6592637259668855,0.19190723551551586,0.21186074536616462,0.2780073811715015,0.24443146965586857,0.23702120747262947,-0.030412818446303856,-0.00239773230119185,0.23889993176315769,0.24083991787591486,-0.008281433221065636,0.00019777904857288706,0.8452462427543871,0.8452868342421732,-0.05692243576049805,-0.09822258443543405,0.416513645287716,0.4317076053267365,-0.005429892828970244,-0.06332316181876442,1.0041630629337195,1.0061723329128507,0.0018066529071692264,-0.0024252768718835077,-2.7657458276459664e-05,0.003024355727634298,0.0019615346735174003,0.0030299027760823565,-0.006991523233326999,0.00786824797715945,-0.00502530372504032,-0.01343994429617217,-0.174934213811701,0.17552169365104428,0.003950162367387251,0.004832491730198715,-0.27953404368776263,0.2796037166052754,-0.006006974162477435,0.0035347360553163467,-0.4907254919861302,0.4907749856936465,-0.002097902875958067,0.015035723194931492,-0.29387776598785864,0.29426963062892875,-0.001299110325899991,0.010951901927138819,-0.5215824101910447,0.5216989960352231,-117.20292742681347,-24.270835105479126,6.534314515322438,70.77998280337455,0.029705526417721943,-1.3705185234597779,14.12750287228534,7.090456381835575,2.713506875272225,1.546475221526965,0
8,266,0,0.054285714285714284,0.8959558560992732,0.38515251874923706,2,0.9998427828152975,0.9993357062339783,0.5248967558145523,0.5080187022686005,-0.0002515884116292,0.5139336735010147,0.2608691453933716,-0.006970766931772232,0.24748381764758065,0.15653929716150852,0.29283577573998715,-0.05715103157580087,-1.100891066403145,-0.9994642719689365,0.3309525725568616,-0.8428809438126906,0.11179960807412127,-0.40582786595866144,-0.8450928445722116,-0.1576900291004721,0.4870966455808819,-0.756203316777833,-1.9955371024969981,-0.520115681106843,-0.7813200025211826,-2.33795346594851,0.6152993661835134,-0.7562541007328805,-4.43851218502834,-0.6369050385697861,-0.8043399927898084,-4.807472782394445,0.24781201237104913,0.002791082098548851,0.10010460515968446,-0.24781201237104913,-0.002791082098548851,-0.10010460515968446,0.24156304161388972,0.6435883190026267,-0.035260077904977274,-0.22815556862410216,0.6541210537594987,-0.3936649656086952,0.24815620342509806,1.2159013062104533,0.7286443610500213,-0.14172025941883953,1.2212241567453048,0.23018259199817326,0.19789474301737056,1.2817016391481655,0.7288885107657703,-0.08701891760249611,1.2862766730463666,0.2344047588259571,0.23592592083217157,1.4502565373227359,-0.401772333983377,-0.1749735728296087,1.4479868303779104,-0.8324240892151046,150.94207341603314,139.68793237899632,66.57964624167843,71.46358355827238,178.7812469552502,173.04785017135688,174.94384653786923,171.0887277348474,141.96563794551363,148.6062718086609,94.96958729852211,101.27048237951163,177.34598515089218,177.77402265042332,87.29042606520301,92.7464789482256,114.9063022583335,108.25606522441156,167.7834008524085,150.76911596770967,118.33575567848045,127.84980399889106,0.6193156117550832,0.6396083950367639,0.7163749019290201,0.7240032377782883,0.19179821099329625,0.21078025715033652,0.2795217748911436,0.24817944588210716,0.2297361463686175,-0.14397279540104657,-0.009036331034418366,-0.675476309078843,0.6907083792896478,-0.06504201177340838,-0.0006400827151625906,0.1408680161433434,0.15516014621537227,-0.11777432996835285,-0.06888250806438391,-1.0759563588384375,1.08457257887225,-0.02176281231552808,-0.08620788801961873,-0.4116830541126765,0.42117497195372966,-0.0007877598947553495,-0.0008162277847973272,-2.2796552572677392e-06,0.0011343714758791333,0.001410939800205516,0.0024749271905244296,0.006966807170590361,0.007526780046632849,-0.01334654751108654,-0.00418477983617071,-0.08928942591396734,0.09037833973242025,-0.0010052723671073347,0.012619281882670393,0.08974924905976256,0.09063765527945686,-0.009072360707752743,0.004338684366710152,0.11333534077032292,0.11378062830891177,-0.009914832328682519,0.026838992958638216,0.1121801671697133,0.11577143580937631,-0.007071601810740004,0.01363522970854347,0.1294563955335475,0.13036443297890998,-140.55372555502527,-23.857491475991374,-60.59771869936177,124.51163784159253,1.9507394953148303,-5.15018941932277,6.293455180696131,-3.997981305380493,4.25580929206785,10.914044558553512,0
9,300,0,0.06122448979591836,0.8924227691057957,0.3741534650325775,2,0.9998743606336189,0.9994521737098694,0.5247260630130768,0.5081389546394348,-0.0002521444112062454,0.513735443353653,0.2618422955274582,0.0058769341558218,0.2466179304395772,0.15657363808973998,0.2921227614530525,-0.05587984644478897,-1.0966029766361136,-0.9461562763383146,0.3296242200079066,-0.8451071955356395,0.1374817235467018,-0.40487080199114683,-0.8411472947811607,-0.09551937500158127,0.4610580342654668,-0.7583769523743391,-1.9274260085293207,-0.5263975699427251,-0.7860240275968435,-2.232469666180319,0.5993796171572634,-0.7629103067457426,-4.319682292927638,-0.6409329170852235,-0.8211075342452265,-4.612516418117101,0.2484882357122985,0.0029079740076173055,0.10032607882768084,-0.2484882357122985,-0.0029079740076173055,-0.10032607882768084,0.24295223018502707,0.6453296668679306,-0.03489951383605002,-0.23010201302071817,0.6544153513041635,-0.42697612669317525,0.24932887933504502,1.2212839945304197,0.7434276320159047,-0.14348541998025993,1.2250252667310702,0.22730912378818394,0.1971789808867652,1.2905671077850163,0.7444000342841338,-0.08853375019563452,1.2927076884273059,0.23423147715398723,0.23695285046667372,1.4533875351281602,-0.4000984597281767,-0.176425081350925,1.4511347326430282,-0.8857124695649833,144.70292900240983,138.57101981643257,62.04535173229765,76.16911415140625,178.87195009430295,172.97081635815894,175.02844690729012,171.03456297706842,142.39663861699313,149.55810191547823,94.79479902121803,101.23814229466521,177.4693617751366,177.627976945596,85.46549369779095,88.82392834307068,114.60921213046323,104.735944872044,169.396920013699,152.51627113030673,118.70269855861912,128.8947117408496,0.604958022200273,0.6254677737968466,0.7000009640175946,0.6961458703037106,0.1917852650410509,0.214488988878379,0.2828552753882833,0.25486556628493934,0.22510293276466087,-0.20472861048000962,-0.01561018958020566,-0.09090331063341738,0.22454597269138682,-0.010373432244827497,-0.011939166197136267,-0.304154495694744,0.3045654429467416,-0.18846988677978516,-0.06669181496349733,0.07963002617679425,0.21519674132018668,-0.012388869897643132,-0.08360530013468728,-0.5108776377208197,0.5178216787960476,-0.008067088340645406,0.002561220482214173,-1.5123566584800606e-05,0.00846392304883242,-0.004981880757346082,0.0028094248985176653,-0.07034847929851332,0.07058059608528525,-0.013360336645325618,0.0020381230026928344,-0.18833199543739432,0.18881629444007542,-0.00016902809712424205,0.028974084711786526,0.08946279091621512,0.0940378493687612,-0.010304931384413988,0.011941390251045795,0.09867237575018584,0.09992510269272238,-0.0074212230853180385,0.04286463580914397,0.09453719231619763,0.10406599966445496,-0.009373497607103034,0.03042505748236357,0.1236315983444897,0.12766486865778195,-163.7845054478455,-8.107760593421727,-92.03972118334768,103.47141925872852,0.8948893372865402,-3.541112966985338,1.3854517064747942,-3.6901031995574245,4.5217007920847045,25.272643033140376,0
10,333,0,0.06795918367346938,0.8881032927469774,0.3640810251235962,2,0.9998305187080846,0.9991888403892517,0.5243562608957291,0.5081903040409088,-0.0002526016905903816,0.513066753745079,0.2630363553762436,0.0005434956401586533,0.24541504698885502,0.15577097221653727,0.29067703912388254,-0.05626127384111987,-1.103738529905016,-0.9818114732188045,0.32835931035613297,-0.8477879227716794,0.1194753990469872,-0.40603663350953545,-0.8389909807397465,-0.11399786058609934,0.44538434296666407,-0.7660077659765727,-2.0313065171599916,-0.5245099662930609,-0.7904648252903489,-2.4254194858409273,0.5782867481377144,-0.7778330558925302,-4.453117238646736,-0.6426312204418657,-0.8301745585270925,-4.960927820016472,0.24853465612364278,0.0030330641383045282,0.10007945729141049,-0.24853465612364278,-0.0030330641383045282,-0.10007945729141049,0.24406815826605233,0.648425190088345,-0.0517335223494785,-0.23107005894340646,0.6588583647735989,-0.43999490426388366,0.2518196297568537,1.2310193650289705,0.7546800312752125,-0.14328857110440582,1.232455772038998,0.2546391712497949,0.19951329397485654,1.3005100909706182,0.7560956252500485,-0.0879662932376855,1.3022518241816352,0.26464570434543594,0.24244638195737164,1.4611768800328515,-0.3988324365498499,-0.1774179502553692,1.4589145133602412,-0.8664292350066797,139.9685115510275,139.14471241923707,60.41298492239414,78.39616864860719,178.8412045408484,172.81059560256887,175.03667180220305,170.84149082047705,142.2685918985833,150.2995388918813,94.66065197231559,101.36914966353935,177.54619077272702,177.8856845222596,86.82787800926297,90.29862970380186,112.60491918125727,102.43635340150014,167.09174411858203,150.5386555612752,118.44469109681633,129.72383358184268,0.6265587711299295,0.6729070272764077,0.7050323531587771,0.7379036883850574,0.19272526178226665,0.21634414368571966,0.2891877008530407,0.26309661567788256,0.22401462210917777,-0.19842747485998904,-0.049946434570081306,-0.28590541897398053,0.3515821635183764,0.1038154869368582,-0.008111198743184406,-0.7042053974036014,0.7118628299085102,-0.26619705286892975,-0.11201202869415283,-0.15152403802582712,0.3261396934258935,0.05435582363244259,-0.03910696867740515,-1.0496432130986995,1.0517769655996743,-0.011435060790090849,0.001919088941631895,-2.6062921141133163e-05,0.01159500741331481,-0.01810536240086411,0.00032782554626464844,-0.14599562255722104,0.14711435491863448,-0.005786166046604965,-0.0004127170100356593,-0.06736442446708679,0.06761372446945293,-0.0033559221209901752,0.017228451642123135,0.05863764972397775,0.06120829783958246,-0.003401528705250133,0.011473894119262695,-0.054226228685090035,0.05553111309167477,-0.00426173210144043,0.0160110719276197,0.08054687218232588,0.08223329862733103,-0.007685838323650938,0.0217331178260572,-0.062034324263081406,0.06617898388427944,-180.8090359872458,0.13607165754013872,-78.17409400433992,20.85156788963874,-3.6030087204504855,-1.7917491564303694,-2.4240728342034985,0.10519125299104168,-8.221876767578351,21.923899483786094,0
11,366,0,0.0746938775510204,0.88363895723314,0.3552704155445099,2,0.9998180179884939,0.9990260601043701,0.5239713490009308,0.5082656145095825,-0.0002538645640015602,0.5136366933584213,0.2637697458267212,-0.000947931781411171,0.24471517451833366,0.15494614680016883,0.2896443078117676,-0.05427751096894291,-1.1081820631443045,-0.9657454838786503,0.3308295656062021,-0.849916173617338,0.11594257597421818,-0.40219057884748893,-0.8383329104402913,-0.1207351246188176,0.42239410038963804,-0.776684671628045,-2.0090608719494587,-0.5046402489596178,-0.7950355048816965,-2.4120309668734587,0.5464569238084621,-0.7953994368197402,-4.391166517221338,-0.6314258224334359,-0.8374820896329168,-4.891156936321715,0.24810229016534507,0.0033092391833088007,0.09989009843856497,-0.24810229016534507,-0.0033092391833088007,-0.09989009843856497,0.24351121211176513,0.6504890856387456,-0.06845959943401869,-0.23078378067035707,0.6594837710105039,-0.44597381540851094,0.2533033169123724,1.235222862281769,0.7631565056794365,-0.1428826421894684,1.2376848819067368,0.21690382413758927,0.20050077465472643,1.3048214242460552,0.769129588772834,-0.08843700433707524,1.3082841795310212,0.22210621421460786,0.24510152368496396,1.4661804289412004,-0.3990654631672212,-0.17779613421238857,1.4638776874163433,-0.9425118713997043,132.7695326272516,138.58000054583022,56.88586152801121,77.5453176321224,178.6341515187532,172.85256091383454,174.8684581002327,171.04150559976583,141.85399475033296,151.00507928140811,94.77381241312904,101.2194465676261,177.5246289874206,177.90640002215386,87.20366270801718,90.80556445229821,110.52554174098462,103.58883442123872,165.57148805076724,149.77585686425277,120.47281418801607,128.4161507654822,0.6164313137144187,0.6644422262832298,0.6909197157685153,0.7191082398083936,0.19369484271065274,0.21662769537169502,0.294469392459785,0.25604456873218073,0.22313311644665215,-0.12100454586655346,-0.041754388097506846,-0.0002677760907073519,0.1280062527761938,0.14961522016952286,-0.002793411710369053,-0.270847953967194,0.30943679713888855,-0.19584395992222114,-0.09380570098535337,0.2868264468748178,0.35975516230097765,0.15724550432233667,0.005878619293668377,-0.19721486675205513,0.2522982569547732,-0.008624658655764452,0.0005142012638832206,2.6188234784709873e-05,0.008640013060862404,-0.011863993174994168,-0.001563065087617333,-0.08587526685711162,0.08670501118334839,-0.003631435223479769,-0.006407944124136398,-0.1348857559374909,0.13508669891780145,-0.0014643170940342233,0.001737430914124446,-0.02954966986357276,0.02963690064395021,-0.004374269229262622,0.005694467629959334,-0.41366268449754856,0.41372500255435024,0.003871633045708955,-0.000512422020755597,-0.023354122887796428,0.023678411573124534,-0.005646428065513497,0.007854468786894385,-0.44169605000695183,0.44180196403090716,-123.95545141008715,-39.00220830419571,-28.71586615320535,-53.772037923974885,-2.0360163792573265,0.0013886946160696493,1.1308581946902496,4.575926436457614,3.185466930413223,4.296593076630378,0
12,400,0,0.08163265306122448,0.8822779565146475,0.3542468249797821,2,0.9997809402870409,0.998768150806427,0.5237784087657928,0.508224755525589,-0.00025084707885980606,0.5130360275506973,0.2638641893863678,-0.0037608295679092407,0.24462175907945016,0.15460329214661417,0.2893820708988307,-0.053642251614072586,-1.111582470346966,-0.9538346348210772,0.32530961922813395,-0.8508068580678899,0.10322331511813415,-0.39955320440761183,-0.8380369972561723,-0.12748178060044485,0.4213583421524113,-0.7792219612873548,-2.040464558626207,-0.4902201842398707,-0.7947679146185138,-2.4989879990110504,0.5375280716087554,-0.8031514956967573,-4.406642445095666,-0.6071034011934209,-0.8326475302088578,-5.028794479885256,0.24778417693643467,0.0033498279188259217,0.09974164571903547,-0.24778417693643467,-0.0033498279188259217,-0.09974164571903547,0.24441035326315597,0.6508459107976869,-0.07185360353033773,-0.23094801411263718,0.6602040490621403,-0.47319972462439663,0.2546043264767036,1.2368113180117386,0.7512095473268184,-0.1429456958714166,1.239170316945198,0.1599981841548512,0.2032993437351909,1.3060921074344514,0.7540659174883027,-0.0876703941356352,1.3097788027902522,0.1635589919125865,0.2542727113293301,1.4696129784093375,-0.4231688598019891,-0.18359450391447094,1.4654754100363936,-0.9842156286379544,131.66349630655165,136.53156446285595,58.48902189012938,74.79344210770087,178.70479144343815,172.81068864510814,175.1124393012473,171.1480778917197,142.482018182921,150.58741062801553,94.41155943244982,101.0799019354085,177.4985521232472,178.0446856130076,88.09662748081313,91.23513840012592,110.60086591139712,103.1268993897973,164.6116931134651,147.63555880182943,119.12902447158764,128.3257510243335,0.6213126369127732,0.6868868842991466,0.685589172730217,0.7329435696604233,0.1938444091188127,0.22039786508921771,0.29238937694821,0.24958862880738186,0.2201613819498507,-0.017951673536158317,-0.0022156025046732885,0.761010753574656,0.7612256817353663,0.040041866587169135,0.006196659002731095,0.8505796318623556,0.8515441619796834,-0.08571948578108601,-0.023544724307843108,1.9997358322143552,2.0017106641388875,0.0939511541110366,0.036377515365828325,1.5864532385299455,1.5896490244784032,-0.011104256359498892,-0.0007423891950009473,6.405275259444963e-05,0.011129229702429574,-0.0013086333203671582,-0.0025425384293741252,-0.059129725863684465,0.05919883025488337,-0.005930662155151367,-0.011238589215634474,-0.07080342342604452,0.0719347163058566,0.0018868873368448286,0.0008460301071850221,-0.22561425593361925,0.22562373233160748,-0.00207548710837293,0.004939178922283115,-0.2556591670014965,0.2557152963885078,0.015509662343494927,-0.00312790941836229,-0.24268075601378483,0.2431959760825842,-0.00022196058017104418,0.010323168626472132,-0.2664156369308927,0.2666156572264333,-27.813665942932513,13.806455151741424,25.198883981891605,-9.918285571058346,4.90783972498799,-1.7353384402575394,-3.3096834364193874,3.4371703194034944,18.667624563069484,4.44644840921956,0
13,433,0,0.0883673469387755,0.8813828943353711,0.3493102490901947,2,0.9998115481752338,0.9989099502563477,0.5232273638248444,0.5082158744335175,-0.0002495730295777321,0.513227567076683,0.26437705755233765,0.009140144567936659,0.24422434634896487,0.1516193284968107,0.28746121846851436,-0.053418461450336775,-1.1163638172560109,-0.8332270114952368,0.3281790336149356,-0.8545768835529114,0.10966569064643543,-0.3977522219666478,-0.8419219915319549,-0.044337103732769036,0.424005959933148,-0.7829264781959243,-1.846960850861981,-0.4965517996719758,-0.7994559874627454,-2.2321149942893497,0.5332159861104608,-0.8067546537220465,-3.958441361951858,-0.6117353280158855,-0.8351905270212991,-4.55855470436641,0.24771870265117804,0.003012462293984578,0.09041751243334196,-0.24771870265117804,-0.003012462293984578,-0.09041751243334196,0.2476436425038523,0.6550095764339233,-0.08277609266807642,-0.23133060504313097,0.6620457395260576,-0.46587814065363553,0.25825490797220446,1.244973833127054,0.7163522518086946,-0.1418633674229912,1.2484085605868642,0.1589484053673762,0.20822649038568714,1.3141747272949997,0.7183929236455546,-0.08657223823626582,1.3207988889707354,0.16168324101492434,0.25040365803162384,1.4797748295673985,-0.43612876661330024,-0.1835914182758129,1.475773418730126,-0.966400819100194,130.90601700907513,139.5050330409969,58.57418675479795,76.8807924988615,178.9629767803274,172.73629323833728,174.6467093099926,171.27179601116586,143.1047255960586,151.30299132482583,94.66315751957912,100.83650721655697,177.25512545516256,177.994716248281,86.89785912634514,86.27002731932569,111.55934659384195,103.78653005515146,165.41214440208265,152.38360190698876,119.61214863702659,128.71231495725752,0.5635049410924716,0.62966060793323,0.6078186862558534,0.6696591515118958,0.19392370449739355,0.21959133407066797,0.28555427658043436,0.2476564662569137,0.21335223581213647,-0.03876198421825062,0.008923989353757916,0.7561445236206055,0.7571899825063418,0.008255694851730808,0.0028519919424346,0.8952762141372218,0.8953188202843729,-0.0866136767647483,-0.019938656778046578,2.0053440874273125,2.0073127280064016,0.00786826466069077,0.024908419811364376,1.2801054752234255,1.2803719641819957,-0.016259198839014225,0.00038878484205766154,5.079941316084428e-05,0.016263925759803285,-0.0015668796770500414,0.0010141820618600557,-0.036728116824771416,0.036775511453561165,-0.004493377425453879,-0.011537111166751745,0.04771848519643147,0.0492985720300661,0.002652406692504883,0.01638766491051876,-0.18769525217287467,0.18842796637102707,-0.0025386160070245915,0.014380072102402195,-0.010251886013782385,0.017841866823317405,0.01098260735020493,0.015052882107821377,-0.20465751489003497,0.20550402751509672,-0.005561293977679628,0.030415527748339104,-0.013681918834194992,0.033811643288986434,-78.22877322436695,65.78798497558968,-7.809479854662572,29.39175128902217,7.837870066444366,-0.2936136743365771,-10.997305671024677,1.0493711358483806,12.442119656785769,25.694009167129693,0
14,466,0,0.09510204081632653,0.8785891000068549,0.3455480933189392,2,0.9997372699506355,0.9987735152244568,0.5227053016424179,0.5082504153251648,-0.00024749431759119034,0.5125689655542374,0.2648977190256119,0.005847514607012272,0.24363995821569576,0.15020111907409017,0.28621810811067666,-0.0518806134959859,-1.1205704075114327,-0.8302120028030912,0.3269189664514405,-0.8574932023093519,0.10169314161951452,-0.3977484199412313,-0.8429770992094586,-0.059103181362725986,0.4208272027322517,-0.7858676127592661,-1.8886704176110247,-0.48998629071337757,-0.8029855793007826,-2.3201797025244995,0.527246832778813,-0.8167172082863335,-3.992947780304699,-0.6082509176141158,-0.836197864252929,-4.789212538503232,0.24699652710323475,0.002893828588506178,0.08850123556229683,-0.24699652710323475,-0.002893828588506178,-0.08850123556229683,0.2505001088658303,0.6581848191321688,-0.08112887481555543,-0.23078787997246322,0.6647521606957216,-0.46743880001866933,0.26177970959034447,1.2541727320168716,0.7162207046678565,-0.14136199591812054,1.2560948706086903,0.15939113333445765,0.21182847134013885,1.3239115853110661,0.7151972647860045,-0.08617266969391549,1.3311815591182588,0.16220036075254926,0.25852186168889146,1.487037011053731,-0.4671912960407304,-0.1850477495808124,1.4824971820936392,-0.9786875254409609,126.50039727374343,140.87357147124487,57.97359621972165,76.73329769277633,179.22209086782348,172.79131014260193,174.38661712695966,171.2173363866857,143.30319808026886,152.2832152330461,94.63579727082359,100.84462835164427,177.09599706518122,178.1720492536366,87.32633817875106,87.44507459856159,112.26536133489323,103.8038174950857,165.27609530257982,151.16674745949967,118.06723804367233,129.244223063638,0.570680156274945,0.6478004343035083,0.6031166387060614,0.707555982450767,0.19374089397918162,0.21977517285018225,0.28494089713428156,0.24797110901366812,0.21249819969097924,-0.04988463956918289,0.007475934811492464,-0.12149205848352232,0.13154728100883187,0.08004503463631245,0.0018513024742923565,-0.36346467573251295,0.3721789964467643,-0.05621518661726766,-0.04162450334919032,-0.43213011613532676,0.4377547072923511,0.15776593293716656,0.019901724004033786,-0.9604870383419207,0.973561255924198,-0.011437642040537363,7.739707605162663e-05,2.37834764950311e-05,0.011437928632781515,-0.000949226208587191,0.0024580243808120044,-0.004168516441957274,0.004931474787383911,-0.0014572001215237289,-0.0015470518994687207,0.0050056781341780475,0.005438162865969239,0.0024944988649282882,0.01535308894826405,0.036979566759137966,0.04011767967534984,-0.0032230989256901528,0.011597106705850629,0.07464720019653662,0.07561141281455787,0.004451666305314249,0.015652891415268627,0.04405139097526892,0.046961211541101285,-0.008121355256037925,0.02206439402566027,0.0827498733997345,0.086025202368762,-85.76401300306468,-55.707516908368156,-3.2333435700404554,-45.153382863170776,5.178273279353161,1.2586276275070682,-1.9202592833058152,0.7647043684841461,3.0431112977130024,20.865958178964704,0
15,500,0,0.1020408163265306,0.8745284134691412,0.3359549641609192,2,0.9998140190586899,0.999064028263092,0.5224610418081284,0.5082210600376129,-0.000247979536652565,0.5119635313749313,0.26528631150722504,0.007757722400128841,0.24329319972477337,0.1499584245958479,0.28579557403778505,-0.051598598414540155,-1.1231267235633728,-0.813263872214178,0.32301405318580956,-0.8561858053793138,0.11385154218027242,-0.3964757257014878,-0.8438737518640007,-0.05782756795509445,0.41746385138246284,-0.7857549863088461,-1.8862124785476195,-0.47799916597389175,-0.803699432294008,-2.330337777376528,0.5258262731797736,-0.8212328125891297,-4.082822809084401,-0.5756336283445251,-0.8354106163140318,-4.810298128174031,0.24681673954569797,0.0027874675191441518,0.0888966508391394,-0.24681673954569797,-0.0027874675191441518,-0.0888966508391394,0.25154576771498405,0.6593851343364231,-0.08424133450639494,-0.23033907438146609,0.6655233816166184,-0.46742540180280584,0.26302620051033987,1.2558107927175497,0.7291908887643442,-0.1407643984768149,1.25838501078562,0.17736898610639157,0.21316503766013403,1.325485280116312,0.7329013249345656,-0.0862993416095422,1.3336511177763,0.18201929707304726,0.2609158130331621,1.4894024686898049,-0.4573229045803044,-0.18449920179128626,1.4855733636318955,-0.9664198365321951,125.1598281378698,135.77262940813623,58.35755273560524,73.85551584702905,179.30992109004407,172.82062128938026,174.5180519380111,171.3230312038543,143.30861405300539,152.70101052281646,94.42224023086307,100.73640191005204,177.05878780326373,178.24439826347557,86.57662213648133,87.2820592092604,111.48047748846206,103.12648835635255,165.81265659386344,151.350225545017,120.57393361301989,129.8649927657618,0.5726003552758581,0.649992552581316,0.6286267113744937,0.7093686472615678,0.19407174027195231,0.21956000514768448,0.28828931360879834,0.2516410694849743,0.21142901703228653,-0.03029695197717467,0.003999293740115949,0.28433283763145334,0.28597038693732146,0.05601991468401097,0.0026715335561268362,0.027655665554217435,0.06253162216024871,-0.029977577835766236,-0.014988344107101212,0.02845721458321187,0.04396724569275707,0.14288300898537706,0.013934142553984228,0.2585364811456025,0.2957208593734649,-0.004254615128929935,4.8484375227743115e-05,5.560134773823752e-08,0.004254891377350569,-0.0007775292467715135,0.001376244559216855,-0.03875608542072239,0.03878830697458565,6.0049455557296524e-05,-0.002891270082388351,-0.007001766517980774,0.007575472460430655,0.0015755197895106984,-0.0003167052767170009,-0.004389615201238376,0.004674535961395875,0.0003936575419867216,0.0019037901465572527,0.053056084842824223,0.05309168976432615,0.004366262635188316,-0.002676871285509707,0.01314638265922888,0.014108765583902151,-0.003705718624058054,0.0014358492039922457,0.0661953505295426,0.066314541732461,-14.189253362080457,-65.16409037532176,12.963973116530896,-42.03840748286664,1.149043890479924,0.5749131799321805,3.28551944669844,1.9908989051686345,1.3063771289499024,6.41699301183835,0
16,533,0,0.10877551020408163,0.8711492310870778,0.3302910625934601,2,0.9996896657076749,0.9986504912376404,0.5224202424287796,0.508253663778305,-0.0002474905923008919,0.5117184370756149,0.26560427248477936,0.01131998747587204,0.24316056892883195,0.14985660151017283,0.2856292409715293,-0.05221305007286937,-1.1236831548257666,-0.7955040807350376,0.32123025062007105,-0.8554019628938166,0.1324732068710278,-0.3961651929723591,-0.8436495100449242,-0.051476751264257874,0.4155860542672271,-0.7865610550159233,-1.8258683025705893,-0.4768578846038399,-0.8040257652590852,-2.318475926393409,0.5222999997357076,-0.8219281783858563,-3.994504645011041,-0.5749908711090511,-0.8346646540941812,-4.738441368941522,0.2468195083362581,0.002663883747659056,0.0888175677114767,-0.2468195083362581,-0.002663883747659056,-0.0888175677114767,0.25183217149105175,0.659853217445237,-0.09038715512291783,-0.23025159339336382,0.6654330684129747,-0.47004491075283844,0.26368698108102184,1.25667273306575,0.7166676158214499,-0.1405630901966517,1.2591196956465378,0.1721650851450663,0.21428738497837505,1.3260017396538992,0.7197554818498113,-0.08622157290705088,1.3342514217028754,0.17806217940663335,0.2643151029783587,1.4907635389630105,-0.4597998461183689,-0.18505279724232493,1.486654035798806,-0.9595883535424286,125.54971729848404,136.50757741609831,58.84218241852922,73.91672439142427,179.29907680848564,172.82982932565739,174.60674692988846,171.350726613332,143.3907253479085,152.71315376483926,94.33788197587538,100.68820151947327,177.05528241153326,178.25136211005213,85.33692836641275,86.86964886312502,111.23344051335542,103.09872243624382,166.55438172096163,151.5887748483441,120.40947407307904,130.69902794187533,0.560353582910551,0.64803015629239,0.6202577101619918,0.6918363321291866,0.1945714439688977,0.21976053197839668,0.2867227464322263,0.25111692438631,0.21156469951916654,-0.019823059891209475,-0.0005608255212957214,0.21810423244129545,0.21900393703658033,0.09484814875053645,0.008945212219700675,-0.07797371257435198,0.12311006455886142,-0.032777136022394376,-0.009649179198525176,0.13439763676036498,0.1386728959523338,0.12463421532602031,0.010034803188208387,0.19013159202806892,0.22756187552418994,-0.00200172265370687,0.0005590193199388913,8.470802144570791e-05,0.002080041257120988,-0.005086263020833337,1.2643409497810143e-05,-0.02170907277049442,0.02229695207707822,-0.0006064321055556794,-0.003723484097105087,-0.13921951705759233,0.13927062153759953,0.0023281935489538963,-0.00011740308819395133,-0.03253216996337431,0.03261558448368482,0.0007947285970052089,0.0003115697340531785,-0.2101722991827764,0.21017403268010193,0.0039591933741714045,-0.0012128642111113588,-0.03553656014529144,0.035776994825286734,0.0001232732426036489,-0.003005519057765154,-0.21270775433742656,0.2127290226940601,-8.609896236470286,-120.34581060517364,9.70426319474452,-104.84412843039969,-2.841755749950851,-0.38893295167564607,4.739535363872902,1.4130794482765185,-0.8722878588185509,-2.7844699912941127,0
17,566,0,0.11551020408163264,0.8694815211223833,0.3302730619907379,2,0.9997705112804066,0.9988698363304138,0.5223289281129837,0.5082579553127289,-0.00024238880723714828,0.5114564448595047,0.2658361345529556,0.010933104902505875,0.24292270732115043,0.14978239408667843,0.2853878191348999,-0.051896318069375794,-1.124723325511874,-0.8186104696707459,0.31850952008710753,-0.8559156850470023,0.1359866891051458,-0.3947039651509292,-0.8429782726182541,-0.05766874446672742,0.4139388749887747,-0.7871366332510689,-1.838487329426027,-0.45628420621154164,-0.8029083111168506,-2.351719427202802,0.5194603075723917,-0.8247669606512978,-4.057594464368855,-0.5471697138822222,-0.8344128198367867,-4.773219910433655,0.24672086916456465,0.002666137241549848,0.08936137923893935,-0.24672086916456465,-0.002666137241549848,-0.08936137923893935,0.25119182603502466,0.6602008899353545,-0.08940181876918847,-0.23034549620680062,0.6654838746617658,-0.5003093345613326,0.2644033605216268,1.2574486311169135,0.7226896204460623,-0.140318799889945,1.2601257332407776,0.12899747731663244,0.21484814925377402,1.3269693266670866,0.7257105499510631,-0.0859312083450675,1.3347322544906082,0.13306807239488117,0.2656431232152807,1.4920616073066586,-0.455990585590644,-0.18390222296715616,1.4885346745897223,-1.0179934356262814,124.59157498626276,127.82980590819477,58.99803410645838,66.93580337062268,179.12236521054731,172.79495171456966,174.8308612720267,171.41629444744055,143.25104305432336,152.51723550339105,94.16042707600026,100.6067903889712,177.03654853201678,178.15068590604812,85.15109921326109,87.15520591724663,111.12597391126798,101.84361182996832,166.86133978983875,149.4486444924065,120.19787280707986,130.10462766724768,0.5644899621008472,0.6550297832703479,0.6341126795469662,0.6916117696528724,0.19446792172932453,0.22391049119823256,0.2877145072187758,0.24842363131584191,0.21094451396932565,-0.012491176377481499,-0.0004256839182839468,0.32018458665306915,0.3204284322969614,0.125086574412104,0.013991967955632007,0.13432929764932672,0.18408363988249382,-0.02736920741067006,-0.005478734400734977,0.4154995306214293,0.4164360094799081,0.1696970925402287,0.012586810695591267,0.4977290310076817,0.5260130410245922,-0.0020143256258608705,0.0017570025885283072,7.839790031091497e-05,0.0026740815346335497,-0.007336709036755923,0.009023431521743099,0.014830325076829153,0.018846436209586964,-0.0011298193860409874,0.00572471476312894,-0.135911489600566,0.13603669305157715,0.0004937399679155496,-0.0022035926135618314,0.023837854613119117,0.02394458001549966,0.0026350590720105546,0.0022987821208896937,-0.3214859361968826,0.3215049534734082,-9.163102107261551e-05,-0.00367502668010655,0.018599762845395232,0.018959572654689838,0.0023761791969413204,-0.0022356189898590562,-0.3407312028888449,0.3407468222037045,-2.7505877523626627,-203.64088574595056,10.288323223791098,-173.37132040828345,-3.7921409507816044,-1.7347906754372657,5.397215153142749,0.9967447684225631,-5.860379416884688,-3.9305726203363536,0
18,600,0,0.12244897959183672,0.868333997148456,0.3262627422809601,2,0.9998088840282324,0.9990498423576355,0.5222852826118469,0.5083713829517365,-0.00024223793298006058,0.5111881792545319,0.26598984003067017,0.01820018608123064,0.24333532636105173,0.1497014878021337,0.2856967212017176,-0.05181741381293649,-1.1239585648554713,-0.7780756266751333,0.3163338461167566,-0.8549355879010286,0.1699828951835862,-0.394018345334232,-0.8418395231436067,-0.04087799025757317,0.4130309222380844,-0.7868871444247025,-1.7503675247910786,-0.44693825953285954,-0.8009665823617923,-2.2864445417352637,0.5162305495981704,-0.8234309274331644,-3.8961389169514384,-0.5345862578362364,-0.8319277640701287,-4.620615923164928,0.24632794027525953,0.0026797362482748094,0.08919679867400185,-0.24632794027525953,-0.0026797362482748094,-0.08919679867400185,0.25052451426677713,0.6614014455441146,-0.08690626649851418,-0.229989779578082,0.6662063819397717,-0.5018254775216521,0.2642128769889974,1.255447096165313,0.7220702774186203,-0.1394395421101016,1.258949352570762,0.09671294823073363,0.21468767090386626,1.3244146550639424,0.723929006070568,-0.08517157109585437,1.3329999504318242,0.09809535712869445,0.26549886665261735,1.4894431800118073,-0.4548288559146314,-0.18355927298602445,1.4866515142608503,-1.0279067100294417,125.36542791907574,122.86363807111964,59.53150007452322,62.300845924069286,179.04500336478327,172.7135983504031,174.96836034514902,171.4175085128163,142.99807992697723,152.44980539927673,94.04334455152899,100.60499653168702,176.99577700630093,178.02834639295784,82.85826296760135,85.96273465838374,111.32568740274064,103.10299929803699,169.19747350139198,150.45795798521445,119.35972907415962,129.6470154829234,0.5496768276149856,0.641835361252176,0.6138372390862437,0.6673937049641319,0.19480749833127314,0.22458342881133472,0.2867690221005713,0.2420496779687502,0.2117307741211444,-0.011892461065036136,0.00013833615317273483,0.34436094227121805,0.3445662611588602,0.06101958787263324,0.009449560250808935,0.24750873224059125,0.2550946036834656,-0.04997182248243641,0.0093036623143438,0.5163968499027077,0.5188925204357018,0.09590164938969391,0.020710390005538693,0.5716619206898242,0.5800201704911858,-0.0005404451000156682,-1.0675458765741594e-05,2.0864405738773612e-05,0.0005409530432280023,-0.002737365551848907,0.010590055095615662,0.09207802810775692,0.09272543177200901,-0.005419129755959577,-0.006828735123819374,-0.09946369413119635,0.0998450050875225,0.002255190664262912,-0.0013566728848129943,0.0102084074447404,0.010542202274970663,0.0024442352465729195,0.0024117640594937886,-0.2983350362350689,0.2983547967390488,0.00037364105680095583,-0.0036385521959902602,-0.0014672083641166104,0.003940985930703968,0.0021858001822855915,-8.184518387068556e-05,-0.3198929019828338,0.3199003800561511,-2.6241289887717936,-115.7360749108485,2.354752842595413,-113.8355681777058,-2.2216460281228247,-3.7924995742292196,3.5812080592424516,-1.7689384080509143,-8.506114391482507,-0.6302203519162533,0
19,633,0,0.12918367346938775,0.8678331492525159,0.32470691204071045,2,0.9998294638864922,0.9991963505744934,0.5222927182912827,0.5082572400569916,-0.00024099089205265045,0.5109991729259491,0.26610586047172546,0.017923890613019466,0.24309421573139042,0.14988382934636502,0.28558704456188144,-0.05259383242226718,-1.1240079059964978,-0.7751505952433142,0.3149326405598819,-0.8548495246145027,0.166468633080395,-0.39402268039455973,-0.8409653535201136,-0.03925780996382941,0.41098687756864105,-0.7865525682067038,-1.7564210764692556,-0.44152364299537133,-0.8001287888704247,-2.2920171060484336,0.5075011096632644,-0.8220064181277258,-3.9336197684147924,-0.5241622610729743,-0.8289694789499336,-4.635780561229347,0.2463639447683283,0.003077312860038784,0.0903117728338283,-0.2463639447683283,-0.003077312860038784,-0.0903117728338283,0.2505011873214531,0.6622273128910611,-0.06774242909679692,-0.23132936854087033,0.6634200859925649,-0.5232998420307677,0.26487478149948634,1.2562556583456541,0.7245755156421517,-0.13952069416217044,1.259814985112591,0.058911857882677054,0.21491271996377848,1.3251925171732624,0.7248551859756627,-0.08523167340679938,1.3337844489789674,0.05792204143784762,0.26679636714175137,1.4903831390087616,-0.4520908182752862,-0.18240156546614267,1.4878093371036445,-1.098206302381862,124.41575834401505,120.07548888916791,59.15580254691227,59.308820302716384,178.97351492666309,172.5408542430963,175.07080221199595,171.29777557410114,142.68113339009403,152.47501073981266,93.85393803235743,100.7100999819311,177.01896522733324,178.07754410683364,83.15284766447472,85.75405058408542,113.37855333971915,102.72162981090104,170.27189572012816,149.33065535372359,118.6704534269332,129.09857896121645,0.5501829577695461,0.643607546167525,0.6224727259473924,0.6698150567828578,0.19358440874544552,0.22702346688837835,0.28283846539395,0.2394654047502386,0.21085798502400413,-0.003429976376620203,0.024454160170121603,-0.11351523977337452,0.1161700492742292,-0.003817858117999449,0.001961534673517399,0.13145081924669658,0.13152087872087945,-0.028864000782822093,0.010445713996887198,-0.39120515187581345,0.39240758700141587,0.0239064296086629,0.014070760120045043,0.04628932837283969,0.05396485512070226,-0.0034703901319792746,-0.0012264107212875818,1.930377700112081e-05,0.003680769425165717,-0.0008579456444942582,0.005898150530728422,0.07487144885641149,0.07510830915598007,-0.005481369567639895,-0.02339662927569763,-0.08881159804084077,0.09200514996656085,0.0018034920547947723,-0.0015343680526270997,0.014287052732525438,0.014481945473402154,-0.0019412149082530612,-0.0005021239771987448,-0.10109980675307179,0.10111968833672778,0.00016887982686360662,-0.0010746898073138603,0.008274659965977517,0.008345865810712321,-0.0037600596745808886,-0.0008606549465295033,-0.1032850846196665,0.10335708722958993,-45.16820487173865,33.7821696232953,-3.323092083662731,28.304754201731566,0.7079612550214589,-1.349241448282051,-2.1145044535638178,-0.9505761283571348,-3.452312614773705,2.7651965294058853,0
20,666,0,0.13591836734693877,0.8660175592610331,0.3203712999820709,2,0.9997747522411924,0.9989113807678223,0.5220562368631363,0.5082904398441315,-0.0002409638836979866,0.5110961049795151,0.2669331133365631,0.0174511494114995,0.24225295544665174,0.14954911274920266,0.28469533109398043,-0.05348243739881618,-1.1239225248580322,-0.7923302503669273,0.3168596252477383,-0.8530450152140502,0.16186008334176755,-0.39385514070986705,-0.8425031736524135,-0.03757203669756624,0.4144930901843337,-0.7837015049798421,-1.7828446313281814,-0.4485908768663959,-0.8030448588613556,-2.2640175597033423,0.5121594250987885,-0.8236213603198876,-4.000539536830516,-0.5301199369181275,-0.8313077010660819,-4.626141891742423,0.24652143179817962,0.0031916329775653796,0.09055815313292406,-0.24652143179817962,-0.0031916329775653796,-0.09055815313292406,0.25201134618944987,0.6653795294244931,-0.0698592201664933,-0.23126494672433875,0.6634100524708405,-0.5241839846475627,0.26636484900528035,1.259791625154482,0.727917740591148,-0.13957550434447258,1.2635455022437763,0.07361101016921574,0.21628649560334695,1.3291083369354033,0.728389173537931,-0.08553830755818524,1.3377734493153093,0.07449167564886658,0.26562370428157134,1.4939799586198743,-0.4542211265662043,-0.18212474855035451,1.491719676575478,-1.0829155100482464,122.38432639754099,125.09326126625713,59.31217599700148,64.16895970138357,179.0917288076147,172.62454841481647,174.8288030512138,171.35477048834474,142.77022729440216,152.63230837021752,93.95444480000009,100.69807516797442,176.9099919965838,178.20735947505196,83.46477997863039,85.68700227424668,113.0754124190585,102.11542256104362,169.7660614183929,149.43220559075058,118.69983710259058,129.75413202684078,0.5546970723010403,0.6341496717214177,0.6320815333615302,0.6729343207372213,0.193981104140751,0.2264396453458032,0.28326539388512123,0.2425644932923772,0.21017376696262122,0.009306331179035251,0.023394823074340838,0.08493572918336789,0.08858895889784463,-0.030236457710835496,-0.0007997697858668091,0.4652854221970291,0.4662675274085438,-0.01001713880852088,0.007961223374551808,0.0033165091898903942,0.013218297194998781,-0.016881903605674643,0.028122272064436748,0.5209784009563393,0.522009918601593,-0.0046522759679538134,-0.0026497378278134494,1.964117608853242e-05,0.00535398617984248,0.0012214504071136028,0.00022863274189963286,-0.08322126162585934,0.0832305388702214,-0.0031158995272508334,-0.010413020404417132,-0.022671783148352796,0.025142584889638206,0.0034410562088240467,-0.0007268208176342414,-0.22026095817338193,0.22028903475159525,-0.0019153552268868076,-0.0047683715820312535,0.09667865042366205,0.09681511969176165,0.006019179500750646,-0.0014438557980665531,-0.23250437494534182,0.23258675716848531,-0.0037239558661161993,-0.006469328012039417,0.11471959192361414,0.11496218866801682,-36.21623144039582,147.66742706407928,7.789374825985496,91.58992005666052,1.886773446956053,-0.4482173660596634,-4.1729716899494464,-0.00010733322311868664,3.1930955873998434,1.102420461218847,0
21,700,0,0.14285714285714285,0.8635962759003495,0.3162185251712799,2,0.9997800534421747,0.9989537000656128,0.5219810158014297,0.5080797076225281,-0.00023967493325471878,0.5109782963991165,0.2671496421098709,0.028169741213787347,0.24284861792481985,0.14923927140198337,0.285040017114422,-0.05265702225681197,-1.1188869531547079,-0.7656271830637486,0.3159850533156599,-0.8512962199810947,0.19362982265850154,-0.39318627940102374,-0.8392037171974942,0.005706512180671828,0.4150566492209431,-0.7819401641306901,-1.7398319413498011,-0.4483846646441624,-0.801229492390514,-2.18705285799572,0.5072140314679133,-0.8210897948040964,-3.9403939324210064,-0.5280428256570432,-0.8233272690561438,-4.522223391167531,0.24616832870102537,0.00301034386284812,0.08901840648600755,-0.24616832870102537,-0.00301034386284812,-0.08901840648600755,0.25236257751356267,0.6641747845141655,-0.08743860198030594,-0.23141218600877253,0.6628684759485074,-0.529637846163901,0.26728548522600315,1.2591185608043491,0.6741880731805701,-0.13914512570150334,1.261734732801299,0.08174507298249742,0.21783354028037755,1.3280191756341033,0.6715904073958917,-0.085177037632376,1.3354463354924417,0.08499396531955988,0.2685687917199111,1.4936911791941385,-0.5120604470940724,-0.18242571935147006,1.4906266759078064,-1.0656784398909904,121.98927083750853,129.96920650246122,59.6776906602533,65.44534494651263,179.09992874760914,172.5108236795703,174.79121310876934,171.2977683827752,142.89507079444982,152.54887291071432,93.97139199498106,100.67234522009284,176.88366520148554,178.38319060774822,81.2458670767143,82.90913264501384,113.05666078169972,100.9644504740572,170.52080264677022,151.70374772067674,117.82020583027254,130.5055949037751,0.5521909977123317,0.6253158599229015,0.6278972075990313,0.6660339942774343,0.1950627497155292,0.22763222187384255,0.27551089600931955,0.24535688988532803,0.2091473969733144,0.018910685581947455,0.018412497506212846,0.679812324580862,0.6803245040020467,0.02374844764595603,0.0006191766084130136,0.4042120122197852,0.4049095244224726,-0.0021253059159463926,0.006733545616491522,1.4190371356793314,1.4190547029620835,0.05486607551574711,0.03355563576541733,1.0196397553628957,1.0216660401768412,-0.0014896713086028609,0.0017943666942084027,1.641629791971464e-05,0.0023321968046878766,0.003009589750375323,0.0009083036166518489,-0.11849425621886761,0.11853594983290189,-0.0031657183348242942,-0.001918913713142055,-0.02236286206031915,0.02266719219362621,0.0039454716355053375,0.0004572654837992657,-0.34743191590949696,0.3474546186636364,-0.004165208161766853,-0.012100632510968119,0.06601119886583362,0.06724026057282186,0.00505305048245103,-0.001663592324328068,-0.36004741690052117,0.36008671632724454,-0.0016960635114071987,-0.019997803132925478,0.07628752335683629,0.07888329976299048,-1.3772905488831344,32.84010618214592,35.913101753940104,-21.983656701675397,1.0969484922115316,-0.6937204171687086,-1.6849098443733286,-0.43005193167861944,-1.1358306522557116,-14.56563928627306,0
22,733,0,0.14959183673469387,0.8627588459939668,0.31280624866485596,2,0.9998235521894513,0.9990003705024719,0.5219564288854599,0.5084106624126434,-0.00023986399173736572,0.5109772384166718,0.26824183762073517,0.028791062533855438,0.24216606228002022,0.14923364636794814,0.2844557662071283,-0.05205536167727888,-1.1217645965744274,-0.7717775966477777,0.31672489828490485,-0.8472750559166692,0.19963598237405936,-0.39391925869589106,-0.8413447811445895,0.004479595331992469,0.4196472198455701,-0.7804473350455124,-1.624228690845807,-0.4430241507338589,-0.8039979739629183,-2.1707210652426916,0.5124410432115102,-0.8231516414895031,-3.6696761458295573,-0.5172925052116853,-0.8245268475149491,-4.389878435196566,0.2466815882523137,0.0021151938479147024,0.08917694036944826,-0.2466815882523137,-0.0021151938479147024,-0.08917694036944826,0.25328333151571464,0.6657312021883041,-0.09783176219260784,-0.23185448693225144,0.663094150865702,-0.5298966047453761,0.2678693579413268,1.2605376675352347,0.6466936717849255,-0.14032324225080392,1.261336850192716,0.08921725048054763,0.21800970556454188,1.329413215388973,0.6441940782030964,-0.08565895989375645,1.3337672312358024,0.09251911742363327,0.2691888265292033,1.4952314635405164,-0.507204448090084,-0.1839060419542312,1.4920102168196296,-1.0183233510884206,122.29204793076582,127.2935483804609,61.71835381451547,62.69605470237132,179.16522435659286,172.57806914686617,174.7159140916408,171.32595700892227,142.69412664070103,151.65641053803722,94.22284255679769,100.44219460804922,176.64991025153478,178.36345132416685,80.80566666872008,82.9841274851916,112.888796164704,100.5453660754233,170.17598454057685,151.59032096280146,118.25502321231565,129.85315468196484,0.5199818179277096,0.6189971848855546,0.5825644121060511,0.6316325175975797,0.19613055816182304,0.22702299360772554,0.27110374706527596,0.2462759906147708,0.20963758935437568,0.014720541058164642,0.02243392395250723,0.31215810414516537,0.3133092039127735,0.027572566812688628,0.00808591192418878,0.09794307477546452,0.10207092783333632,-0.0029874570441968487,0.00658586169734145,0.6279855063467309,0.6280271448396537,0.04506336920189131,0.010366692687525884,0.2933271003491948,0.29694942896117876,-0.001721761443398214,0.003369920181505605,4.0216202085668355e-06,0.0037842886611780258,0.0035582166729551342,0.005536910259362418,-0.048608265139839825,0.0490518268876593,-0.00209158117120916,-0.025546911991003764,-0.054989574533520276,0.06067019640193553,-2.0771315603545198e-05,-9.843797394723595e-05,-0.22145270398168834,0.22145272683415654,-0.004376425887599132,-0.00816764253558534,-0.27224442667581794,0.2724020766150353,-0.0014034184542569236,-0.0010954611229174055,-0.23822734753290792,0.23823399994751895,-0.0016201626170765256,-0.016356959487452638,-0.29369335706261046,0.2941529585662635,-14.200576987980947,-61.23534701308707,29.471579895960396,-55.07044747016374,3.044945068724602,1.422593419227588,-1.3769658694245237,-0.02439516905660568,-2.876852519628067,-17.35126270454077,0
23,766,0,0.15632653061224488,0.8603173124067711,0.3088839650154114,2,0.9998169812289152,0.9990729093551636,0.5218673795461655,0.5083021223545074,-0.00023940950632095337,0.5107426196336746,0.2683424800634384,0.03282042336650193,0.2424816338635719,0.14907685548864724,0.2846423222283193,-0.05326174121987481,-1.1181005342628312,-0.7679328824834514,0.31515766860566924,-0.8463810399663416,0.21374935122237584,-0.3933242590508341,-0.8396622751144769,0.018541002608455353,0.4194490314294412,-0.778612301158812,-1.669883639126059,-0.44221866177071034,-0.8012554527489155,-2.1673994286420255,0.5076292210149085,-0.8214913200287531,-3.800289315638798,-0.5179325276920282,-0.8228552593428552,-4.460528918110408,0.24628852278261698,0.0024084360207483934,0.08894089435913802,-0.24628852278261698,-0.0024084360207483934,-0.08894089435913802,0.2539394402186109,0.6656052122075272,-0.09883249725782299,-0.23182125920660732,0.657089674302058,-0.5431292046484331,0.26805333807840853,1.2600735606520208,0.6237808722119069,-0.13995507257247475,1.2608223818675315,0.018733051967359436,0.2182117058371781,1.3288392619335567,0.6172900413346181,-0.08527248707056863,1.3327381160195728,0.017013121233459598,0.2689885269901733,1.49471572528353,-0.54423296209445,-0.18245716801178968,1.4914781624163567,-1.1026746025863572,121.05203275630178,125.92767359959747,61.622814933386685,61.810695413481824,179.30089512214496,172.60471484523933,174.70033336138732,171.29615830161745,142.70519852815437,151.40368957221463,94.0784346608017,100.520797979008,176.6927065754601,178.33838911546778,79.88176952196635,82.02652894365679,113.64038287482997,102.53979149865529,170.9110473481453,151.50632657433508,116.43477721564582,129.28176837552294,0.5373292064810649,0.6224627988962279,0.6070455636624572,0.6531063342286784,0.19620660732156547,0.22796884001604367,0.2663744081888933,0.23620541483631255,0.2091875299155267,-0.006763792749661112,0.024616718292236307,0.4562135063000575,0.4569272316709,0.012157123480270147,0.023842302720938135,0.4379277798666879,0.4387447907717169,-0.017739943603971096,0.004217251023249836,0.30331647218163305,0.30386407010697486,-0.004477465330664787,0.004554417595934508,0.27734663949083904,0.2774201666286842,-0.0025096224315130865,-0.0032738073548274223,6.394154989897309e-06,0.004125052754874029,0.006375028126275356,-0.004537069975440178,0.0016652881654340814,0.007999948265256308,-0.007825556086070495,-0.05808517114440002,-0.09653861842938315,0.11293728916166046,0.0007926528133563134,-0.00029268549449408207,-0.28167576042573816,0.28167702777241,-0.0005600167744195278,-0.008958489147584821,-0.40542763491063827,0.4055269846703531,0.0046456038062252175,-0.0036990464623294626,-0.32548005901165833,0.32553422768379897,-0.002828106951357711,-0.008019048776199562,-0.424511320610989,0.42459647273510087,-73.05706486828566,-102.04443404537119,-27.878283977639907,-66.59113805089393,5.307822370522653,-1.8825379486086709,-2.8673987048873344,-2.673481713408949,4.620439739709639,5.202066238911464,0
24,800,0,0.16326530612244897,0.8615625717423179,0.3101566731929779,2,0.9998606100226893,0.999206006526947,0.5217882841825485,0.50819131731987,-0.0002394355833530426,0.5106953829526901,0.26864011585712433,0.05106937885284424,0.24523544812850462,0.14891310329177887,0.2869068443777117,-0.05265791005502394,-1.106903677804796,-0.6736996920177049,0.31288020036799885,-0.8383658653562721,0.2943610931308027,-0.39020774725115814,-0.8315225054305712,0.06330771430029108,0.41506866908260526,-0.7672667410001685,-1.5038168265808822,-0.4358142885729157,-0.7907970297105604,-2.0499106330785355,0.5045065354857745,-0.8143700108653517,-3.567495110777833,-0.5133327568984247,-0.8156547314306295,-4.287609241496542,0.24405291652638353,0.0025092977599787216,0.08820301211913077,-0.24405291652638353,-0.0025092977599787216,-0.08820301211913077,0.2531942933558395,0.6597487802057828,-0.09660858051438424,-0.23111513225677763,0.6446294224148342,-0.5479153378076989,0.266352083944758,1.2504649165636796,0.5753889904928242,-0.13866916245371505,1.2492335875225409,-0.006224036261431108,0.21781814975667926,1.317956581305332,0.5626813403121876,-0.08500153973255403,1.3212645705616255,-0.007406900516378285,0.2691047598001803,1.483304937836201,-0.5820698646371348,-0.18077897444260166,1.4792918480626773,-1.100928852033081,117.39722458459067,120.45657129942103,59.85050878801359,58.23444845296142,179.52084845541788,172.4519391043094,174.52379837841335,171.14683373412387,143.00369610326157,152.0049489760443,94.09025888387085,100.58756916158468,176.35072036138135,178.1062862031178,74.30595966214666,78.9276061703578,115.61835724670942,102.77568167824118,174.34840482999576,153.56134066430485,114.06926930086374,130.70980075527402,0.5171444257903728,0.6065505396764401,0.5927932769335544,0.6424357479791931,0.19589721728923531,0.22777789547003907,0.2567294348875861,0.23440867205736093,0.21234307920021517,-0.011138061978923749,0.03170967102050784,1.01498703458416,1.0155433225790134,0.04889671482256993,0.03646781195455526,0.7193462172550947,0.7219278151646511,-0.009634601536081805,0.0037461964052114944,1.430662710275224,1.430700055953838,0.019321690744428507,0.007519971078901154,1.1084097534862924,1.1086036529444572,0.0005915983399348477,-0.0012734932685965932,-1.55405766928374e-05,0.0014042845902802069,0.0074737107575829406,-0.004274631614115704,0.009799848741559848,0.013044763826220104,-0.0061539571676681335,-0.032405355083408666,-0.18084160427549006,0.18382509095288446,-0.0021297540237654516,-0.003457069396972659,-0.33279252586080094,0.3328172958994606,-0.00012321258658793443,-0.016007850419229547,-0.5007488931070516,0.5010047109602098,-0.003478420314504142,-0.010348967651822681,-0.36844744611142316,0.3686091711899921,0.0012450253785546157,-0.021336683586462235,-0.5102840446825352,0.5107314464689144,-68.9899970452773,-187.03980115334198,-21.49079472951144,-141.90170544455944,6.113604587495955,-3.7835852015962614,-1.720985946319905,-2.341425801145521,-9.08143479472047,-8.554210784179357,0
25,833,0,0.16999999999999998,0.8644143595839991,0.31702369451522827,2,0.9998654885725542,0.9990915060043335,0.5219070166349411,0.5082167983055115,-0.00024045072495937347,0.5107196867465973,0.2695337235927582,0.06642691418528557,0.24807116730575554,0.14877427378574526,0.2892630093684916,-0.05270601170661818,-1.0939230645381268,-0.565395905912292,0.308067098189686,-0.828298540441872,0.3537779346516836,-0.3854176720689219,-0.8219855745843628,0.10716842040277492,0.4100318923600722,-0.758535085384858,-1.408110858161142,-0.42396607946006054,-0.7797144398483572,-1.9661565785127981,0.4971517278441467,-0.8072061419986055,-3.4082053397983025,-0.5053207514083997,-0.8076742002923462,-4.132539509718276,0.24177776280357996,0.002394381410198667,0.08757574285881488,-0.24177776280357996,-0.002394381410198667,-0.08757574285881488,0.2514770680840844,0.6542777019227446,-0.09498027593209601,-0.22968057314523715,0.6393824653479571,-0.576336755649922,0.2631411260966236,1.239439379631061,0.5367377541736943,-0.13788499706137586,1.2372691881498035,-0.09754760993022639,0.2137832817685739,1.3055102946819852,0.5220921040432358,-0.08375899560492707,1.3068018594564368,-0.10144862802510837,0.26544999388502943,1.4708903423185593,-0.5759563745756341,-0.17955959701403162,1.4671730754820718,-1.1400044299779257,116.42970295426821,113.39600692232356,60.18293168650942,52.30328114869635,179.7105066295072,172.35121463673238,174.5850273029839,171.1392827729407,142.0967423969081,150.83055744967461,93.99514267188047,100.5079825373549,176.253273179233,177.80600126003705,70.3252357578174,75.86417009512425,117.17119860034775,104.02230897415166,174.41453719203335,154.6201461530254,113.56184747114948,131.0366467900661,0.5109007030171295,0.5999644919079558,0.5792730407227115,0.6271483105193122,0.19584038020880964,0.2333746981130667,0.2491053210749989,0.22315174322098247,0.21291353733819496,-0.004587751446348252,0.02845534772583935,0.05386860081643773,0.06109484783066913,0.002768003579342006,0.043731747251568455,0.13422243522875246,0.14119415597051801,-0.009249557148326534,0.007947737520391298,-0.0023625113747336667,0.012421847653587613,0.013428203987352786,0.007499348033558245,0.17930341489387294,0.17996186117024554,0.0008791685104370124,0.013723517909194495,-5.926598202098504e-05,0.013751777831624207,0.024691675648544794,0.0031247283473159354,0.10421804406426179,0.10714869799562603,-0.003676974412166714,0.009368766437877315,-0.11764015212203527,0.11806989166036709,-0.002308325334028766,-0.0033360539060650475,-0.06865281047243066,0.06877256725813989,0.0005919824947010392,-0.0035816972905939304,-0.2862182481101519,0.2862412698232034,-0.011427835984663539,-0.00039375189578894445,-0.07109524625720405,0.07200891969902266,0.006767836484042086,-0.007135398460156995,-0.2993359865451403,0.2994974964216101,-4.603827313487008,-103.05217121468209,32.473266910837765,-11.599743277057133,-2.352108897844465,-3.8795935222824824,-5.228067047161232,-1.2671159232781708,-4.273740842218348,-13.668864196511898,0
26,866,0,0.176734693877551,0.8677478992577755,0.326360821723938,2,0.9998398188388709,0.9989474415779114,0.5218463093042374,0.5090970695018768,-0.0002433471381664276,0.5105142593383789,0.2713499367237091,0.06140482798218727,0.2458711288385406,0.14901445701231517,0.28750290502012904,-0.05283266047474797,-1.097066149716839,-0.5961597498140286,0.3087984374783093,-0.8286931433945358,0.33369767638756515,-0.38762929287481435,-0.8251832427346565,0.09515486070966876,0.41295313284255947,-0.76229413637781,-1.488319225844931,-0.4344771373558098,-0.7822687467633811,-2.0148345933144993,0.5011353960426584,-0.8140075365934012,-3.560627600233918,-0.5093877053023451,-0.8153925272229536,-4.237545009777832,0.24319936854168644,0.002705816211601567,0.08948185160265329,-0.24319936854168644,-0.002705816211601567,-0.08948185160265329,0.25813583061739015,0.6559478781148247,-0.07247008690461287,-0.23168189800363187,0.642293265760328,-0.5737715903435697,0.26506814356866265,1.2439561661176157,0.5584495419424206,-0.13844759616028018,1.242670999301869,-0.07190261754770423,0.21454133026546474,1.31198334825734,0.5452075450509082,-0.08347349201210882,1.3137368473584183,-0.07609437549651156,0.26409623486851413,1.4767647878431187,-0.5751940019458989,-0.17963637369724755,1.473564828204298,-1.1487247271707206,117.09337198190053,113.65512799925202,61.99374440412888,57.46886539667565,179.36560926816014,172.19588593183875,174.1787459533007,171.06320408318751,142.72162920767516,151.1028039390745,93.87396522538836,100.5972350683119,176.39022461344416,177.87717108691155,71.88855870797666,76.6089275981729,119.06256866218008,103.21002025390736,173.8894426150637,154.2897229380869,115.02884421376682,130.13394336002122,0.5250375045086257,0.6069030294141808,0.5965191575285385,0.6394694377004971,0.19354236028300564,0.2319157859216213,0.24796377735608835,0.22656588380952888,0.2116471685082732,-0.0055281083975265224,0.020685035790970058,0.45169734243136694,0.4522045110872824,-0.04981080097938647,0.02532263300312097,0.25427786271963526,0.2603451230687536,0.00264484490921248,0.0059088664268379726,0.5101330244719088,0.5101741002480439,-0.0059244348042046795,0.003755982242413418,0.48228164217365277,0.4823326535784923,0.006073446416143156,0.006662820702168473,-5.040262172471227e-05,0.009015679203658682,0.03165362486198764,-0.031590461730957003,0.09015689034070534,0.10063883005671553,-0.008425605830861554,-0.007743266091417903,0.04624163926537353,0.047636521759344325,0.00043502494470397,-0.00036207597647140244,-0.25075763019163194,0.25075826894648656,0.000927875291055707,-0.0014189463942798203,0.09835978497320139,0.09837439535468569,-0.0020852729455748584,0.002952653970291363,-0.2730824609300981,0.27310638402711196,0.008027500181055773,-0.007048471650080888,0.09842575597229279,0.09900379361658913,3.9371304896918775,39.902431781002534,17.636392730620432,128.8890048907301,-10.252069689135899,-7.324983584023398,-4.828815295398729,-5.939447944823264,10.560566881912157,-17.6620021733183,0
27,900,0,0.18367346938775508,0.8714451934352065,0.3367735743522644,2,0.9998611265962775,0.99892657995224,0.5223139375448227,0.5086632072925568,-0.0002438277006149292,0.5104979127645493,0.27158015966415405,0.07562778703868389,0.24920772828611895,0.14896810211333156,0.2903377124742428,-0.053802833447014455,-1.0812049852502092,-0.5557516896160357,0.3029401608331427,-0.8192337430577056,0.39906231242422513,-0.3843352002827401,-0.8139199083091347,0.1235815707470301,0.40583689230199216,-0.7524914735919542,-1.2986507409747314,-0.43529291290910255,-0.7725222327579567,-1.9001884746933844,0.49452028599528314,-0.8043922050684774,-3.2778567944561265,-0.5062189752684755,-0.8053553427490105,-4.005936941509763,0.2407216514354694,0.001850829747169708,0.08867847304823497,-0.2407216514354694,-0.001850829747169708,-0.08867847304823497,0.25644923913783435,0.6430283048896627,-0.0738119469071252,-0.232176280881874,0.6336913199491685,-0.5635207915232459,0.2608659382871449,1.2332304121056705,0.47689634455967617,-0.13856202874674445,1.230824364228478,-0.07447683062591913,0.21110919665750397,1.299821687696535,0.45715309990323066,-0.08299802778893947,1.2988005544080405,-0.07834818501253568,0.2604237346073264,1.4639164111571257,-0.623486453831129,-0.17820495223049046,1.4612800232015875,-1.1239098715401263,116.69349069707756,116.06946985165074,61.36456999946099,60.93884447637527,179.0236179603351,171.8604407366028,174.26149667819217,170.74133976063754,142.8043003779962,149.6472033040623,93.89284416515201,100.46952098047386,176.1450206834595,177.87912257442858,67.41172289276697,74.6695734929787,122.75966323115121,103.89035060726641,171.5524989266684,156.1932733462822,114.14286423542389,129.97742801892855,0.4941946919181403,0.587885881425865,0.5754120662852306,0.6117991651123219,0.19209719196995897,0.23035000988649365,0.2343724378824532,0.22573556362161856,0.2149803818446661,0.018190981736823677,0.003641221060681696,0.3927710340983829,0.3932089209746839,-0.13938724105037847,0.012822115599219468,0.6755038873473204,0.6898541233024684,0.002702670310860247,0.0013215328330424283,0.46765893252927826,0.46766860922052705,-0.08285401472404814,0.02269602533596663,1.1373882863058962,1.140627902143292,0.009097270111539463,-0.0077472693884550565,-2.3422067734732537e-05,0.011949102688187888,0.03759451766512284,-0.05864207424334621,-0.003345310688018796,0.06973830893873707,-0.005782095353994791,-0.025695829249140018,-0.055613357629348936,0.061534980411904826,0.0066694928638970615,-0.05269673333239195,-0.35852460718866574,0.36243802476941334,0.00035851749021615525,-0.07729743843647964,-0.13667759277037708,0.1570216128089926,-0.0035406938239709623,-0.09806921232992136,-0.38634618716453406,0.3986144543996611,0.005418684945177671,-0.14409823204154387,-0.12966228732422205,0.19392259120118738,-0.34768656616121424,158.85334071693512,16.817304933905888,202.07607534120356,-19.365030239781888,-8.897600232548694,-6.330951795225882,-7.480270042562507,-79.63334738655514,-108.93037574313165,0
28,933,0,0.19040816326530613,0.8756583549759605,0.34950077533721924,2,0.999866890184807,0.9991683959960938,0.5224558264017105,0.5085780024528503,-0.0002449164167046547,0.510341539978981,0.27182839810848236,0.07146089896559715,0.24766682267188608,0.149204183146458,0.289137931307515,-0.054598041160426165,-1.080562131537501,-0.6377244746475975,0.30450591823175516,-0.8209354470223007,0.37020183564900827,-0.38830181708146533,-0.8166885290071261,0.12579545573396503,0.4127251774564783,-0.7553445127061481,-1.3888833977908446,-0.4664275655311374,-0.77307874271612,-1.846905615487056,0.4968197819443211,-0.8073030082026275,-3.4321199453719338,-0.5278144602121924,-0.8037271986794753,-3.950017594851486,0.24204407493093322,0.0020449688959800175,0.08934497387199036,-0.24204407493093322,-0.0020449688959800175,-0.08934497387199036,0.26327959266406764,0.6404450904699096,-0.07283003981687937,-0.23381967179847166,0.6345021057620257,-0.5834084928311154,0.2630066552831929,1.2265059647781182,0.47221852074223236,-0.13968967105808824,1.2195275084205865,-0.1031619778342727,0.2103996242880489,1.2836346034108053,0.45260449636530303,-0.0838538774285403,1.274712189725744,-0.10570442226280773,0.26101219217143823,1.4693035550877844,-0.6311751628464374,-0.17601435873019458,1.4671340739727348,-1.1389715008713834,117.07007698196773,124.29830182728668,63.12050383470058,71.0079624445363,178.06815224209475,171.59974671625798,173.75457218302057,170.56202599033583,137.38619493277596,143.80446876428468,93.85619759794041,100.6622796050092,176.22922029217162,177.81709667001857,69.38854279435964,74.59810729786524,122.8030635603074,102.77405062582253,172.4833872464368,155.29635821187583,110.83813899920656,127.31816013776854,0.5099326298384173,0.5709690827700138,0.5914681720081426,0.6084129691392363,0.19054746826003097,0.23299540758440224,0.23140887604797702,0.22053319651128298,0.21241999269425585,0.06303462115201088,-0.0010412750822125067,-1.7588626254688624,1.7599920974222567,-0.17999925396659172,0.014610814325737242,-0.47583923195347677,0.5089559725456274,0.038897449320012906,-0.0024912032214078057,-3.002451224760578,3.002704210328315,-0.148189790321119,0.022557648745450125,-0.9821761738170285,0.9935487395624827,0.01086046298344931,0.018754240238305308,-5.5046808539014916e-05,0.021671968375809175,0.06922357010118894,-0.024519183418967527,-0.00038060049215952584,0.07343866740227402,-0.000532829400264856,-0.004766565380674424,-0.036464044542023656,0.03677812661162495,0.02834652409409034,-0.07510546481970591,0.7188706235452138,0.7233390143427115,-0.000979864236080286,-0.08113546804948293,0.6089167895190648,0.6142992600253844,0.000711643334591028,-0.12177861098087205,0.8205821116765347,0.8295694898754337,-0.001034501827124394,-0.14194394602920082,0.6828019395470625,0.6974006328199032,49.436033416649025,188.46863754519737,73.73850961250012,208.7488433050236,-31.249857612465373,-6.189294176743172,-14.732122807228029,-5.508655825923977,-111.3771915228794,-94.16833306752167,0
29,966,0,0.19714285714285712,0.8750950766332222,0.34408512711524963,2,0.9998865687485897,0.9992573857307434,0.5230307281017303,0.5099009871482849,-0.0002474607899785042,0.5103213340044022,0.27251848578453064,0.03228197147836909,0.23993779322094094,0.1497667789600636,0.2828431238262786,-0.05594027163356799,-1.1055151282084619,-0.9019910421674701,0.3090951597732562,-0.8404740558219372,0.23070818427621975,-0.3989640165826178,-0.838071267482821,-0.0006906973506611623,0.42876506151949717,-0.7770496738156676,-1.7434702988644806,-0.49136315576242057,-0.793958859479281,-2.0615602152311854,0.5141660427831849,-0.8306639696298183,-4.065305091070947,-0.5567459936035944,-0.8258076060729919,-4.341256544213317,0.2479214162042573,0.001678706534765855,0.09287612556595307,-0.2479214162042573,-0.001678706534765855,-0.09287612556595307,0.2768631935167947,0.6499692078404147,-0.07584373298952682,-0.2409868999368367,0.6449939903436426,-0.5869484438833641,0.27185847326897217,1.2440060465698641,0.657290463685862,-0.14499643301846007,1.24012917434791,0.06565020322985006,0.21433485220671183,1.30147087286396,0.6607579325535083,-0.08797288358650344,1.2957172042073302,0.07891699110256918,0.2651025540123743,1.4965864739998145,-0.4740647543970316,-0.1770708756577062,1.4951659165367395,-1.023815276942196,119.9562689025764,128.50839992963375,66.231311633886,74.71626813450682,176.96112735791237,171.45194732093776,173.28917657291512,170.37776847612656,135.45340573748618,143.43209332160586,93.76670156553837,100.62456319266491,176.56013456434874,177.77398744237217,79.16671907769415,83.06737789764918,114.38998065350552,95.00604268424019,171.56215058125562,147.60253880519252,118.77506811096843,131.16828035900588,0.5596953178700118,0.5836217308808821,0.6573340297132799,0.6451244681423435,0.1896493393468563,0.23019001658306917,0.2668922109323079,0.25128268495613115,0.21069421008943875,0.02427243474704118,0.008920680231122835,-0.8658788987060098,0.866264969191683,-0.0516919057760666,0.036820102093824726,-0.5607498225881097,0.564329811877379,0.0383862808569154,0.008515902419588465,-0.5699351652344665,0.5712898736393676,-0.04550102931350028,0.01627117840211784,-0.23957686637764564,0.24440165674257167,0.011218572730448717,0.024349831823092808,-6.421955663766439e-05,0.026809975905858728,0.060516506878297766,0.00038164765087526264,0.0008373562969378577,0.06052350308143524,0.0005177597501384682,0.00481107341709422,0.09182851705978173,0.09195591904810783,0.020471971426437165,-0.024961001837431513,0.34912508815082177,0.3506144326794495,-0.0007886495163191617,-0.0069657368446464024,0.5723383388857348,0.5723812694492463,0.0011485014388810352,-0.027963474615296344,0.38433119432250096,0.38534885739739183,-0.002575454427235164,-0.016765807991597204,0.6144353146873308,0.6146694080707427,39.88623255997218,-73.73375138537284,22.397033884558,-9.240231991248935,-28.64184388207123,-2.823113270374936,-11.257943609863833,-6.878658393295376,-26.447197252887495,-14.582996895317132,0
30,1000,0,0.2040816326530612,0.8766139727650266,0.34282416105270386,2,0.9998942198175372,0.9992339611053467,0.5232074707746506,0.5102094411849976,-0.0002492191269993782,0.5098568499088287,0.27251873910427094,0.019580641761422157,0.23888979115061784,0.14994156406868586,0.2820475225052502,-0.05724838146345359,-1.1069405145448867,-0.8656206899367007,0.3090878783549707,-0.8441798313624003,0.19547761484969942,-0.4037571790971768,-0.8412857949226319,-0.05486399972352927,0.42620162622122376,-0.7779983353015126,-1.6294716999652072,-0.4930974121916675,-0.7895509179467058,-2.02652517316343,0.5157630144607885,-0.8313591727993692,-3.6537722622446847,-0.5545568813637745,-0.8258512156817013,-4.1062132120628485,0.2486103464801278,0.0011620947374702496,0.09405313654105543,-0.2486103464801278,-0.0011620947374702496,-0.09405313654105543,0.2816088496746185,0.6508516671390661,-0.07444675025328763,-0.24223964126903888,0.6458114853808071,-0.5762458394510392,0.271816526734055,1.2456254478550792,0.5670390876272512,-0.14605363677509173,1.2427463100657912,0.030218065662629436,0.21329674093084774,1.3034770133346127,0.5552951471379446,-0.08923863697791694,1.2969902888453149,0.037611785123991395,0.2652492861336503,1.498101782806492,-0.5153432205486601,-0.16988513769244398,1.498298740852559,-1.033256237070794,119.74245456348586,119.3581404844667,64.62110510496596,70.38886690112263,176.14914870199598,171.41059812714286,173.0002899611597,170.10115587798504,135.6142327168325,142.82740797229843,93.82426883793954,100.73083282451789,176.24227400128683,177.34139493406863,81.3852773186115,86.37120425520644,118.22166065901011,97.85002887621235,169.6809794222056,144.72930988981238,112.17603222287967,128.7903640633495,0.5161188856636127,0.5568639570957825,0.5717056241310037,0.5869162480065668,0.18953460327327104,0.22759071585383003,0.2467481946368802,0.2415389839200237,0.21309569962528738,-0.01288172024399488,0.006395489422243038,0.5706481969178617,0.5708294015264116,0.0020065414371775174,0.06732344627380377,0.47562994174103274,0.4803751805696242,-0.0029677775368761685,0.026103275925365866,1.8116342487619899,1.8118247266236776,0.09186855003015326,0.08256755658050088,1.5157567920969506,1.520781340190744,0.006595209463318787,0.00794254132171176,-4.204851922704216e-05,0.010323880984887306,0.03523613089945782,0.0019162448484506195,-0.017915643862823957,0.03957558856293209,0.00010497534452979253,0.0011698523564125183,0.19444102671609012,0.19444457422300584,0.006822507772872703,-0.026265187049979613,-0.380634371914081,0.38160048708761923,0.0009416644252947914,0.000313146790461754,-0.14064043982705085,0.1406439408845918,-0.006098355819929896,-0.025809700809307973,-0.44980912066217715,0.45059025248051415,0.0005448932078347281,-0.011649594378115535,-0.16982551775316707,0.1702254870397316,25.316085989459033,-222.98613525035762,-20.466177018691535,-116.63582544977307,-19.590782555107864,-3.058041365196672,-8.227348320381978,-9.63981159041476,-11.475300246724945,-21.313102433687995,0
31,1033,0,0.21081632653061222,0.8764871169220317,0.3386344015598297,2,0.9999167413422556,0.999451220035553,0.5234726071357727,0.5104331374168396,-0.000250278040766716,0.5095703452825546,0.2727241516113281,0.020421201828867197,0.2390107631411627,0.14965247979933466,0.281996470913044,-0.05866185005373281,-1.104238212957608,-0.8600847106800298,0.30812562855856723,-0.8452934255726725,0.190815779570817,-0.40672446426885495,-0.8406070045700229,-0.044207704634956255,0.42542481013652234,-0.7797502177085138,-1.613113588663137,-0.49392863043907687,-0.7822341983878904,-1.9547340649326854,0.5134376650473241,-0.8288430775208633,-3.6470714545384286,-0.5381573099098254,-0.8105566932053198,-3.994149417290406,0.24811737304809267,0.0011437048550124965,0.09404369320279482,-0.24811737304809267,-0.0011437048550124965,-0.09404369320279482,0.28449927760893834,0.6504888471789778,-0.08031805921574485,-0.24325245292327374,0.645321355718001,-0.5425031201874563,0.2727286925108168,1.2396135218922222,0.5688383327043162,-0.14677499843223069,1.2420397994805956,0.03244230792717155,0.21196247625185305,1.297359097588816,0.5558808711162465,-0.08967451370172413,1.2949524770973777,0.03881479726433352,0.2652061540170273,1.4959374158607945,-0.5022169568520101,-0.16886471395477753,1.4974330461609364,-1.0085469961075204,121.65244666387015,113.5683288678598,64.86007777363366,66.90166782937203,175.64854492672015,171.24705854946959,172.73794423544953,169.73190109956877,134.6845606209556,142.00411545854877,93.79110099985522,100.96337031211702,176.32573718985762,177.11044674349708,81.70043875469003,85.43287890708847,117.10165825282627,101.27980573530785,168.90596648682435,147.17408289068126,110.73052711917666,128.70664255090543,0.5101109743569429,0.5395737691690798,0.5742725695977796,0.5752986027080355,0.18987699548851267,0.22187524617265247,0.24722752194118233,0.23525048259950462,0.21220466887817382,-0.021926381371237997,-0.0040472456903168615,0.23676138935667074,0.23780896090731274,0.004784175843903509,0.04021462165948113,0.3269838564323654,0.3294822400389774,-0.030474229292436053,0.029177828268571307,0.1413858298099401,0.14754652549105843,0.10542661854715049,0.07394181959556805,0.24983919028079848,0.28107256284375204,0.007381267619855469,0.007062247305205368,-4.305250265381549e-05,0.01021568902197948,0.03474047689726855,0.003992608099272753,-0.11178261289993913,0.1171246950955334,0.0015971335497769429,0.0034516507929021633,0.1380095879236856,0.13806198277454032,0.01198866150595924,-0.034942771449233516,0.009159698630824225,0.038060811345337356,0.0030249357223510716,-0.0020997090773148953,-0.02026523350540434,0.020597055696440617,-0.0018983176260283481,-0.0315480159990715,0.016524033112959413,0.035664051839424254,0.008301752986329966,-0.005263270753802671,-0.023656849269614054,0.025617721191376723,44.26690938113325,-162.27726168713951,-6.973477121232285,-59.64281586592849,-17.596560576536426,-3.489843433762231,-8.006290504877532,-10.210602383530219,-9.417788623088422,-14.4932493989262,0
32,1066,0,0.21755102040816326,0.8736357932740991,0.3301149904727936,2,0.9998943570888403,0.9993323683738708,0.523694634437561,0.5106755495071411,-0.00025206059217453003,0.5091441422700882,0.2731611877679825,0.025066498899832368,0.23930277539014436,0.1495648321262125,0.282197550163654,-0.05919814894014864,-1.1003488910352013,-0.8396826271888505,0.3068533736441052,-0.8445663905180428,0.20319800055194193,-0.40997611272553675,-0.8387534086894104,-0.023759451370179163,0.4191206049145427,-0.7801829937751941,-1.5732218885225107,-0.49344266609993226,-0.7813775260038819,-1.9489631574639885,0.5066352190137045,-0.8257448249333054,-3.61875256372588,-0.5313313358983258,-0.8097704513639001,-4.045588045165053,0.24780033011304659,0.0011166991235208737,0.09390884922725218,-0.24780033011304659,-0.0011166991235208737,-0.09390884922725218,0.2878578716628822,0.6497877247377004,-0.10054067598132528,-0.24346364269028686,0.6446237041455003,-0.5436519098553995,0.2727495894034821,1.2351391431183205,0.5688899542558471,-0.14699484204053267,1.2399428291720815,0.025472462835681595,0.21101304627637038,1.293753913397761,0.5588746183962762,-0.08897591216726829,1.2934180799182076,0.03206902476422633,0.2644804820295759,1.493465846263126,-0.49382251171866914,-0.16935406482592286,1.4942165080155363,-1.0145427241552543,122.66407058264066,108.64784121311548,64.16085561496463,66.45244105397134,174.98777570394458,171.18026846051455,172.47187478783778,169.42725612067204,134.99265866770867,141.8708535119693,93.73621350790425,101.2157258839351,176.45624009821,177.12768593668014,80.85515497787337,84.10251258944568,114.36719031673378,101.39100408083101,168.1349766620301,148.29675725743954,111.98394195683967,128.85049627166683,0.5026299440989225,0.5440391100690333,0.5779148448179635,0.5918132503805401,0.19143507324051645,0.222071416312817,0.2509816706321087,0.23400518544703686,0.21219078916901316,-0.0233676896166445,0.003622539007841642,-0.6249386872818204,0.6253859085144213,-0.006567186384058694,0.01563554379477426,-0.00677802669468209,0.018263072376659212,0.01810201958044247,0.01898363455017996,-1.4937439961219863,1.4939742927654767,0.0039610400128720314,0.01874299191716887,-1.0464315983786485,1.0466069365665813,0.0075248639975020945,0.023456206962243775,-0.0001723224769777322,0.02463426309578974,0.03337326334483579,0.010017138808520846,-0.16262360028366504,0.16631462096103936,0.0024967229188378112,0.03177016528684693,-0.006480003470805138,0.03252026249384636,0.010872954752907796,-0.015167158041427346,0.2427512585227163,0.24346752831224755,0.014041341952423516,-0.0014340699608646186,0.24619173091738908,0.24659599391023704,0.00035229013926947204,-0.008258356976864922,0.3120583384784292,0.3121677933134958,0.028142733360404328,0.0027266900930831613,0.28079521578194416,0.28221516877355673,57.8148815745439,-26.016997510309295,-7.596912167987316,-9.549059648108035,-16.58122662480711,-7.527080129049315,-6.517477315269661,-5.881206314006095,2.766996037276653,-10.708343709988167,0
33,1100,0,0.22448979591836735,0.8698774675528208,0.31944358348846436,2,0.9998766165791135,0.9993036985397339,0.5239767730236053,0.5120047032833099,-0.0002618236467242241,0.5091440379619598,0.27348102629184723,0.023143872618675232,0.24012784330977685,0.14838597555185434,0.28227606854474974,-0.060028950841109055,-1.0969981922306733,-0.8465955620886171,0.30576343807416,-0.8471713186852222,0.1765655773475334,-0.4108572573137038,-0.842831508838565,-0.010730078886289176,0.4176708801883876,-0.7836855121331473,-1.7598080070611932,-0.49678422533388233,-0.7833156701700567,-1.9543657842168618,0.5154396536388283,-0.8290836922864999,-3.9979676183666517,-0.5384701550549683,-0.8108725388832625,-4.238529385890978,0.24768061823666204,0.0009779749083952455,0.0879623492641511,-0.24768061823666204,-0.0009779749083952455,-0.0879623492641511,0.29035275799977767,0.6466546832946592,-0.11879733565566811,-0.24420496952842805,0.64665552792375,-0.5434629324747176,0.27325324205853896,1.2292181721364839,0.6259343315235605,-0.14508288911741188,1.2349016812878097,0.09088623082155523,0.21005006951593977,1.28854639756822,0.629440175721787,-0.08469190913230117,1.2887495308645336,0.10546576287736407,0.26458227981340404,1.4883203928307844,-0.45316923205561566,-0.1681560443026323,1.4885822278489016,-0.9571581435331762,125.5260437293646,111.82519003466908,64.35108465837851,66.26188083294879,174.53760274285807,170.74274418082328,172.30127325532646,169.33786027653036,134.86994935545314,141.28665642997956,93.69137048303756,101.19585855695445,176.85916055868122,177.14049531921333,82.41621532165546,83.62113073865983,110.16336793276444,97.69887720066156,166.03293769855875,148.4512595751656,117.79211531627689,130.93919863346588,0.5477971585386213,0.5494346389111144,0.6325112098541976,0.6449189981309987,0.19175437193877104,0.22350169475891624,0.26694092300545735,0.2458003187172485,0.20908326121077217,0.010746628490846557,0.006239360837794067,-1.5062333932563452,1.5062846525833384,-0.010077633074860082,0.006135275114828086,-0.5215255182180836,0.521658956063985,0.06822685697185464,0.021193454514688535,-2.6111318104302725,2.6121089942740516,-0.029765403092797144,0.0271837213146153,-1.4724891577193997,1.4730408186900235,0.01438940638926493,0.03538158402514104,-0.0001653306074996494,0.03819605789310345,0.039908423352597394,0.015202742903979868,-0.1644457676517431,0.16990060666420742,0.00030291614247791827,0.033468452852163766,-0.017415009327788864,0.0377294532745156,0.00918267378166541,-0.004294203288519564,0.3248306352700763,0.32498877409785243,0.011514816711198047,-0.006583199572207328,0.4053426308751999,0.40555958615883875,0.0004074466762258049,-0.006173084031290087,0.4023068876408822,0.402354451724527,0.022036370946400218,-0.018722975431983164,0.45719352175495553,0.4581070483939458,83.52347170710843,126.23361965451298,6.631789522537694,8.79857295767677,-20.47516761861241,-11.562253331373665,-6.553760447179315,-8.317538888645064,-6.5043832618389,-35.375830492799885,0
34,1133,0,0.23122448979591836,0.8679742551211155,0.31234991550445557,2,0.9998541925892686,0.9991081357002258,0.5246587246656418,0.5130461156368256,-0.00026313774287700653,0.5091453194618225,0.27350224554538727,0.005810955539345741,0.24012252299316467,0.14754976835719633,0.2818328586074824,-0.06211394280488173,-1.0957653872101885,-0.9314344240318285,0.30382098349489256,-0.8523448599013488,0.0917133296878251,-0.41391038386126566,-0.847555366601755,-0.04860910605517671,0.4187969507671347,-0.7881205178620017,-1.9332945267436483,-0.4998977190233798,-0.789341340067283,-2.0754278399457617,0.5200895578519874,-0.8301862759713096,-4.244139126253942,-0.5425157815396331,-0.8127671681123584,-4.400837921673454,0.24724250975808942,0.0011874068898314967,0.08597865749020243,-0.24724250975808942,-0.0011874068898314967,-0.08597865749020243,0.2942969841236606,0.6458314427622374,-0.13972509071604236,-0.24712745955805943,0.6450030390241538,-0.5484561535549105,0.2718647329898736,1.2273053052020044,0.6468872438022758,-0.14786842820553814,1.2315710451553221,0.12190665133214798,0.20796217197873532,1.2855492574778447,0.6552773430862637,-0.08727313746658527,1.2822295093347,0.14083823841196666,0.2625983276326794,1.4861595842065942,-0.4369918081279769,-0.1708245384302705,1.4871127666542692,-0.9215319644897259,128.26014318701692,117.10549372996785,64.60518551297466,67.04194544213568,173.61593947349755,170.40559748731252,172.03277283787676,168.86998101513282,134.55686498916546,139.5006728689517,93.517276069037,101.41538674086979,177.05023417883268,177.3857886274241,88.02169616117834,86.37864622342913,107.03507182624486,95.56111146036353,159.58193026121987,145.3193679230673,119.53537322798444,131.6953434872554,0.571919431812193,0.5719733030837673,0.652005104800197,0.6555202747821594,0.19295205362997353,0.2239547424699535,0.2757607461047601,0.25259845542351134,0.20611437983518496,-0.0063605380780769275,0.006158243526111965,-0.4860831029487391,0.48616372075695247,0.07557056166908976,-0.0057789412411776596,-0.4044762163451234,0.41151587520011634,-0.016483393582430794,0.08300669265515898,-0.17430384953816774,0.1937618260993779,0.02442842180078686,0.05684928460554657,0.005976720289750548,0.06216357564733152,0.013225909435387847,0.0208693020271533,-2.7657458276459735e-06,0.024707336059214803,0.04842516147729134,0.008810650218616854,-0.11009734236832848,0.12059870902271505,-0.0033369570067434684,0.004796367703062127,-0.021153778740854026,0.021945905773625284,0.012009432821562825,-0.0024437904357910217,-0.25520044745821,0.2554945537017576,-0.0005639863736701748,-0.006634177583636676,-0.16621696395856003,0.16635026149796747,0.012693983135801404,-0.0043032747326475305,-0.2829114144498659,0.28322874820063804,0.0014567013942834138,-0.01910780415390482,-0.19367321422605852,0.19461897149864102,117.55370836438044,217.46157938122406,-19.04024843474683,-80.88495064142812,-26.153221798226777,-8.757240679227888,-11.055515153004514,-10.825751316976165,10.756148216371466,-25.672234118378544,0
35,1166,0,0.23795918367346935,0.8679990741339597,0.3129464387893677,2,0.9998587026740565,0.9992375373840332,0.5248496830463409,0.513382077217102,-0.0002620061859488487,0.509119838476181,0.27342280745506287,0.008261290844529867,0.24062528077324347,0.14756070453167344,0.2822670495631505,-0.06269787044997646,-1.0891269458195665,-0.9069064426451261,0.3024782044498718,-0.8527685775476627,0.1120894876651493,-0.41393184095830693,-0.8474601252599177,-0.05169776256886362,0.4131045003296668,-0.787150308707157,-1.8735200892227526,-0.4822226016303771,-0.7895716209374537,-2.0490026685784675,0.5085094601874431,-0.814581148340195,-4.0388506372827395,-0.5358679761437815,-0.8024855677177287,-4.237266684982881,0.24621925286636037,0.0012752195141291305,0.08772989012023882,-0.24621925286636037,-0.0012752195141291305,-0.08772989012023882,0.2985923641619095,0.6438557775991612,-0.14454356958313708,-0.24808552047124086,0.6429179981882907,-0.5484258508955095,0.27297753509709644,1.2238063544665059,0.5662837214758868,-0.14831189379477583,1.2285102441662477,0.05202474345427828,0.20993240541695185,1.2827016888342369,0.5633102681254428,-0.0874465047065501,1.2794432168483905,0.060184889939125644,0.26261297152498186,1.4821480057858167,-0.5240521383556666,-0.1705459869064166,1.4836210859862746,-0.9901521559285386,133.2845884814137,126.17765427382983,63.09442826168522,60.92347409061455,172.8114901041751,170.16476629599424,171.57160925522817,168.62336068960994,135.57985513773366,139.59228897816658,93.47209113304329,101.50739418165342,177.3016076331165,177.92741134533793,86.69620799798493,86.36310410264123,109.14094251642854,98.63411145804623,160.0364884250328,145.185103070412,115.13990590106246,127.25959452934475,0.561646838696707,0.5643394138109116,0.6118434356517986,0.6178711596061004,0.19343093357942776,0.22354929346432367,0.2590519943442652,0.23841357986379966,0.20744185451422564,-0.006587647680026387,0.015074637398790969,0.37280570215253717,0.37316850530572304,0.04707121137362811,0.004207909996829819,0.3886774404725035,0.39153998286123826,-0.04232908362772931,0.12815710323960045,1.0652435359670163,1.0737596497126538,0.026435549579449574,0.10215835784798245,0.737501614129366,0.745012616808054,0.014140979567570483,0.006813611557234585,-1.69445107232279e-05,0.015696907106171273,0.048028888987071514,0.005050381617759595,-0.07042527866007682,0.08539321053905231,-0.007721025552322621,0.00046349283474594834,0.014947643920556834,0.01683036303717895,0.013658359869202582,0.02783270024541601,-0.4936632380556708,0.49463582826649116,0.00012276777580602855,-0.008010152560561456,-0.08929907274779995,0.0896576935326083,0.016093254089355483,0.052622894742595655,-0.5594185039178653,0.5621185145536282,0.003362769511208608,0.0026848778795840154,-0.11245989755018442,0.11254219362093387,169.69214200471373,360.86217730869384,-30.863250127804747,-63.42387996102929,-21.031173653589885,-8.801129246733845,-6.816687378289579,-8.653524969611402,56.62415530209962,18.472998158708236,0
36,1200,0,0.24489795918367344,0.8663649206811731,0.30579254031181335,2,0.9998483802333022,0.9990070462226868,0.525606170296669,0.5135026276111603,-0.0002642730250954628,0.5092624574899673,0.27361658215522766,0.01553651550784707,0.24096077828363785,0.14817359483172327,0.28287366592953145,-0.06523834203310794,-1.076374250209704,-0.8914283533121751,0.30106556050942546,-0.8503357250932447,0.1131910218035997,-0.416620416087768,-0.8457291572114392,-0.0014748004931382768,0.41234635045266854,-0.7832640377350238,-1.837876297065547,-0.49025870675166044,-0.7870542051384626,-1.9757273457573,0.5048007283322539,-0.7983908882039144,-3.9762110990147823,-0.5376076166739245,-0.7871938012971716,-4.209960599871553,0.24725434931705353,0.0012315015087921003,0.08636796231333713,-0.24725434931705353,-0.0012315015087921003,-0.08636796231333713,0.30124066150246276,0.6430375365222053,-0.15588754074648956,-0.25139629904043903,0.6411257539592365,-0.5428937248284043,0.2707501211950381,1.227768022696877,0.5275845630931847,-0.15064464155396504,1.2235285136957823,0.10031120197448697,0.20765940021642348,1.291669349596327,0.5203693380885759,-0.08950489541834915,1.276533754613344,0.11368737833395275,0.2705674345994144,1.4784985270769675,-0.6093377035725963,-0.1727961814402755,1.4801047784246486,-0.9500423044976856,139.62951670133273,141.28325960965032,62.53734775441174,62.792545484746725,172.20685083870703,169.81592182778135,171.57605478353136,168.29019484216886,138.35068339440613,140.73836374558516,93.33038724212864,101.62573554289396,177.50168441429608,178.06195227726897,86.44656896944481,83.12801502479361,109.63107377766508,96.67796574167173,159.46973024230948,148.33437328625945,115.07196222296787,129.56567187902965,0.5531280234209163,0.5590988139309125,0.6054588429031218,0.6321476598264753,0.19465269245886002,0.2229245094870608,0.25458213968263677,0.24709892290144547,0.20559343514188805,0.011158523274891384,0.07426827701170034,1.327913643708866,1.3300356892805998,-0.026164215002486887,0.04226992379373568,0.8828568814405732,0.8842553848923957,-0.03900545746532829,0.15672374127516067,1.5183135644713406,1.526879116645791,-0.0017921426402988674,0.09747583474685872,1.1132902173853605,1.1175508302805663,0.01444967825021313,0.01542158980867752,-3.843443162405659e-05,0.021133388534906632,0.03403158330205652,0.006203331164459668,-0.04365234010255148,0.05569700868098387,-0.007078273972468571,0.0063172027246275785,-0.06188140876257582,0.06260445481860187,0.008631998033665877,0.01895338741701036,-0.4310149755050876,0.43151784597428156,0.0031968550895576965,-0.008790350672024378,-0.27590933770163667,0.27606784089849473,0.003234664006019698,0.0335244990106838,-0.47570756122247376,0.47689835278535275,0.01197341662734299,0.0025407591862464953,-0.28364194570970996,0.2839059202076711,93.02260972350302,207.2941044597064,-67.36942199735131,-0.330443717319491,-13.17719795813383,-9.297418837921992,-3.324340818640762,-2.7330387636703466,24.40491629194044,11.856453938884778,0
37,1233,0,0.2516326530612245,0.8684977554913723,0.31165653467178345,2,0.9998875820275509,0.9992817044258118,0.5258178114891052,0.5144153237342834,-0.0002645812928676605,0.510163426399231,0.27451950311660767,0.03540757531300187,0.24303820127560982,0.14809394359616979,0.2846039061733857,-0.06572986864068023,-1.065698043984843,-0.8793303887427549,0.30001814450762704,-0.8434007449237348,0.21493424473006717,-0.41002636822004046,-0.8424216588736819,0.03574507366366861,0.40893775019048423,-0.7668337026475377,-1.545517082182327,-0.4878242316119941,-0.7767680228152946,-1.8243317831587156,0.4917500001699071,-0.774628065326644,-3.64824532117629,-0.5352915798995898,-0.7765796403763592,-3.9403807234725923,0.2455878713203284,0.0013474737210782714,0.08588415209554268,-0.2455878713203284,-0.0013474737210782714,-0.08588415209554268,0.3007505218160838,0.6363990213387942,-0.15362409879530595,-0.25111651369301796,0.6354957490106918,-0.5584815340509658,0.2693665729509201,1.2145892303426842,0.4601757185473394,-0.1497432006515585,1.2127232075178773,-0.013346547948143174,0.2055684882087829,1.2764312372864268,0.4467053793701505,-0.08731143834590167,1.2659054863153865,-0.007073774816728539,0.26845806486853935,1.4665439882956672,-0.6136818819775254,-0.17218133975671934,1.4681467573953584,-0.9925934714598524,139.5171033328884,140.0663592726302,58.580676987862674,60.90133436155414,171.92861784098014,169.54183923385347,171.34887842037924,168.44024709244403,137.21498452929367,140.38667139207186,93.3723208728758,101.37672534829045,177.01187790035235,177.69995920508228,79.0971551214346,80.40874451705699,112.34331785150079,99.92552874969869,165.44137268341638,149.61986035623596,112.88569642940195,127.90598355256431,0.5024621203206415,0.5301773427430413,0.5989127044890098,0.6023872991876833,0.19380200914229198,0.22570868762754054,0.24015563060930806,0.2277969808175986,0.20841731329724297,0.0040341507304798435,0.09178754055138783,1.1595717885277477,1.163205897389636,0.05229630253531711,0.06787659543933285,0.5249299786307591,0.5318774463469845,-0.039037429925167164,0.1343989914113824,0.11434880169955157,0.18072813360869563,0.04910700248949451,0.08253527410102605,0.5280339356624714,0.5366967545790021,0.023305416107177714,0.013377178799022315,-5.545602603392163e-06,0.02687175772634568,0.029022946502223132,0.0019868214925130192,-0.12683343480933784,0.1301268575999919,-0.0031622070254701527,0.005907181537512572,-0.2830545559073937,0.2831338481476931,0.010354952378706489,-0.014884002280957757,-0.2196451479738407,0.22039226300193754,0.004869970408352934,-0.010590661655772807,-0.4687123812001307,0.46885730773486073,0.000104759678696141,-0.03528865900906646,-0.2290317506501167,0.2317344239320211,0.015787102959372766,-0.008913603695956136,-0.49353401427100735,0.49386689319406024,-5.358421079162491,-56.23326296603047,-93.20027025387779,-119.06610660671302,-11.142426492372854,-14.31446921348864,-2.7453915536028695,-9.468518859095672,-42.883953892353404,-10.643382041797958,0
38,1266,0,0.2583673469387755,0.8684424532182289,0.3125882148742676,2,0.9998530185583866,0.999300479888916,0.5271443277597427,0.5143855214118958,-0.0002646390348672867,0.5106921344995499,0.27459070086479187,0.06459052674472332,0.24895466083724296,0.14691313794424507,0.28907074091511137,-0.06902121614061865,-1.0414510179231897,-0.8282311584535903,0.29134089894064863,-0.8301433304873301,0.3009961959493432,-0.40516904500697243,-0.82893029133953,0.14771864509114804,0.39910652978963096,-0.7485700046438183,-1.5337238913208318,-0.4731294447009406,-0.7577382134943683,-1.8135197319265721,0.47974486905899705,-0.7536436135628681,-3.864860274787005,-0.5201914665694816,-0.7545279795164488,-3.999146986932664,0.24033696377819821,0.0013641793305874139,0.08252022011964397,-0.24033696377819821,-0.0013641793305874139,-0.08252022011964397,0.2960881027991907,0.626651528724926,-0.18150270292056542,-0.252049915556264,0.6256758188409569,-0.5958803450227038,0.2619889805778238,1.1949947007659296,0.46612661408394324,-0.1516242746892323,1.1918263241646891,-0.008853382064937527,0.19791049173139255,1.2528673695832362,0.45692293986990157,-0.08930266159646941,1.2440781452565102,-0.0014311841162554053,0.25969033015802506,1.443981347099092,-0.6104157314624856,-0.172762456106176,1.4454042917122094,-0.9943989126960757,139.275860910108,137.5718642538923,56.3861299176558,54.93418244870366,171.47145069021042,168.8711668596911,171.39485894099357,167.66527259746854,135.5203424375108,140.0359005308265,93.18486091749172,101.58979462099181,176.9980549982245,177.86974998559617,73.00245448026858,73.10141150778372,108.10387892052718,94.51855977842996,168.5069517230382,153.6402982551149,112.88261369613491,126.80005873965128,0.5318010338388097,0.5676500694314952,0.6742679673765815,0.63194802114985,0.19686557116868025,0.23428197736553283,0.24927226257636964,0.23753320417962828,0.2061586337372298,0.09774005235131114,0.04063479935944973,-0.20207220049046773,0.22811724828184204,0.04995847815897931,0.07991025696939504,-0.14544156060289992,0.17330535554183826,0.0011547287898277178,0.073666003213,-1.330076758541279,1.332115684555824,0.04746664815874246,0.0801108666320346,-0.5366339612362994,0.5446529555525459,0.03243671424353303,0.015146696745459725,-3.10811533856748e-05,0.03579893600728428,0.04300252715153484,0.005315488843775511,-0.20481612700134977,0.20934927189484046,-0.007204600234529871,0.0023619452519203317,-0.1839087970221222,0.18406501751293375,0.008309955027566034,-0.0010168374474368886,-0.06246922621086467,0.06302772036444648,0.023695959973691134,0.004255059939711844,-0.29770059010653377,0.2986724717879834,0.0022311708820399972,-0.008759213917290993,-0.04609296126152156,0.04697087427129555,0.035147168743076634,0.005795884488233884,-0.3378450655058696,0.33971783002121125,105.50356487745786,-142.2531473748722,24.449628435896162,-137.15978896859943,-17.52476740303104,-24.58204674866155,-4.27757072127822,-20.162613168742197,-10.053114781162675,-4.618947883302693,0
39,1300,0,0.2653061224489796,0.8646339728976741,0.3061518371105194,2,0.9998708024169459,0.9992239475250244,0.5279910713434219,0.5154301524162292,-0.00026666373014450073,0.5113459825515747,0.2753468304872513,0.059606898576021194,0.24799577398127584,0.1470240443452454,0.28830187916176464,-0.07149724878846499,-1.0399370432061095,-0.8420751789501149,0.2939977873090174,-0.8334011625664403,0.28908669016863914,-0.4094676471673207,-0.8320983661013455,0.12626656718956877,0.41886860082320526,-0.7510744117011293,-1.5726465431325536,-0.47749506198406444,-0.751753875413346,-1.8347242664677619,0.47817266500149647,-0.751092501789314,-3.9105465866143416,-0.5249326485447973,-0.7515212885652572,-4.014542472082728,0.24121607858273117,0.0019380169902084097,0.08262734998422841,-0.24121607858273117,-0.0019380169902084097,-0.08262734998422841,0.29934831853438476,0.6259513706716807,-0.1992446835183236,-0.2571079626231456,0.6243732947503813,-0.5940503529764319,0.2603045328913457,1.195253681878987,0.4397628335773981,-0.1498537938428663,1.194636758185923,-0.08235234834009231,0.1959120887084663,1.2545031656769268,0.4302710418358433,-0.08556162043449632,1.2474949621422473,-0.08548942160040209,0.25868076657588834,1.4445280677725354,-0.6354871988564736,-0.1754452730521113,1.4461108988027291,-1.1092680039344585,146.58584217967808,130.53539839851376,60.218802093067715,51.71162850065799,170.75445842497706,167.89484210169314,171.0622811820536,167.0893520101383,136.54142583895577,140.07720188389058,93.15515737558832,101.91747455081445,176.5265266585613,177.54708640184458,73.89881385140902,74.2554679590707,107.07517797271171,98.61863074229855,166.64197466113035,152.19459935822178,113.5926888907144,123.35912536018533,0.5384705081551117,0.5661714565984587,0.6742377914886468,0.6285944843858116,0.19811686149171426,0.2331633135846275,0.24699246943326228,0.22304556862661612,0.20817226576004347,0.12185769294624907,0.035317531272546596,-0.2623396133308982,0.2914081297218299,-0.0010617633364093846,0.051804887714670705,-0.05151175740939472,0.07306390958548903,0.025374675864604002,0.06284598094313897,-0.15172851619435793,0.16617771848981633,-0.0032493427618226034,0.05075513426937278,0.1756308683708534,0.18284650340596043,0.022886626756013346,0.033756245428056886,-6.277392159647022e-05,0.04078340017989562,0.05033923618829076,0.009407748037309796,-0.13850201199303822,0.14766635280006657,-0.007144550778972574,0.0012054372189649904,0.025938695936060685,0.02693164739828581,0.007450580596923834,0.002844120139506328,-0.3837428208607349,0.3838256801371598,0.030605205849035484,0.02199144505742772,-0.48166563831714587,0.4831377540787299,0.0018655364193133467,0.009268967073355155,-0.40105252123590757,0.40116395496905854,0.040304304948493644,0.027687691930514683,-0.5427167008964544,0.544915096793759,149.03277407722567,-38.75628764879737,78.66226184483779,-30.26189659917602,-24.31494986576422,-20.94221283660679,-11.789525612109315,-13.026057408204723,17.36322968143082,7.026576078369855,0
40,1333,0,0.2720408163265306,0.8656862269748341,0.3109627068042755,2,0.9998916351433956,0.9994696974754333,0.5286777317523956,0.5166471898555756,-0.0002688448876142502,0.5119924247264862,0.27665044367313385,0.05684615299105644,0.24726293824871687,0.14709043942108802,0.28770567947205616,-0.07416094711021158,-1.0350796390088506,-0.8834462575687307,0.29533601335335036,-0.8322601931353686,0.28298532715983166,-0.41132473527588725,-0.836088840660829,0.11405235373320802,0.4240482215330856,-0.7517581165395211,-1.602079078555389,-0.4809513024510455,-0.7571303012197362,-1.834105518647305,0.48260049747425526,-0.7504450585586024,-3.918517110844292,-0.5287460535913009,-0.7541492991232642,-3.9772065348421624,0.24166409507335176,0.00221063193205951,0.08329782781928176,-0.24166409507335176,-0.00221063193205951,-0.08329782781928176,0.3038860138065715,0.6239545660285,-0.21460316624763265,-0.260239369864635,0.6210640982232336,-0.5926524449044223,0.2596373271867319,1.1934658077511333,0.37898800867838195,-0.15054619952369452,1.194741367547365,-0.12104955901991649,0.1939541809862971,1.253109260149466,0.36570963733603956,-0.0856701965693404,1.2485676291842245,-0.12780952613679225,0.25968104054015156,1.443284722132455,-0.702019629645335,-0.17800284684779488,1.4448099245394483,-1.1634920235644421,149.26105677328212,134.97519298142288,61.65650146125993,52.90663537655887,169.84234904920422,167.46803859963845,170.60496072498225,166.79252675111883,136.68367882616667,140.50668112807728,93.15600910933978,102.0245099542133,176.56003022741373,177.63187923543504,74.41944478046086,75.09063445804244,107.81893240123311,100.99796583980967,165.05122779321232,151.33051692263473,113.0974399962001,123.24854500520178,0.5440996851607364,0.5613138105505371,0.6666653558056366,0.6167362445208445,0.19915844350815928,0.23164480448605826,0.23701281947782554,0.21598007734992594,0.2090419697458982,0.05593444361831198,0.03285344802972039,-1.1375532908873114,1.1394013781977288,-0.006931297706835191,0.004595427802114771,-0.33407500295928,0.33417849788223686,0.04411014643582427,0.05634445132631239,-1.62813699606693,1.6297087102226888,-0.0020482323386452395,0.060025489691531965,-0.8299314614498247,0.8321018479565245,0.018153452511989694,0.03467545364842267,-4.978342489762735e-05,0.039139971924087635,0.056061780813968495,0.004285212719079216,-0.20350081225236238,0.21112523985410284,-0.0010584339951023901,-0.00258918964501583,0.05027606631770274,0.050353818424444134,0.0140621806636001,0.0018549687934644279,-0.17339058897711998,0.17396977375415826,0.010869719765403045,0.010783925200953618,-0.1105355155287366,0.11159096757229828,0.004472154559511123,0.012705723444620757,-0.1775793956987784,0.1780895206108396,0.011264374761870402,0.01924055995363176,-0.14837331731211043,0.15003908349595238,121.89676637515619,260.57158828339396,39.82054010825819,30.802688828455995,-28.027978658372326,-9.806501570913671,-13.534291219956033,-8.809766662776292,17.910891245951635,17.916353771106,1
41,1366,0,0.27877551020408164,0.8635049344915332,0.3051101863384247,2,0.9998896067792719,0.999381422996521,0.5291891992092133,0.5177187323570251,-0.00026994943618774414,0.512130007147789,0.27725253999233246,0.04536529444158077,0.24535195370721088,0.14704622394392447,0.28604225765455027,-0.0751433726621743,-1.038387692608373,-0.9189173097910848,0.2962260158508539,-0.8376386913421106,0.2273024379677016,-0.41550344151029217,-0.8436946496574613,0.09177799617487631,0.4308949005047322,-0.7574280053272412,-1.8475318628379624,-0.4870550187838488,-0.7646329547531586,-1.9262892230456778,0.4879391626507575,-0.7520260384156832,-4.3170952978432044,-0.5337406488846472,-0.7516088675409363,-4.237738645210029,0.24295712928358223,0.003056057966552597,0.08384459961680288,-0.24295712928358223,-0.003056057966552597,-0.08384459961680288,0.3104598360867243,0.6238840442334633,-0.24776193963454785,-0.26357187186036174,0.6207073359489894,-0.5871311755608767,0.2614168363026032,1.1971228774660578,0.4032409724535143,-0.15271819305261256,1.1985613043133996,-0.10849584027604088,0.1943029610940055,1.2593440592985028,0.3927076943846126,-0.08782707594637518,1.2537883101164338,-0.12038820562657004,0.2619890397102231,1.4474577007585572,-0.6964990738343281,-0.1808311757677003,1.4493499728432608,-1.1471187384912425,154.6310287604384,147.73312322521778,62.84695774021276,53.744605963336085,168.90461183352448,167.24761299801284,170.1690179615365,166.50790741039506,137.72354466118858,141.25968123278358,92.90491977699847,102.31987667538017,176.82923103423792,177.89133015954204,78.38715607979537,76.65668399154477,102.85718249305323,101.11853429244105,159.49137390103294,150.1615070155228,113.64630825203116,120.79992356182437,0.595181484285883,0.5780577646085423,0.7065896181629953,0.6613175505921929,0.20225167984210848,0.22933438974771445,0.24851340271107408,0.21695801430339653,0.20724987809743672,0.027499092158986584,0.012962230995519847,-0.9293151435567379,0.9298122689800506,0.04201727126961327,0.0011871999769068485,-0.0936655855890531,0.10266500110782481,0.01874877445733371,0.04338150593771867,-0.9490500635175569,0.9502260229354673,0.04840030598996294,0.05328432837528973,-0.038075802931145084,0.0814344892485926,0.013911234798716086,0.015362874785465993,-7.039130623660875e-05,0.020725475392253608,0.05426424652782843,5.5156536956331664e-05,-0.4038174094548869,0.4074470660985698,-0.0002993576562226711,-0.017636747502568956,0.035551946554611004,0.039687345354629464,0.01923895593899401,0.003603856955001606,-0.4598022396884751,0.46021867066983774,0.008132030714803673,0.0033832308071762795,-0.17313953878274618,0.17336342193249188,0.011955624196066795,0.015135131665130171,-0.4680481419634467,0.4684453781988602,0.0049658675691974736,0.008638225384612588,-0.19837065196749004,0.19862072988617585,135.74209524424992,165.620849206594,28.044331101138347,-47.571638191309546,-25.904594139763834,-6.7292068470187605,-13.12398960642874,-8.574999416353753,19.945987592707873,15.757271612812092,1
42,1400,0,0.2857142857142857,0.8619232006145247,0.3018578886985779,3,0.999896461313421,0.9993574023246765,0.5296097844839096,0.5176765024662018,-0.00027356110513210297,0.5123108774423599,0.2779347747564316,0.044792247004806995,0.24455321558037144,0.14707142712343393,0.285370425809724,-0.07565284804285953,-1.0309228477830974,-0.9193046450543851,0.2966106773518248,-0.836193205709385,0.23388414439927527,-0.41784893806132134,-0.8440210423474366,0.08195662979494735,0.4307085003622099,-0.7584735602415992,-1.8333597350882171,-0.4782882333858418,-0.7666542787421011,-1.8710889573359044,0.4876855014026757,-0.750007841858698,-4.173387142543598,-0.5249754750225244,-0.751417385066006,-4.018675964169437,0.24335423542105442,0.0030595974916282236,0.08468162786894463,-0.24335423542105442,-0.0030595974916282236,-0.08468162786894463,0.3158469684249023,0.6254665484337282,-0.31115207445250165,-0.26570536947414025,0.6183986766708032,-0.5891387561913102,0.2630128568438655,1.2004714082722994,0.2741523354600524,-0.1531350110142819,1.2017056071034444,-0.16267375421550123,0.1950822106347163,1.26331027937472,0.258829309994654,-0.0884714722880865,1.2572061228608902,-0.17541286516447982,0.2630590165903003,1.4508389487876991,-0.8234934597817227,-0.18268894531987134,1.4526642430143666,-1.222178792705529,158.35577715464686,146.07178987826467,63.535471645036196,49.71933561774113,168.10674124184004,167.0171817408882,169.72565342135152,166.21800179022313,138.0200599948781,141.56241832613568,92.910628789877,102.44252706771657,176.97794047829842,178.06582255239294,78.05266894621732,77.16805084279389,101.58464861560005,104.32165032822842,155.83801224127305,149.36498445513928,113.50116200824542,122.89433524442009,0.5915860272172795,0.5580451759399069,0.6679769078449632,0.6130180412096408,0.2115074132388512,0.22850794356895293,0.23462990581707158,0.20868978634665175,0.20845636440202803,0.008650680086505954,0.03400444984436038,0.13974353448668533,0.1440812003906412,0.05475353838792492,0.06825888334815187,0.26336801585866465,0.27752465998405335,0.06044266828850139,0.02746484172877983,0.8900859462681108,0.8925584717120884,0.04726336963141146,0.044249776583998986,0.9700344569647498,0.9721927363108337,0.012799430249342287,0.005245653551016285,-9.206193151758685e-05,0.013832959599604955,0.03114387170592353,-9.607912889167451e-05,-0.21834126604137152,0.22055126032871136,-0.0003189293306265307,-0.018287060865715382,-0.1007031593749773,0.10235059657435511,0.01836445794176701,0.0017151903750291524,-0.3690013467375915,0.36946202658415894,0.014516399867499063,0.008220992871184853,-0.4377415709531133,0.4380593493231262,0.014029332061312103,0.005921321128731348,-0.37442336776363344,0.3747328949124392,0.011036645120649204,0.016030090958324843,-0.4444463706728241,0.4448722825215083,-22.433099670450098,-225.13347379081563,12.3394519274162,-118.54043284175367,-10.686800805738375,-8.000532536145144,-8.138318032853798,-8.362442837138753,4.669718785740899,22.373601002868373,1
43,1433,0,0.29244897959183674,0.8566973796396544,0.29043835401535034,3,0.9998847137797963,0.9993656277656555,0.5300467610359192,0.5180701911449432,-0.00027611758559942245,0.5127920806407928,0.279845729470253,0.045607308857142925,0.24321576214929094,0.14739280040608957,0.28439153392710165,-0.0714512038843286,-1.0267423144740275,-0.9203892395203078,0.29888888563129934,-0.8323732533851984,0.24351273224019798,-0.4202334288872828,-0.8429541263373959,0.07916513238641702,0.43241858220300955,-0.7550491195633643,-1.8253117208050587,-0.4799980858945595,-0.754225863535153,-1.875401442788331,0.5019956630210792,-0.751156468287405,-4.132435810331773,-0.528719312400183,-0.7467825014644023,-4.033783414079472,0.24416373758490348,0.003040996268159705,0.08675749740588376,-0.24416373758490348,-0.003040996268159705,-0.08675749740588376,0.3165836505737108,0.626246857556912,-0.3006175326977602,-0.26819231332175447,0.6187660842842683,-0.6142421615486356,0.2642452743321189,1.2032397195593938,0.31866995056415126,-0.15320012927123308,1.2062192021706593,-0.21223174744225842,0.1957205276580535,1.2668129836299735,0.30679815536175936,-0.08875215567067875,1.2636065187685672,-0.22577272934759832,0.26305105008345603,1.4536690475117553,-0.7823227273644134,-0.18433379436255865,1.4555570032913192,-1.295360458574472,153.12801108251824,132.64918048123315,63.67370101934964,45.802396962938595,168.18859617954,166.71157731809112,169.6237506533353,165.94762374030677,138.03641581983322,142.75871249997576,93.03432977556298,102.55295598823385,177.1678838549952,177.55625230006476,77.52870838291335,76.88230884586925,100.68133340681456,104.82094055847568,156.83205699697388,148.13317848792803,114.3262084487167,124.50458171301793,0.5899903593613087,0.5566941587462402,0.6564257896293412,0.6139855736813234,0.2096969809310465,0.23199473416384025,0.24117627065026348,0.20506517718264794,0.20980675660377548,0.014528180613662244,0.05283364743897404,0.17554922537370146,0.18390212848946483,0.012127739010435151,0.12889549587712132,0.008182092146439978,0.1297230802240182,0.12368595961368434,0.03446503119035198,-0.0766353173689408,0.14952935112795804,-0.015088554584618757,0.06342250289339002,-0.05708860628532636,0.0866555671628551,0.017393493291103464,0.010526089957266133,-4.6848347692778576e-05,0.020330626488718976,0.011081948424830571,-0.0009861859408291894,0.06823760993552924,0.06913865455238431,-0.003596598451787772,-0.0015822323885830952,0.09440608096845214,0.09448781457720792,0.015081781329530645,-0.005994782303318827,0.32034629222118466,0.3207571425281074,0.00854920257221568,0.004736763058286721,-0.19867238447521654,0.19891264952727214,0.006979162042791187,-0.0014124494610410735,0.3539796805743012,0.3540512928599242,0.00685904965256199,0.014582366654367145,-0.15780273260492253,0.15862343583770774,-77.73360928432878,-384.33662549783764,7.361232871788854,-107.90890686967072,2.797514703233485,-10.560032717038291,0.034367024471059625,-11.062274479365543,-5.7649674658480565,23.52928189977049,1
44,1466,0,0.29918367346938773,0.8553547958532969,0.28754130005836487,4,0.9998810670592568,0.9992740750312805,0.5307577550411224,0.5183712244033813,-0.00027665309607982635,0.513138085603714,0.2810968607664108,0.044385588727891445,0.24208323410586646,0.14742359085171428,0.2834396009289623,-0.07143009742025383,-1.0233564027747581,-0.9294984660901813,0.2993569901587167,-0.8300372743160314,0.24271640410534456,-0.4236844968279377,-0.844212638958705,0.07242828053005929,0.43297533975246444,-0.753788896673324,-1.8049605832148188,-0.4827725418577536,-0.7443140495940936,-1.8819189014589883,0.5157582832274694,-0.7495427116541519,-4.219650680328366,-0.5361152411611035,-0.7442189983050354,-4.059334063903741,0.2450059480875909,0.0031537260663888904,0.08714497882429396,-0.2450059480875909,-0.0031537260663888904,-0.08714497882429396,0.31652888874704666,0.627046624623004,-0.297371381610579,-0.27240301012541696,0.6197918139565807,-0.5711583132698298,0.26426624125919135,1.2048022162840006,0.3506246680378969,-0.15623761232315506,1.2085437041931284,-0.21003262669665126,0.19398611723321957,1.2691361671918013,0.34302892395911555,-0.09152713634221513,1.2667148828063641,-0.21334186256007254,0.26223273248663814,1.4565728931151156,-0.7373164307349074,-0.18683035337464243,1.4581204206287888,-1.2665029165917223,153.22535894188115,120.70557259540736,64.02131301457426,42.59734776434286,168.29137721225345,166.32021958156366,169.7279216449666,165.487891674585,137.63957214213212,143.11535093152054,92.99478007573367,102.73134310606191,177.30905822496464,177.05926681422454,77.58935795105623,76.99369754945451,99.6681960990216,109.96717918817957,157.01553053066888,149.74491013033705,115.60068537298703,131.7003411685453,0.5820284840044198,0.55491538633192,0.6848219451005532,0.6173508567771626,0.20871063252091043,0.2237343471101885,0.2465161710582558,0.19851599528252328,0.2105839838143127,0.007699674634791138,0.029631959858225376,-0.06327967145549722,0.07029690501036867,0.01498878891788313,0.05337195609932519,-0.12486639307506059,0.13661934566769338,0.07366778245612762,0.05063459054747628,-0.9924671543178282,0.9964847496733914,-0.014330913771444303,0.02787940537751613,-0.5027447173844526,0.5037210410452412,0.013798252860111987,0.007005769815017934,-1.8821056209393417e-05,0.01547491347067123,0.012098853267840494,-0.014331803393008114,0.02342284615360091,0.03000687522598497,-0.007937648403110795,0.01179994042239973,0.1888570945654344,0.18939178182762054,0.007138323428025892,-0.010564256070265137,0.06011295229641364,0.06145019285138281,-2.1795728313389124e-05,-0.002638617558265802,0.12493483833412636,0.12496270086408524,-0.001202768354273555,-0.006085901118036531,0.06391563967092719,0.0642159936361368,0.000483064509149808,-0.0004118947840448639,0.15549628592249184,0.15549758179573875,53.78830856173738,-165.36450361265554,12.85957427957863,-55.19245555221062,-1.1891150950754685,-9.83564866565892,0.6282789767734607,-8.891635711853757,-3.4379717778813497,6.648818590339316,1
45,1500,0,0.3061224489795918,0.8519792945095988,0.2815732955932617,4,0.9998669534018545,0.9989660978317261,0.5309712439775467,0.5185395777225494,-0.0002773785963654518,0.5132816284894943,0.2818040996789932,0.04178821248933673,0.24109359803614805,0.14769815883398757,0.28273816356651527,-0.06668036254848043,-1.0178333407664435,-0.9458435387565279,0.30035626782217717,-0.8285087841920608,0.24231580804240066,-0.42548699135034934,-0.8460828242227917,0.05524282751693434,0.4335020699155294,-0.7541027354797772,-1.8509764318692767,-0.48252285539677653,-0.7476490372247762,-1.9159531685983238,0.5191183717924973,-0.745210362084271,-4.3917799479939905,-0.5384768314054209,-0.7462030765756817,-4.176501936697177,0.24609068645394652,0.003178309626195088,0.08746873144039385,-0.24609068645394652,-0.003178309626195088,-0.08746873144039385,0.3180322355353453,0.6248526368147587,-0.2968205228739709,-0.2749113447480596,0.6235205147355011,-0.5730764539706243,0.2642123110868093,1.2061123744017412,0.334782767483634,-0.15737091326984295,1.2109874057489214,-0.18386275261970758,0.19331027679775406,1.2711186248340793,0.3237426660887267,-0.09242643080224978,1.2692379694979412,-0.19024082201002535,0.2625896898423014,1.4584711917012465,-0.7698853167783228,-0.18802226441666575,1.4584893215475538,-1.2680275617992982,156.73182775615464,121.56975873918523,64.53529249608141,42.104502440940486,168.10892546816996,166.05258885749197,169.66584534477911,165.35188414761257,137.80607171071517,143.2041833455285,92.99317499792619,102.75499485197909,177.49512756922493,177.1689441844452,77.7076356711639,78.15427646563457,100.46879074131098,108.06619113871577,156.89962688480415,148.7375810564732,114.57246010022348,129.05021593117422,0.5934226468453315,0.5582597526659644,0.7187942476454778,0.639339303467003,0.20764087196637,0.22430901849066565,0.2431683297840557,0.20199864086653418,0.21198831590062125,0.010461059968862969,0.024973901350106784,0.15938993710190516,0.16167337929809686,0.014997240322739342,0.016715544373241836,0.18398085636879094,0.1853463842409274,0.029274776800354937,0.04252079707473075,-0.1149764701501648,0.12603419944115474,-0.0024967229188378195,0.02697643949024715,0.293836664797655,0.2950829501891187,0.01953519991974334,0.007052030136336147,-3.088654866859097e-05,0.02076911454364442,0.009689758073038138,-0.014757932122073967,-0.05894732564242923,0.06153434140728529,0.00236105563035652,0.011027748905011086,-0.0024442352465729234,0.011539502395779501,0.0004394730525230297,0.010691471953890225,-0.7456753458549733,0.7457521184180698,-7.116972510494409e-05,0.0030202652091410646,-0.15327768094504068,0.15330745103533946,-0.0027515994968699007,0.03360011684360791,-0.8286678079348898,0.8293532872421202,-0.0030745321245335844,0.008388241725181472,-0.22506113372631945,0.22523838318812606,62.48103390581452,48.66270209326202,26.81944298934939,14.563487728965049,-1.642344936051326,-6.778755290649724,-1.8070946466565811,-8.915096158121823,32.32841917690454,13.603739183488527,1
46,1533,0,0.31285714285714283,0.8482394010731669,0.27150052785873413,4,0.9998907952597647,0.9994507431983948,0.5320666134357452,0.5188437104225159,-0.00027872249484062195,0.5145502388477325,0.2836008816957474,0.04468534700572491,0.24014116555087134,0.14685393022044863,0.2814850905702172,-0.0698765426988969,-1.017873570846221,-0.9140731084793349,0.30206767086062114,-0.825062712838368,0.2556397442494585,-0.4265245261244575,-0.8463780604560638,0.0638377059379014,0.4338218762757157,-0.7547570574912926,-1.7795475817195086,-0.48720484491313243,-0.7471821022663794,-1.8511870542740232,0.521657730884941,-0.7463048194134787,-4.2763098271200475,-0.5450819030095251,-0.7446440592359986,-4.017573004947176,0.24553935839096053,0.003454923250766912,0.08800077526260791,-0.24553935839096053,-0.003454923250766912,-0.08800077526260791,0.31638328383508474,0.6262092859646964,-0.31345968261387674,-0.27838230433607264,0.6250416930004448,-0.5756986219587905,0.2615559641622745,1.2140341120425933,0.17557852570760002,-0.16198923062249862,1.2159756535531523,-0.2479673043290579,0.19002829593948356,1.2842675604254303,0.14817590337269318,-0.09754430328921966,1.2758284508865687,-0.26838564981659585,0.26090038421716694,1.463102188778271,-0.9412884638523701,-0.1913888996013984,1.4638414102215431,-1.3390637130526428,157.41158821357072,123.96597363565591,65.81821569486067,43.573101442183514,168.181340101538,165.86604297709013,169.60684630364062,164.89058023199084,139.80557622698473,144.02680145681427,93.09700058464722,102.92421317930877,177.5459211640057,177.08945463596925,76.89539768345482,77.50366135730572,106.89785474584288,112.36617980746776,156.72315179337988,149.07013849883026,113.52972313561831,125.75799155695037,0.5744151078062554,0.5400437830970858,0.7032401393626205,0.610023346894497,0.20951500055584843,0.2241186775430851,0.21579140358533327,0.19300891191137165,0.21216003066710462,0.012025688633774255,0.019370154900984312,1.1529132272257938,1.1531386428353703,0.028296402006438258,0.0171670407959909,0.5701870629281703,0.5711468115877515,0.0073449178175492656,0.03873895515095101,2.5344003330577483,2.5347070250163353,0.010597434910860919,0.03162929506012885,1.9096226403207472,1.9099139630774662,0.03029835043531473,0.03618679263375019,-8.085573261434375e-06,0.047196123417031485,0.007969863487012452,-0.0015018564282041594,-0.032044382709445346,0.03305475396916383,0.005613673817027694,0.011343847621570924,0.1055295720244898,0.1062858729288958,-0.0010475967869614101,0.01304890170241846,-0.8463446389545086,0.846445874927455,-0.011100913539077287,0.007713382894342589,-0.24761801416223678,0.24798670830253483,-0.001658995946248371,0.0281785473679051,-0.9191826155239877,0.9196159325940553,-0.0056895342740145545,0.009966619086988036,-0.30270862308415475,0.3029260879914194,59.07843261831893,106.45062179836037,14.135312795705657,51.79430714003353,3.5175515228292946,-2.6220723395835632,4.3107009354408525,-0.37197506198643165,24.68221491822024,-9.747864770695209,1
47,1566,0,0.3195918367346939,0.8509270639130564,0.2782231569290161,4,0.9998973915071199,0.9994335770606995,0.5329709351062775,0.520927906036377,-0.0002779122442007065,0.5165750533342361,0.284200981259346,0.03670667379628867,0.24015895040172702,0.1479280807249147,0.28206211820273924,-0.06963363984679577,-1.0171070802720361,-0.9182652296986021,0.30307073301904436,-0.8285802260627696,0.24795948142110363,-0.41932797363337154,-0.8499643887576971,0.014284780772983521,0.43026544735818273,-0.7598451079713936,-1.5856396220686795,-0.48414780219407516,-0.7538914504132567,-1.7871247786826914,0.5149916957550061,-0.7463992962322754,-3.809277362379197,-0.544377287661621,-0.7490579866052327,-3.7396757371245806,0.24697292614086092,0.003993265666079147,0.08803941529653393,-0.24697292614086092,-0.003993265666079147,-0.08803941529653393,0.3135698287143122,0.6175314760609318,-0.30502814665593037,-0.28134624358679233,0.6192019404251354,-0.549755138213762,0.2575109042451121,1.2035891212719143,0.1375500283274098,-0.16743515485147475,1.2072273736385801,-0.24224193148028852,0.18629587033512623,1.2722913795013504,0.10944003433711139,-0.10106879960520196,1.2661447891203776,-0.26152599504055435,0.2571918149105204,1.4526102417012057,-0.9177552150568558,-0.19232105884674616,1.4526402487777037,-1.3125880106417507,160.6310043089637,128.59549977787702,65.46822314059798,45.5229267121827,168.3410838686767,165.87953208307945,169.9503516065182,165.32733379352146,139.4350978953177,142.5608242706626,92.9283693220373,102.44195131625372,177.46776801649034,177.07612524712184,77.30913666442389,80.66986684419255,109.72343603709896,114.95738862734194,156.45956059487347,147.38458646776868,114.82905017109275,126.3881636897863,0.5187941085350348,0.5091598620683037,0.6276705524438762,0.5510043013174405,0.20638128633896255,0.21898180949267837,0.20774820121908424,0.18990847128657518,0.2142411800011545,-0.054426157652442,0.019032563736189608,1.1160738432585275,1.117562199040859,0.043687090944887874,0.007190366289508858,0.3257536176425299,0.32874866188290375,-0.019754046824440978,0.05989199254050168,2.0685391639595547,2.069500313112058,0.01804641823270423,0.010531340072404066,1.228766654854387,1.228944292641774,0.030774901162332485,0.03763632987862193,2.3852978179703837e-05,0.04861675058298684,0.007622277558739486,-0.0032417809785301923,0.04803856362157781,0.048747429203185706,-0.000537776235324232,0.017422348705690253,0.22340955129310208,0.224088498247204,-0.001184975922997315,-0.009858786170162347,-0.1865042679345425,0.18676841754024337,-0.009546529001264405,-0.0037373001895733638,0.054410478072379816,0.05536789460277402,-0.0034704137204298246,-0.028005286828795405,-0.19438270090231205,0.1964204018726969,-0.0026537411248505937,-0.014713451043883328,0.05646483666861221,0.05841066481038826,6.402695460768757,12.139578242025998,-77.13210282193474,-1.9017856240654263,6.844174072184105,-4.986422001872072,15.772236503282098,0.39968047927566136,-27.08564847492305,-31.270669571569332,1
48,1600,0,0.32653061224489793,0.8527806464469794,0.2841123342514038,4,0.9998835072372899,0.9993621706962585,0.5341285318136215,0.5213653445243835,-0.0002771243453025818,0.5167337357997894,0.2842249125242233,0.032926612766459584,0.2400846758453618,0.14906325849508406,0.28259601308041254,-0.07109414777045302,-1.0149098920562702,-0.9160739096200501,0.29869503730572244,-0.8293680442662039,0.2503277483250655,-0.4218021952887504,-0.8489318681439689,-0.015336909283652254,0.41191635340268673,-0.7562007286959922,-1.507950371346128,-0.4822282582677955,-0.7514631893583743,-1.7666833157344013,0.5076272398396088,-0.7380944550972651,-3.7690798307701625,-0.5459568785537177,-0.7481430203810971,-3.710459754950406,0.24744887296927975,0.0031979418755186686,0.09119847592197808,-0.24744887296927975,-0.0031979418755186686,-0.09119847592197808,0.3096503399673974,0.6140558823060133,-0.30084374018885873,-0.2847117928444864,0.617792087449328,-0.5204735033337747,0.2529504635167688,1.1980010811831223,0.1306648055906206,-0.1709121390201331,1.201386318427686,-0.2340981194854353,0.18116213119297184,1.26365612292532,0.10150202813735831,-0.1050863589882485,1.2584015175998489,-0.25394913486869114,0.2523560960055426,1.4482403493197709,-0.9181925830232677,-0.1949368830052203,1.4482264287180173,-1.2920236991858105,157.84056880944223,124.77932537787166,60.65036480579103,43.44568180537113,168.63989976437435,165.5319527029647,170.66358614936053,164.9173588241023,137.99083777916488,141.93166659551912,92.7818012427007,102.38911658459608,177.70377155269756,176.91271428506937,77.07666822469227,82.2653852419967,110.29320680244986,118.13656625190188,156.60588667059358,147.28484753728836,113.78035744568848,126.52070622387333,0.4983406193274204,0.4959834315479303,0.6395788263598068,0.5495994224663543,0.20587144672260754,0.2135973864686929,0.2058118837874379,0.18650126116665855,0.21708022814760505,0.04066193281714599,0.02811026217332529,0.26789885848315814,0.2724213244157997,0.042906448022643165,0.011871110147504674,0.02297981461482263,0.05009948520479611,0.03731695573721362,0.04300430639466246,-0.18763720099605746,0.19608580966407038,0.06818237589366406,0.017880059000271484,-0.23437080098621899,0.24474109840253633,0.01772014952417631,0.023369024048990297,4.044998047956783e-05,0.029327744890502126,0.004472127601281924,0.001957167440385962,0.029005110263824484,0.02941303879384908,0.0017641195610388015,0.0232111162214137,0.27643166371245903,0.2774100444052227,0.0001672488539966186,-0.008525243446008489,0.050475237084858494,0.05119040248684853,-0.009055457898040324,-0.011557963357042919,0.20423637174848316,0.2047634815578465,-0.0020772663515005556,-0.03787118997146837,0.051490767900623534,0.06395186662128015,-0.012775855277901276,-0.025926241234167317,0.19561465996414884,0.1977384324189501,50.645909564155104,5.007806095622969,16.85714102115757,-26.82010050631686,3.225406023178146,-2.3645356159237076,2.696234464761759,-1.7361563457363947,-46.86684339811463,-20.963177955519217,1
49,1633,0,0.333265306122449,0.8561501927448042,0.2912270426750183,4,0.9999035054987128,0.9995285272598267,0.5341581851243973,0.5224936306476593,-0.00027520209550857544,0.5183297544717789,0.28602011501789093,0.022934237029403448,0.23813639133009482,0.14901750836864108,0.280918419965865,-0.07011462252589895,-1.020124423093893,-0.9492358025738916,0.30749137059843756,-0.8292357190220027,0.20564908955864228,-0.4201819563887304,-0.8543385774481455,-0.040409379555060077,0.43748887298618894,-0.7618078505926179,-1.5282100660731635,-0.4801118866717711,-0.7597030470833154,-1.7889295518549682,0.5217622774453933,-0.7447550168784647,-3.8695477655111934,-0.5345581884975367,-0.7534167501103455,-3.810808895157535,0.2490329992608371,0.004086013465765474,0.09118256917682004,-0.2490329992608371,-0.004086013465765474,-0.09118256917682004,0.3116867617062439,0.6149388203978403,-0.2993618322659729,-0.2862972511086224,0.6216852248718103,-0.48607310077410687,0.2543728772768267,1.2008823811217397,0.15013890185625556,-0.1745029042319681,1.203812131812914,-0.19452674395305566,0.18233258232657773,1.2628652374485565,0.12215667169894241,-0.10875368025458404,1.2595425335215729,-0.21594562601015385,0.2538961138206369,1.4508021243408684,-0.9193224496756816,-0.1952220637766649,1.4527545842090743,-1.2243275741731987,164.02428024976209,128.93102278628376,66.59765158901554,43.725979978259474,168.55718607222963,165.72110819681257,170.13099931565725,165.21101131835712,136.29501938764403,141.15629134764282,93.072786391303,102.32108563445189,177.1351463059738,177.05176975592727,80.30559453495376,84.00490508797186,109.37011683622502,120.03708655079018,153.6979777774951,147.97739484103298,112.32018728276302,124.87790202280681,0.48880720792016535,0.4921984353043632,0.6581682395856892,0.568191793185186,0.20443288186873118,0.20812942200524842,0.20808180277643898,0.18556973913749789,0.21590246364241827,0.09825012900612595,0.02867751049272949,-0.3107054667039359,0.32712898755306236,0.0740985075632733,0.02199140462008395,-0.18778443336486864,0.2030694563799133,0.03717162392356188,0.048580043243639515,-0.5109219840078656,0.5145707181420278,0.060585412112149475,0.014687577883402542,-0.44302687500462495,0.4473914718467973,0.003936615857211036,0.03269992091438995,0.00033153672561501095,0.032937694042161396,0.0039185538436427355,0.020934776826338385,0.18006337411475948,0.18131861085554885,0.0009360638531771597,0.028645450418645756,0.22681712201147425,0.2286207446466578,0.028895609306566716,0.014892130187063543,0.12040781703862306,0.1247187803929814,-0.005047881242000708,-0.02005244746352692,0.42698120303226345,0.4274816130515906,0.03656474026766699,-0.013651269854921317,0.11440620503642371,0.12088059046153793,-0.011082851525509023,-0.020298090848055804,0.4454357267329198,0.4460356810167734,129.00466832441012,-40.39720498595529,62.68351973787362,-30.020438649313743,7.454027630978673,-2.3903128057940473,-8.837920925856245,12.668861661102476,-43.61537261875776,10.077263510424523,1
50,1666,0,0.33999999999999997,0.8545753486228712,0.2877533733844757,4,0.9998018777731693,0.9988831877708435,0.5343883484601974,0.5235235393047333,-0.0002552429214119911,0.5200361460447311,0.28608109056949615,0.01897827861830592,0.23865211192524366,0.14799245537137856,0.2808141687544069,-0.06920534385952645,-1.0185855617998445,-0.9734317995095577,0.30809764241714493,-0.8339765475931945,0.18607905327806445,-0.4103161485497068,-0.8571236542837157,-0.049095071130503556,0.4366966652929096,-0.7619444241538539,-1.5906220368906652,-0.4687979203917019,-0.7587482651245251,-1.8221064759581065,0.5186595294963416,-0.7390455514907466,-3.913156057616515,-0.5361069112290621,-0.7571236535419457,-3.838206574117498,0.2488052628362067,0.005113366256876288,0.08663269719747949,-0.2488052628362067,-0.005113366256876288,-0.08663269719747949,0.3116109127221953,0.6151870662535147,-0.2605101466011387,-0.2872235910490491,0.6207592250287796,-0.47054494761913335,0.2604216389390823,1.2014173519692672,0.15971554359039528,-0.17410825849546996,1.1966110148023048,-0.1353076927296997,0.18998027216366142,1.2607804129791313,0.12895715604499164,-0.10928319985632465,1.2539302575565305,-0.1509472854829546,0.26016714334364033,1.4473515797363772,-0.8677962283502058,-0.19559329032351552,1.4489250374920164,-1.1410453792283537,166.35487691885328,122.11310984879862,64.78747710849068,41.46433285451643,169.13186558801894,165.3741920577823,170.08028336825402,165.75350369373507,135.11222318632687,142.59676598720714,92.86459855738732,101.91123985434926,177.25188460396618,176.8719874984904,81.25843391341012,84.7568987099047,114.15778565265055,117.22872947875203,155.38878021951575,148.04115856988005,111.2744998840453,126.19629876049598,0.5006368593354193,0.49892288027563014,0.652638139644427,0.5664650862663576,0.1978978205212467,0.20646642566562964,0.20305717403291013,0.18979057375333339,0.21237443547757995,-0.002710676904934558,0.042765443004779,-0.17131931746183948,0.17659711045277182,0.06987710497272553,0.04072376151583091,-0.12168332711974196,0.14610977602575984,-0.01243246135426992,0.059916901944288614,0.046738937719544404,0.07700084111929144,-0.0005440035862709163,0.019344820905087615,0.1165528795612393,0.11814860037160214,0.009306108773644298,0.021001741067687093,0.0002906004439538986,0.0229730545857337,0.010112328315848743,0.030811153241057918,0.16776950501683946,0.17087478796360447,0.00357627868652344,0.01961971396830546,0.0812807189884471,0.08369156603099687,0.031036227496702304,0.01559417639205706,0.13952541039950822,0.1437837470012687,0.010771093083851381,-0.020071641722721856,0.20717962909100676,0.20842813139773966,0.035055537722004024,-0.002204482235125643,0.14614714170569815,0.15030880711272127,0.0059595748559752556,-0.02397530114472804,0.2240629783317226,0.22542082835515967,-8.221399829659255,-126.9507537192939,-53.43168325332113,-53.48434973856843,5.122370383838195,-8.31515122005014,-1.5927200191911277,7.351541066630091,-30.962184667563193,5.404585900179492,1
51,1700,0,0.346938775510204,0.8508136290492434,0.2817397713661194,4,0.9998383991646044,0.999106228351593,0.5347816944122314,0.5239007472991943,-0.00025573186576366425,0.5205191075801849,0.28653933107852936,0.017772519029676914,0.23847197135883785,0.14760110061561532,0.28045492690753604,-0.06642214722699029,-1.0172442618827928,-0.9716526701230687,0.30728274010460754,-0.834791050414954,0.1910679383961322,-0.4089931075373664,-0.8578974599132765,-0.06250360120134038,0.4353411068856557,-0.757867554761697,-1.571732850256612,-0.46643507856239,-0.7562470254972488,-1.8210252959916349,0.51743127489083,-0.7366890968991046,-3.8648463680930174,-0.5377947924957794,-0.7550577164134649,-3.789332042182439,0.24836624684525713,0.005523401318523966,0.08677233531458838,-0.24836624684525713,-0.005523401318523966,-0.08677233531458838,0.3123944738578546,0.6182985420492195,-0.2598462687584964,-0.2881392419413059,0.6223824883240572,-0.46752806577763995,0.2599845384255315,1.2015751620131103,0.18364988598995985,-0.17444131478440666,1.1959892773367178,-0.14542294222732846,0.18878538971958997,1.259408397874311,0.1572033265831279,-0.10973289053759715,1.250879206996824,-0.1628438310655484,0.26274379500787004,1.4478465161423455,-0.8143126678361167,-0.19714562049671788,1.4477383391724303,-1.133846715444167,163.47344646117492,120.42532228709108,63.01772881104303,40.14252854577539,168.90038488794679,165.1639930650692,170.02428707437144,165.70356456982134,134.2205530149173,141.51839860295485,92.73659635551218,101.94601910838217,177.1223769484817,176.72165070898782,80.76664873862272,85.49585074988185,112.69200657186545,118.33246244652956,155.7982943503947,147.47897021614236,111.52908427632417,125.07364992382979,0.49615819958492996,0.4942719476291218,0.6435543499336521,0.552384088848779,0.19825950582984858,0.20624835778987627,0.20602411651914948,0.18723463254487327,0.2131980505823969,0.08076874177847315,0.04067349789747541,-0.40793863695059146,0.4178419014373739,0.019459137276037364,0.020292267870547116,-0.04066816016809254,0.04944020034663426,0.03750466588717778,0.02570828395103334,-0.3008166355873214,0.3042337326351092,0.0004083362977896153,0.023453982908334246,0.10322456929221056,0.10585635435985365,0.012449586569373255,0.03097439879801728,-2.7758972858315013e-05,0.03338272543108947,0.017239086663545025,0.022362417249537168,-0.060946861309791524,0.06716981254812743,0.018312859891065864,0.01797925180463644,0.12048912137301969,0.12319189381646262,0.002675092042382077,-0.00028645814354739897,0.1543002453312941,0.15432369839075516,0.00451972235494584,-0.011647815134987872,0.5706092955760901,0.5707460623477191,-0.000859374430642197,-0.013847849262294449,0.17922071378622437,0.1797569628794585,-0.0033200676761456307,-0.04467323644837325,0.6305165871206322,0.632105914810482,13.891049218037642,25.390339755658303,26.83179602932499,13.651906884112789,-8.925362227945499,3.4695243466634436,-8.480691543087353,4.78639386716097,-22.68447081178147,-52.609706711685476,1
52,1733,0,0.35367346938775507,0.851612490234953,0.27955949306488037,4,0.9998045076023448,0.9989976286888123,0.5352224707603455,0.5255988240242004,-0.00025710277259349823,0.5221688449382782,0.2877921164035797,0.0068748509511351585,0.23827146723932208,0.1475723599870297,0.280269323209874,-0.0671968654626269,-1.0172709221885923,-1.0098527622946907,0.31326445437907025,-0.8352850738773366,0.1373367864851815,-0.40641504019821334,-0.861701987689469,-0.08644321281791262,0.45387769522603955,-0.7611070238551203,-1.6912276680436307,-0.4680335932913207,-0.7627769021900599,-1.8353639863863476,0.5256573686662027,-0.7417411564254286,-3.992668578362625,-0.5400276372563971,-0.7603933061154288,-3.8209850095610354,0.24851668709590907,0.006511930032584322,0.08664602610253498,-0.24851668709590907,-0.006511930032584322,-0.08664602610253498,0.3133616441904645,0.6143242503417476,-0.27557964332980167,-0.28638030639706236,0.6188594204248586,-0.4426494342057493,0.25859125109014763,1.1962798274366173,0.19691903226078417,-0.17634240600795167,1.1887481487264941,0.0008433509315442013,0.18716801118148715,1.2525163618055377,0.17205823206864024,-0.1132654740710021,1.2382839028385018,-0.0005054613496176176,0.2606296850993678,1.4426051713889685,-0.8101208944660779,-0.19837567652169596,1.4424716151492407,-0.956385499542991,167.2855772164618,123.81426261242773,66.58520744245546,42.37901061575199,168.5338663187466,165.60665018900875,169.51207703486716,166.07419208283486,133.5923636419375,139.0719156375242,92.89732088854612,101.96200649096882,176.8099207770213,176.832794204412,84.60251422522087,87.17129917117934,109.58534722183043,111.66704451282816,151.0394939384551,147.56501393743775,110.57372744019099,126.16024588943213,0.5144238205941368,0.49125599383828406,0.6453597592511899,0.5568747397401836,0.19913882340006323,0.20196149988447185,0.2106549965026546,0.20472467440284245,0.21135985023832152,0.0956130750251538,0.042729757048866925,-0.4341873255642974,0.44663892120358034,0.014000318267128671,-0.00078163363716819,-0.33543778188300827,0.33573073344172155,0.05818497050892218,0.02946862668702094,-0.15390461141412895,0.16715418082260813,0.02576862320755465,0.029455080176844714,-0.25111798084143416,0.2541492946913608,0.0162824536814834,0.05598275950460718,-6.342871171055413e-05,0.05830258727399503,0.032610965497565966,0.057596148866595594,0.18611956726420992,0.19753805900019175,0.020075476530826437,0.029288458101677146,0.3447046108318095,0.34652865287681867,0.002819480318011657,-0.00020048835060813193,0.5040279956478056,0.5040359214000395,0.011682961926315759,-0.011109041445183022,0.8843536629821307,0.8845005956081174,-0.0008154999126087528,-0.012430277737704179,0.555184020689039,0.5553237557256049,0.0004921898697361798,-0.03797086802395904,0.9552641969287026,0.9560186792124932,17.895607841964086,142.52531888735345,31.546521621797613,48.75668457828067,-17.51794038619115,1.2992269419010478,-9.290978448712018,4.797380654468689,-14.142812271327283,-34.475706106960445,1
53,1766,0,0.3604081632653061,0.8516381057825956,0.28023576736450195,4,0.9998019391840155,0.9989408850669861,0.5358563363552094,0.5275956094264984,-0.0002599181607365608,0.5226424038410187,0.2887289524078369,-0.009204803965985775,0.23939903681892583,0.14799489582763542,0.28145050723148834,-0.06554667241118417,-1.016382363079106,-1.0400215176970045,0.3110318085508132,-0.8372663869042402,0.11073788638967336,-0.40493060904807027,-0.8601308526196357,-0.17430064840588955,0.4524041564985291,-0.7582945574968436,-1.6679749610223489,-0.4653203083231863,-0.7668831594242077,-1.8932288622779188,0.5254270739976377,-0.7403007428904963,-3.8872508509316335,-0.5336679386702925,-0.7586075633814113,-3.834800128718583,0.24776628829498845,0.00652007352579762,0.08771227188179592,-0.24776628829498845,-0.00652007352579762,-0.08771227188179592,0.31511846251191156,0.6164897616355368,-0.21526729219079876,-0.2862305395084121,0.6139211226815977,-0.38502634076224374,0.2559078297201046,1.184149864060243,0.3012094388939692,-0.17490283861122466,1.1760256883201976,0.0624868208330652,0.18410813413524724,1.2389106459409966,0.28685249112213945,-0.11304753904913233,1.2244223701758195,0.061756039185745716,0.2611793740223102,1.4295833266979543,-0.6369583021798186,-0.20009261191292171,1.4292694737067977,-0.8457373038869509,164.65455657874455,129.8319933336564,65.09979923808167,43.36046972794192,167.74420082245817,165.24974204323468,169.41108249675645,166.02019169301627,133.2871274050097,139.24300199989545,92.78049204806373,101.93971119668198,176.6305639511005,177.1408544181643,86.25882725373687,93.00376889503549,110.65049625812564,114.96044126176557,153.2676772653557,145.91963212022432,113.37403600390792,126.24544462395293,0.5026899953818041,0.4848025838071197,0.6249748792731139,0.5467996570503004,0.19262320392805787,0.19394011544678255,0.2166423307639115,0.20463279664149464,0.21698573448720232,0.08615806921204532,0.06129181207115975,0.500984601120451,0.5120209660523007,0.016731112750608543,-0.002697777392259287,-0.10840839414454226,0.10972505665403041,0.021588446489020977,0.04266580538963207,1.0622544075126086,1.063330079632528,0.026403968013934256,0.027960360939823,0.2003943742211187,0.20405111254349925,0.018503016500330698,0.043665740027356535,-0.00012588145127936985,0.047424406352509815,0.03707142018560156,0.055392286670741794,0.17149145923443707,0.18398890240323643,0.00534173267990796,0.02442633927758062,0.18223986696841127,0.18394713716497824,-0.001636903677413714,0.006430184663231698,-0.16585720786407826,0.16598987959788528,0.007400761789350373,-0.0015977603286059948,0.1518507639563873,0.152039398273174,-0.012780303385720334,0.009540301650317754,-0.18092055818927835,0.18162214040620203,0.005448932078347282,-0.003350314809315243,0.15212386914306514,0.15225829052361112,7.860894726396505,148.50802829048774,10.551156794940194,58.08309918600212,-19.99374613722132,-6.219727932473883,-3.237472211980254,-3.450568935462929,5.631057255177205,2.031507993627427,1
54,1800,0,0.36734693877551017,0.8517819209532305,0.2814331650733948,4,0.9998301935918403,0.9990867376327515,0.5364621728658676,0.5285244286060333,-0.000265536829829216,0.5233113765716553,0.29075808823108673,-0.0027468297630548477,0.23814267335588407,0.14874487345152868,0.2807792197638539,-0.06495832138433612,-1.0177906670442267,-1.0318790448135489,0.312146016945564,-0.8355852277714352,0.13168198125676933,-0.4058195894077474,-0.8580325590072104,-0.14935631581267053,0.46919741106034696,-0.7555188871086472,-1.5685805806943625,-0.46760645639267295,-0.7724550341954041,-1.8578695072144418,0.5254390224806611,-0.7406327565974763,-3.7319109362142915,-0.5371616061328006,-0.7627600712662331,-3.7661976067319642,0.24879632278558797,0.00594317997912268,0.09069618449418976,-0.24879632278558797,-0.00594317997912268,-0.09069618449418976,0.31722340085929096,0.6160068421205431,-0.23412757666257247,-0.2890008054682813,0.6131446309277686,-0.39832916514984135,0.25331582707203526,1.1852221673518961,0.15701434410386259,-0.1786714055722417,1.1757885247504198,0.037106736908410036,0.17936323574929813,1.2420987171151303,0.1286042497856099,-0.11617477049986961,1.2248161242324371,0.035825542887094906,0.2595586444537094,1.429239310716307,-0.8391809893773768,-0.20268442980307053,1.4286746380342052,-0.9276414229708693,167.81225716313037,133.7643005078904,67.29213494771645,46.270578261214126,167.19428532755276,165.189928417533,169.29516639666448,165.84300396415884,133.96964447803438,139.20802667309724,92.93666186205888,101.80974655599564,175.5745606692994,177.42522011191053,84.95061571104922,91.42639345770822,116.61798993742055,114.90322665417996,152.89530841849742,146.7933895480505,112.59430186544682,126.37673957288241,0.47995744266974427,0.4806296026448658,0.6076378211899699,0.5361815770464414,0.19500928663883954,0.1944331058041592,0.1947487313026365,0.2021503434836063,0.2165754467984898,0.09477316443599879,0.034793544171461445,0.41165547584419854,0.423854661653895,-0.045912034475981335,-0.0030998863391022207,0.3748527213708681,0.3776666346451388,0.0013397700751005724,0.047143270720296865,0.5187187621842574,0.5208583657771366,0.0015105774153524381,0.030072767343094123,0.2412991737251853,0.24317060764051399,0.0193737336059115,0.018901789366309336,-8.486155698548509e-05,0.027067072183097368,0.026851447660531592,0.0142552959385203,-0.12362181250728788,0.12730501259317364,0.007194369586546035,0.005291469061552593,-0.09447970052263638,0.09490085568330901,-0.0036252078725330893,-0.00010141685827454533,-0.5703158120610825,0.5703273427641272,-0.003528239122077603,0.0033494251877514308,-0.4124148095499227,0.41244350189630813,-0.015241886252787587,0.006896346362669082,-0.6164795538382748,0.6167065063629013,0.0027204627421364876,0.005572589475717122,-0.46625387257159684,0.4662951086586767,169.81565559306725,271.05481342673517,44.53703000321499,139.77699643590591,-14.2112430251981,-0.9163287854450458,-5.30681049783203,-6.393448203830274,8.171825572596953,-8.94902477010002,1
55,1833,0,0.3740816326530612,0.855408352432829,0.2913829982280731,4,0.99982293808099,0.9989646673202515,0.5371543765068054,0.5288620293140411,-0.0002656038850545883,0.524089127779007,0.29138176143169403,0.005002492107450962,0.2378977326356366,0.1476699593178485,0.28000312155065676,-0.06652400239794427,-1.0161179059234389,-1.0276236893113357,0.31457150101620357,-0.8368495688715414,0.13969507926039085,-0.40789366582238956,-0.8594191481854816,-0.10206624167221794,0.4727845191604793,-0.758411688735405,-1.5780745363702764,-0.4833474088240668,-0.7761119421669621,-1.8132990901152928,0.5238278777784701,-0.7373697807233477,-3.783203826706035,-0.5407009131121917,-0.7598559144648867,-3.796863781759589,0.24888599889807775,0.006268316448254337,0.0868946804520925,-0.24888599889807775,-0.006268316448254337,-0.0868946804520925,0.3185366558047738,0.6185646791953526,-0.2459403449138371,-0.2906244311435669,0.613837870687262,-0.409603694703692,0.25172740578688624,1.185723799156794,0.16631984464294597,-0.18128699614139188,1.1783833561131332,-0.03585373991968588,0.176776890675915,1.2424420953121493,0.1408424824898289,-0.11761674717102974,1.2275621745049423,-0.049471074135997044,0.25698979863212407,1.4312798513990705,-0.8473651279190865,-0.20567428398271717,1.4288652515833864,-1.021232120346703,176.03220550348004,147.99266583324766,68.08378024829707,52.72552848914761,166.7920475397699,165.18834801460986,169.0555261934017,165.59183066335964,133.8346397183737,138.64341734029875,93.01207514635641,102.00020050060647,175.56020504479017,177.52753964519044,84.25602956482442,88.72527432931105,114.60606930000047,117.92221913340155,153.1001616303221,148.36371322055976,112.88359333209968,121.97732586378149,0.48351572003952703,0.48018300326137303,0.6176365808491608,0.5556550705897609,0.19610959764153135,0.19608514603913352,0.19721671715667044,0.19203301384110102,0.21341195022755566,0.015222665035363386,0.03547018224542788,0.12419214754393595,0.13005211598000818,-0.03654667825409857,0.03560293804515489,0.43543089519847483,0.43840996040487146,0.02447131908301149,0.05414630427505026,0.1880562666690709,0.19722025037459412,0.0004894805677009347,0.05621395327828142,0.39110400459983097,0.39512351302905724,0.025538558309728426,0.024124076872160918,-5.460936914790756e-06,0.03513102724508864,0.0340333490660696,0.011767401839747563,-0.0698894939639351,0.07862112922901804,0.006370923735878679,0.01250071959062055,-0.013001150254047267,0.019128161633048275,-1.2643409497810121e-05,-0.01358263420336173,0.07818932786132343,0.07936031188927917,0.001396645199168811,0.002395926099835018,-0.3475275201102095,0.3475385853594393,-0.006343379165187021,-0.022274075132427774,0.0966543501073663,0.09939032285346348,0.005712111790974929,0.0021322207017378356,-0.41338465543407343,0.4134296166635636,52.86465346152103,149.86834665795084,1.8972341426666515,70.15190192678105,-16.397468310637105,-5.329852722412344,-4.327313662999055,-10.051411147188096,-10.346062604184265,-8.355594684563993,1
56,1866,0,0.38081632653061226,0.8565953274567922,0.2958833873271942,4,0.9998265468713009,0.9989435076713562,0.5381477177143097,0.530116617679596,-0.0002658972516655922,0.5246454477310181,0.2932559996843338,0.005822516977787018,0.23732326569392348,0.1477350314219466,0.27954958763853,-0.06575400936871781,-1.0136532119838482,-1.0204007181216133,0.3143885794121344,-0.8347195592259844,0.1447312296739191,-0.4109887575583505,-0.8598679377266738,-0.10117248733497351,0.4688257104714559,-0.7561633786343336,-1.5461578501172732,-0.48432123523915,-0.7731426785221981,-1.7632376256306572,0.5274982596909197,-0.73680244803914,-3.7039259317932007,-0.5454383140968885,-0.7585389326652832,-3.690425049394984,0.24998774992560677,0.006460892900043572,0.08535747064579208,-0.24998774992560677,-0.006460892900043572,-0.08535747064579208,0.32062431546106435,0.6157990838114032,-0.2516566204750359,-0.2947973747646655,0.6130974148147544,-0.4031494685680486,0.24839757966461656,1.1815331771907087,0.17616631634448476,-0.18515707554149852,1.175830482929453,-0.044777942167803814,0.17262504989655886,1.2366079075600853,0.15199073910630112,-0.12136668551021557,1.2250114768608718,-0.061613250811261594,0.25312928500544446,1.4289087025316383,-0.815133681664881,-0.2094936313995598,1.426948174836572,-1.030901001688653,171.30132429159076,143.65561138731516,67.41735240113245,50.90060378838168,166.1120524190507,164.83815813785378,169.00956369490655,165.17961082844442,133.28680434615822,138.656557423916,92.89755746817103,102.1641389129215,175.76324665595894,177.353034639636,83.748799039212,88.57761038283412,113.05805914119155,119.15781892547732,153.1311999943119,148.45256778757934,112.4035482376142,120.97826139391182,0.47516257932981976,0.465713122208226,0.6034504027751907,0.5390307546632641,0.1956569646638767,0.1950551419525992,0.19930615843257413,0.18900522148721258,0.21422936787771746,-0.05980214076255689,0.047962612180567535,0.15600981997020222,0.17382684526304648,-0.0012143334346031084,0.0367800691234532,0.1677381458567151,0.17172749828104122,0.024635400345076396,0.05184047257722318,0.401920347071406,0.40599791001579244,-0.016269399158990217,0.05281371856803329,0.32885572803554275,0.33346674808706916,0.0237008528922921,0.027287362226799373,-4.2118020911714955e-06,0.03614319552637681,0.026311447371297828,0.0041687666480220995,-0.10544461990470325,0.10875770660043166,0.001399374719875963,0.011473449308480798,0.08418622301585645,0.08497598739830226,-0.004708766937255863,-0.006788702153447854,-0.4741159170421205,0.47418789709954484,-0.0022311708820399972,-0.001552389628851593,-0.04027312649274943,0.04036474643256941,-0.008949592931946719,-0.009046561682402206,-0.5099794048982773,0.5101381468899597,-0.01639038769166862,0.00020550258124052605,-0.06264302212355746,0.0647521062264897,-124.67911705391808,61.88651239656741,-46.290922262182605,32.55911393758633,-14.759907041182112,-8.784444512497718,-3.0237155117345615,-15.949238574419859,2.090354941050289,25.949329794635485,1
57,1900,0,0.38775510204081626,0.855041318770611,0.2938873767852783,4,0.9998172557715214,0.999031662940979,0.538742333650589,0.5306902825832367,-0.0002658860757946968,0.5247839242219925,0.2946568578481674,0.00426909513771534,0.23648928271815794,0.1469423704009169,0.2784227739600141,-0.06412337898213447,-1.0126921352333804,-1.0204529868196666,0.31474811590013335,-0.8371700652647772,0.14417251971581677,-0.4150158435006144,-0.8583336564887272,-0.11159629652107672,0.45537381446064523,-0.7577411700876703,-1.549488391192083,-0.4920865444999074,-0.7782328723890048,-1.783225777519951,0.5270260529536916,-0.7356466535873166,-3.7079579404083574,-0.5533884609822463,-0.758026217116653,-3.739277790457305,0.24923268411592592,0.006362125520708453,0.08647029202271395,-0.24923268411592592,-0.006362125520708453,-0.08647029202271395,0.3209729093374078,0.6165124092059835,-0.27270962986992986,-0.29764069144909805,0.613516578846551,-0.3916689444325942,0.24631970257377944,1.18425394610386,0.053173062009968255,-0.18855630831604112,1.178131910889576,-0.045747609650928917,0.16992324537304526,1.2407508452632416,0.01892085453975084,-0.12793195386654524,1.2280128931254262,-0.06482535612792031,0.2521835577528001,1.4311087407158989,-0.9698712149109852,-0.21095396157421634,1.4297617516761998,-1.0409495059127039,167.67870466086754,152.13906216381767,64.98228845673084,54.90698912296589,165.8031337680107,164.5997902322725,168.8529372541155,164.52323167887351,133.97469349942406,140.38202243653933,92.97886777923344,102.47371142523764,176.4709340605884,177.69117439666024,83.81223344934601,89.46964573534423,118.53781444731098,120.96280302433256,151.56733895105648,148.43226491442877,113.57614503216516,121.31227843054846,0.4736929495934447,0.4664475780333134,0.6013295768952063,0.5449058558671184,0.19813849556727117,0.19284453750813507,0.1834430198328937,0.1868445939252776,0.2153813905900121,-0.061556474486393765,0.015920667505975993,-0.027613853340718305,0.06931949293923453,0.009815639524317507,0.051787984904958284,-0.08540945266609767,0.10036491799682751,-0.015462512400612914,0.03436963949630512,-0.16242710512075864,0.16674209392578426,0.008077763799411154,0.06420710193577102,-0.19261730251027592,0.20319750843286616,0.011962296357795383,0.01634190331644088,1.7931434645581614e-06,0.02025226756121372,0.012959117320046506,0.004835093199317139,-0.12481090293001783,0.12557499089455332,0.005210068688463813,0.003921451853282419,0.05654757147404689,0.05692231934828872,-0.004821748875859962,0.001310412563494783,-0.4239553557847866,0.4239847994231791,-0.005850596214408309,-0.0032729177332636162,0.0011009761869017766,0.006793645200986365,-0.005511205587814107,0.0047568065017017,-0.4502704311440244,0.45032928147939855,-0.021167655489337994,-0.001127150521349552,0.0008346596315725532,0.0212140699516537,-32.82092180596771,27.939354625226734,-36.53127691392138,-2.6223691088765184,-10.623333855451444,-2.4358789919138455,-8.968337038916694,-12.680242084596099,11.680592296145354,25.64330315988132,1
58,1933,0,0.3944897959183673,0.8565833713069106,0.29544517397880554,4,0.9998486331014922,0.9991901516914368,0.538949191570282,0.5312115252017975,-0.0002657771110534668,0.5253672003746033,0.29587963223457336,0.008616404607892036,0.23589078719709444,0.14660072218218828,0.2777341088681836,-0.05999006179674033,-1.0057582915661984,-1.0192384037601556,0.318724431997256,-0.8385594673268132,0.15400516335649733,-0.4165301444538769,-0.8560965756507228,-0.09004339967437713,0.4541547918046347,-0.7612078485621886,-1.5629266405474864,-0.4880049776956201,-0.7696455807005335,-1.7953679029740295,0.5243304806286533,-0.7372697686676084,-3.7673215843889913,-0.5499408052251267,-0.7519504117730633,-3.761015470641503,0.24920394890666653,0.0065313474249314805,0.08666009931027147,-0.24920394890666653,-0.0065313474249314805,-0.08666009931027147,0.3229606278610483,0.6170485302226676,-0.2834111929499588,-0.2983532852479293,0.6141087961458539,-0.39214377013531476,0.24597234460467635,1.1856303999763418,0.07504332901940637,-0.19066454651219095,1.1787847555331965,-0.04480547979905235,0.16953818555522027,1.2418965410765663,0.04436152788359069,-0.13015223016179855,1.2288048738146455,-0.06181508231962429,0.25299139429925005,1.431699319287878,-0.957351614720688,-0.21207988045313228,1.4313473581339888,-1.0323489567425292,169.10232253059092,145.52754814720535,64.96975684789972,50.724905058086954,165.40028905073547,164.67495424539555,168.40868511329913,164.3300346087765,134.06940402999996,140.37465873562806,93.20147356412103,102.64339662584175,176.68130022447372,177.54282988696335,83.28081710532197,87.84225273302776,115.46807125848451,120.8808336509137,151.3459930656614,149.6163415306641,113.47209859573627,122.32937601847432,0.47881388356055915,0.47465028064665304,0.6125818954287404,0.5462204229105323,0.19933571954299606,0.19260617520540746,0.18789737419357114,0.18653721321693342,0.21521553973808735,0.00026189919674035253,0.019724170366922998,-0.4613936850518887,0.46181516226041575,0.025929826678651728,0.06529779145211878,-0.29655568527452847,0.3047645516603834,-0.015471920822605928,0.009997324510054147,-1.0385784235867577,1.0387417719391354,0.03780424594879147,0.06390656485702047,-0.5160588206666884,0.5213731067397651,0.02155182036486537,0.0404778755072391,-2.506104382601649e-05,0.045857823701903805,0.016758839289347315,0.021985986016013388,-0.015434555032036508,0.031661771341153215,0.0083879991011186,0.01406398686495693,0.04539492003845442,0.04825819122963187,0.0009654146252256443,0.006322607849583476,0.5993002630544426,0.5993343913814244,-0.0036593639489376152,-0.0012137673117897717,0.2391410455333462,0.2391721217750512,-0.0004587751446348244,0.004637421983661069,0.677152289867852,0.6771683245918723,-0.001982305989120944,-0.00013094959837017627,0.2777543547353793,0.27776145927629836,3.595401691809867,-38.193674044415694,16.6782393045933,-41.139202745209964,-4.603040326858139,-1.0622979916756008,2.2626816848857625,-9.317837527444183,1.6299314485802459,-3.8164452470642662,1
59,1966,0,0.40122448979591835,0.8552234010262922,0.2904786467552185,4,0.9998105493458834,0.999028205871582,0.5401647537946701,0.5333618223667145,-0.0002675401046872139,0.5255042016506195,0.2980666160583496,0.00251589622348547,0.23576792279412695,0.14733548922477752,0.2780184522720784,-0.05868947356822867,-1.0062679073452456,-1.0300513524997208,0.315203870349148,-0.836961860113622,0.12915082348831525,-0.4206684682867214,-0.8556970579217674,-0.10912743075718301,0.4509819574532662,-0.7637699631928443,-1.6612680975112983,-0.4917628711836515,-0.7734725479825676,-1.8562138036373872,0.5190032802318509,-0.7439524125887266,-3.959897080305974,-0.5503350192952899,-0.7535667754956049,-3.8672192956067435,0.2501949550452994,0.005947527005935223,0.08705452738046379,-0.2501949550452994,-0.005947527005935223,-0.08705452738046379,0.3203018731490735,0.6130191325527239,-0.2767643572158113,-0.3011985660509044,0.6081383078021833,-0.38145610251688267,0.24179082914609928,1.177867937921804,0.19552681619150353,-0.1948155172114898,1.169947906825675,0.010962533702831966,0.16494517417335436,1.234046946866355,0.17970642437045117,-0.1337048728572626,1.2201584856450265,0.0010236225797980135,0.24798115392195402,1.422336885427631,-0.8063254814017575,-0.21608438746547065,1.421770893275236,-0.9669214668245341,167.916001172527,149.61827967688623,66.083052250834,52.19180174178203,165.49933310643806,164.52967856482192,169.00227424531795,163.9082544020622,134.08226897503036,140.1301370502331,93.04842042831977,102.7056298351784,176.78107049719662,177.77393478151848,85.16400201949804,89.27557430340508,108.32485529944952,118.23350168847143,150.21195081561433,148.8368074302146,115.08607064200588,123.8707043606317,0.4996133654274684,0.4866614399971529,0.6393647617580166,0.5593611058999033,0.1977286103901874,0.18986341325920414,0.2058608106007168,0.19280529847943118,0.2151071782472625,0.0025781232919265995,0.06037772591434313,-0.5867245481975047,0.589828629318603,-0.0032920445968855697,0.018052645583650974,-0.4585541006344471,0.45892112479037556,-0.007283331742927215,0.05701673564626214,-0.8005206264666663,0.802581602370511,0.0324756351869498,0.0659022758256144,-0.6590263167423993,0.6631089375048751,0.023681948434061097,0.05393642098156378,-6.428905832233719e-05,0.05890650492956633,0.009720005206207739,0.03712123899317502,0.04899590762693495,0.062233944514101504,0.008675144679510778,0.021774377395857643,0.2329596387806225,0.2341358044959929,-0.014667190722565164,0.00496408832606985,0.533134773818415,0.5333595932492577,-9.296545341833321e-05,0.0011031307391266333,0.48284235396491987,0.4828436230524207,-0.010201290472229924,0.0007410547626552303,0.5925155258668008,0.5926038000913186,0.0024429008142272056,0.0013139710497500302,0.5213188480085406,0.5213262275900374,-10.566344656062556,258.964176014418,-11.601054956312096,72.93354238244605,-3.998434267416189,-2.3684124915242517,7.392862543580932,-9.09102949913771,8.701175236747389,-5.511039776956076,1
60,2000,0,0.4081632653061224,0.8539151170037009,0.28937774896621704,4,0.999799806060213,0.9990203380584717,0.5405358821153641,0.5348252654075623,-0.0002700844779610634,0.5260944962501526,0.30035950243473053,-0.009256364777684212,0.23508190246330157,0.1472602500149591,0.27739697565084137,-0.054898592828271996,-1.0091018448971274,-1.0350813377837687,0.3191927451171779,-0.8372193202411831,0.07412232433957368,-0.42331346115114654,-0.8532516189081535,-0.1389123623609986,0.449609516516639,-0.760577203692922,-1.7065228414637528,-0.4951131309718291,-0.7792480143112291,-1.908289449647525,0.517488644860544,-0.7374218144731776,-3.965235291717835,-0.5484852244694863,-0.7499741652344618,-3.9247462358899767,0.2509708970727654,0.004451703294742815,0.08630244417222083,-0.2509708970727654,-0.004451703294742815,-0.08630244417222083,0.3199808929927024,0.6137370678867264,-0.27190607165902114,-0.30234049762441645,0.607087016469167,-0.33633783195591666,0.23700877580676027,1.17524300880225,0.2039186951902752,-0.1966386512354731,1.1674565031552335,0.07177704454578325,0.16156037668556475,1.2305575387215926,0.18754190413469118,-0.1354403009029661,1.2175883376662742,0.06404003987118322,0.24720936034732044,1.4193172359394262,-0.794843852321992,-0.21652713742918847,1.419011688971325,-0.8899239127328077,168.39437743863473,162.87814794017135,64.19248616582681,55.611452397710835,165.13239395481858,164.51627060846343,168.90400690371905,163.72093563233426,134.65238277086203,140.005419070572,93.61779084182004,102.49366038356932,176.90410647392355,178.24212534592516,88.71208128708284,91.5890195815136,108.39111506013899,120.4089355494707,147.13545036406848,149.81937738006707,114.81860771509513,124.2905268467073,0.49572475300813873,0.49165254953552284,0.6268757799681773,0.5596138350466899,0.19699177348640182,0.18382361829186783,0.2054578303107663,0.19452325095941078,0.21432507482511817,-0.021616914379062956,0.058507296576428815,-1.1736528197331224,1.1753090385117708,-0.0025572171851770222,0.022322829089947618,-1.1752470215754731,1.1754617857592529,-0.038045555797975486,0.07990402961844835,-2.0612424878931774,2.0631414668319032,0.020215760416059367,0.06564206151819946,-2.3545400420231624,2.355541629158779,0.008753208971735264,0.04325517967565739,-4.938789712848952e-05,0.04413198018716873,0.005083297615620631,0.04345801339220648,0.12875125924153125,0.1359828136160087,0.008879757639187491,0.019506732029701362,0.14856557792692054,0.15010360966668718,-0.01625961332178829,-0.00046260321318213656,0.8793034549079731,0.8794538958013688,-0.0017841360462245671,-0.0012810550518889934,0.677711385955562,0.6777149451629986,-0.014089826327651305,-0.01257569042604362,0.9330798552107462,0.9332709614017476,-0.002288996283687764,-0.004316443827614859,0.7359816004214171,0.7359978174900889,34.89945922494396,216.93057437679371,-31.352589055647158,55.26460234254145,-7.8600845423766525,2.118426682749719,-7.055716773888623,-2.560231149116289,-8.823805334954159,-7.718430426198624,1
61,2033,0,0.41489795918367345,0.85013450366078,0.2812640964984894,4,0.9997517827785376,0.998494029045105,0.5407512187957764,0.5362599194049835,-0.0002708490937948227,0.5270059406757355,0.3022288382053375,-0.013604700565338135,0.2348132688608924,0.14736573849128812,0.27722541751113017,-0.04686705784078244,-1.0088042715917278,-1.073311656006939,0.32504988510716537,-0.8344252843601732,0.05762681819863935,-0.424213073269658,-0.8539558410122866,-0.1538218322868261,0.4449321734517136,-0.7622686733547475,-1.949657502780685,-0.4959031250384748,-0.7807440966180782,-2.1455461608454525,0.5091775953370261,-0.737223257523362,-4.469375161364413,-0.5491390389653545,-0.7503119641442958,-4.4473165846643505,0.2513238505314045,0.0038897495065029018,0.08639351426379249,-0.2513238505314045,-0.0038897495065029018,-0.08639351426379249,0.32033118668971966,0.6148217643053818,-0.24642745781484304,-0.30202959436777066,0.6041384178040623,-0.3466299496777335,0.23643738581973062,1.1706716236267998,0.40860864887557735,-0.1979194807695556,1.1625311324671272,0.1747955109463459,0.15989630051359127,1.224083841044011,0.40573971270341314,-0.13675603739906855,1.2121517498209287,0.17891094773334557,0.2460059352510882,1.4143752932992664,-0.6137946688154235,-0.21728985925057517,1.4128104923204459,-0.8194437676104764,170.25426494059823,164.1526281601314,63.98242878410564,55.894530098732304,164.97270744209882,164.67161315256615,168.5295412214674,163.7367189150714,133.49107401758843,139.61300221167778,94.13927660062934,102.38290047197884,177.5431056825745,178.46536075611775,90.20599001627893,92.78978603153521,101.06195804533903,112.84236913401573,147.6809201885283,148.2073985730721,115.13105254384693,126.55799689601804,0.5578205747812941,0.5528868259534712,0.6987912953324777,0.6383356646209566,0.19381402506076106,0.1838889350434634,0.23929540772089206,0.21375605104119144,0.21589559348322143,-0.0011740308819395153,0.0490361090862391,-1.1969764124263447,1.1979809891011928,-0.017439325650533084,0.030028097557299138,-1.011868317921959,1.0124639793771781,-0.02603368325666954,0.04984302954240291,-1.7715060349666756,1.7723982938891658,0.001188028942454948,0.03535774621096533,-1.8678235285209934,1.8681585359188608,0.009942235368670864,0.03983396472352933,-3.156619090022471e-05,0.0410559835608141,0.004755728172533452,0.025630900354096448,0.10706258542609964,0.11019054951098815,0.005643476139415408,0.021341172131625143,-0.0038741890228155985,0.022412134915538718,0.002955848520452333,-0.003228584925333667,0.7993555768872772,0.7993675619525024,0.004638776634678708,-0.008408770416722174,0.6258114043510337,0.6258850848873142,-0.0011090076330936343,-0.017501188047004512,0.8543737119797525,0.8545536619797777,0.027894070654204465,-0.011241797244910066,0.6875341024362697,0.6881915425198165,3.0991349951315086,106.03943503488576,-12.118403133955493,60.6593829093801,-2.054216600596407,-5.241754636853804,-12.049829836192691,-7.031113718647172,-28.905396879265968,-40.452085700200804,1
62,2066,0,0.42163265306122444,0.8490786335685037,0.27880463004112244,4,0.9997802864421498,0.9987806677818298,0.5411920696496964,0.5374543070793152,-0.0002721678465604782,0.5278535038232803,0.3041415810585022,-0.026940675219520926,0.23521044778468117,0.14557375097300992,0.27661466287856495,-0.045479908820152085,-1.011740491070344,-1.09591666013799,0.33040226632604036,-0.8342927987535442,-0.013125516421564478,-0.42684376141968045,-0.8526223025130744,-0.1796951178531127,0.4482287570830729,-0.7605326208531721,-1.996939096446824,-0.5030466090113207,-0.7837915294461794,-2.155109716199634,0.5103683691947718,-0.7371192138331502,-4.3991217961569795,-0.5521251783683859,-0.7531632398156483,-4.381499494402278,0.2507174939336589,0.0025236897868853732,0.07983834830002293,-0.2507174939336589,-0.0025236897868853732,-0.07983834830002293,0.31964835698569816,0.612083981616473,-0.24712250327308488,-0.3042212473163705,0.6043915975913688,-0.33820589810710305,0.23601213110015545,1.168292109524165,0.3952284366631796,-0.19846017869748403,1.1592475949139593,0.2213055898659927,0.1593804803428815,1.220357648470182,0.3919326048945592,-0.13154005772590252,1.2088452531283167,0.22827368170984863,0.24456341433039333,1.4128504062288378,-0.6190478379516735,-0.21966266366676,1.40727122453809,-0.7473235507745728,168.5989203483134,169.8767506524738,63.39267155898575,59.61497166972991,164.99681565917922,164.17031480243108,168.10871813453033,163.25688212690355,132.74462657683048,137.33558141435876,94.86280293432453,102.28183778221137,177.52409173885067,178.46713139520273,94.50442799940141,95.05023062886553,101.98576632981717,110.76406755183797,143.76561633904467,146.22485924298425,114.84089852804073,125.39919605919859,0.5500974791306966,0.5471664146730636,0.6647327902801105,0.6160599319593161,0.1922857162217736,0.1830601080937218,0.2361740510968775,0.2199223457826469,0.21453298630266257,0.021598232326222835,0.05593762468935824,-1.0063274582820128,1.0081123225057023,-0.00843539166806347,0.027476406809109292,-1.2090473032709348,1.2093888912630433,0.006424846933848806,0.046004999929399513,-1.8683244932943268,1.8689018569524005,0.08479472416550345,0.04593205096116695,-2.100905375694156,2.103117518393208,0.012558342805549247,0.039892854975230554,-0.00022428193643911503,0.041823464161681784,0.002914400243047451,0.020286930141164245,0.12117485279467538,0.12289588362976361,0.01735651670996818,0.014477701329473203,-0.06454827180549264,0.06839102208012826,0.0034481731813345295,-0.0005417795323613851,0.44831199877297584,0.44832558667465194,0.006549838763564363,-0.008310844649129817,0.33528385544890704,0.3354507925930333,0.0028014183044433524,-0.007699674634791113,0.4484989305040718,0.4485737660600477,0.02920983442619658,-0.008151602389207506,0.3632905323113959,0.36455407543437907,-47.87663664382662,159.18503970577189,-27.580614195891965,35.81854329638042,0.06913761104890472,1.6392137342570474,-7.307355315716591,-4.756616112318195,-12.987944581636603,-37.575505882335584,1
63,2100,0,0.42857142857142855,0.8495182512384473,0.27869078516960144,4,0.9997794122406931,0.9984760880470276,0.5415926277637482,0.538932740688324,-0.00028587598353624344,0.5283980071544647,0.3049604445695877,-0.037728145718574524,0.2373163646422385,0.14698328667573607,0.27914717173743586,-0.039168111047978245,-1.0041940623026988,-1.1800975099509228,0.3298249976469744,-0.8286226012365184,-0.02228962922984449,-0.4243602245465271,-0.8477138965504568,-0.24597223064854434,0.4440388178597048,-0.7531699151633677,-2.1777169521138005,-0.49752798937268267,-0.7783493159865994,-2.4209131994890476,0.5042000832578784,-0.7306809178269259,-4.886981662014649,-0.5280206167961949,-0.7436970258387893,-4.920898254923274,0.24848171584431464,0.003321794209840449,0.08693656192363061,-0.24848171584431464,-0.003321794209840449,-0.08693656192363061,0.31581119834209315,0.605883349230885,-0.21559313131264182,-0.2987986667698724,0.5938792386258185,-0.35968245430384665,0.23262306843420602,1.152907289417482,0.5134518583822001,-0.19799907022782445,1.1429581346185158,0.2541197292613555,0.1564536887655466,1.2042337822228448,0.5106475397953942,-0.1318179202659155,1.1922753657722363,0.2649289056987278,0.24077007994519545,1.3932732750294434,-0.5813030002405781,-0.2190100538392219,1.3870815035762742,-0.7706487399678853,167.04653028546184,174.81802582041814,62.13452763298088,58.2943724995898,164.9773396620391,164.78144047276137,168.0399484153144,163.4180256355461,132.62088173061878,137.0954433175613,94.81843381678463,102.53181968159986,177.66967864633497,178.39648464070325,95.73521193978681,99.04451885329841,99.60309073787461,106.52864363906328,144.11020754607694,141.51353611551323,112.63577458555102,125.78459249303182,0.6028935834394086,0.6077805916386223,0.756496066478949,0.6979826973478843,0.18914932890706038,0.18380758996159563,0.25548632127482196,0.23160827772208412,0.2196577385674552,-0.015308607870073421,0.029908632164570747,-0.25031459865285327,0.25255945448866945,0.004770595635940767,0.017336945035564322,-0.5338129712574504,0.534115733271915,-0.016088805981536367,0.03841697280086678,-0.6944243587664686,0.6956722673251501,0.09213098839147743,0.04243272453991324,-0.6432515471728864,0.651199821924256,0.008622657007245854,0.018040635692539452,-0.00018408216202436942,0.019996215549396092,0.002127085159074009,0.021400736339056616,0.11113625186592757,0.11319797916011867,0.037660794471626756,0.0009447781007681296,-0.11158801281630075,0.11777568785697964,0.0005150908854470311,-0.0021715662372645992,0.49254731900656273,0.49255237536641294,0.0004190117565553569,-0.008609757494570582,-0.2672690064159785,0.2674079753589107,-0.0015168047662991158,-0.006977301924975933,0.4846286862643785,0.48468128392706555,-0.011581983139265799,-0.0059764776656876595,-0.3136479810102654,0.3139186464843121,-40.840403538534446,6.187120597829842,-60.75543417034237,-13.893853518893383,1.0222941531047394,23.129899987337925,-2.6408701365588145,10.069505039609345,-9.573411087578183,10.729712001826858,1
64,2133,0,0.43530612244897954,0.847687180295135,0.2752213776111603,4,0.9997714107686823,0.9989707469940186,0.5417697876691818,0.5386630296707153,-0.000284501351416111,0.5291569828987122,0.30480557680130005,-0.03131838416447863,0.23624456181932246,0.14751085405138575,0.27851561006911785,-0.03821112368116003,-1.0041889873462844,-1.1075022001767343,0.33441023726695956,-0.8301559615067909,-0.005348725073970528,-0.4249818556214181,-0.8491571140610743,-0.21750329248699127,0.43941254048870276,-0.7524867949405611,-2.043481079628926,-0.5005398305723437,-0.7786112128689344,-2.2687707989705235,0.5009403470556729,-0.7271864158682171,-4.536103706448203,-0.5282679194960826,-0.7421549035261008,-4.506291497955722,0.2495548868943135,0.0034891908865603742,0.08853117319284962,-0.2495548868943135,-0.0034891908865603742,-0.08853117319284962,0.31590408584863144,0.6087146459383517,-0.2186564894427482,-0.29515940789243394,0.5961538583583169,-0.362696991444057,0.23245091768211537,1.1554559200848917,0.511062861469702,-0.19907910958118524,1.1449243589515181,0.15554489458654627,0.15585350454816568,1.2060100244260181,0.5058846102867617,-0.13550270881882753,1.194816963720125,0.151308453687491,0.2405566950385531,1.3945789201990832,-0.6079081791678813,-0.2171047054220004,1.3884308905260518,-0.8681264027898029,165.8626133112316,170.2912877325284,59.3220574695728,58.68408348396405,165.06530936743724,165.72001810158272,167.9317798353809,163.93153896455738,132.10320803396274,138.05447211848116,95.01098675577516,102.52036773396102,177.78429720139997,178.25971457522496,94.51299011979206,96.98633404910893,99.32744524859658,111.29084362503706,144.83423369419026,143.4655277694806,111.06632043332655,120.54323859276879,0.5688159889496879,0.5720350010152827,0.6944815269866009,0.6233149975850231,0.18993546117378315,0.18407721301250643,0.2550176261920252,0.21192002556346,0.21966513188774747,-0.009043650193647928,0.025998462330211358,0.8404634215615033,0.8409140685202203,-0.005296233928564836,0.018831906896649032,1.004145904020832,1.0043364413248201,-0.019372412652680415,0.04446009794871023,1.90475312146274,1.9053704218349896,0.004364234028440544,0.04180949745756218,2.2184108242844145,2.2188090647729393,0.016450204632499042,-0.0015330134016094824,6.942586465315403e-06,0.016521483309319233,0.0014377362800366987,0.0029124996878884127,-0.01888112588362265,0.01915846169910541,0.034245126175158035,0.0038156003663034244,0.032152641903270454,0.047128333879607624,0.006465297756773069,-0.004264441403475685,-0.2764592116529298,0.27656767931796883,0.0008046627044677754,-0.01277255289482351,-0.3419354783766206,0.34217489236086185,0.0036629763516512876,-0.008305816939382862,-0.30592332283655876,0.30605797399536033,-0.006496906280517595,-0.007903034036809767,-0.3869286315007653,0.38706386244812346,29.984941412763607,-100.55998705902819,-32.71935203932443,8.303921581905863,6.751062932288022,17.316474369845885,0.5228534916696086,4.3595903306092705,-12.434918807056619,9.63478838442264,1
65,2166,0,0.4420408163265306,0.8474463441155173,0.27487245202064514,4,0.9997172120845679,0.9983805418014526,0.5426783412694931,0.5388315618038177,-0.0002854177728295326,0.5298292338848114,0.3060959428548813,-0.02808116760570556,0.23474149952000278,0.146849598545638,0.276890549116279,-0.038614483311410805,-1.0055329268431976,-1.1073161178662518,0.3364998851840743,-0.8288809234029476,0.010080573142406693,-0.4293098956787682,-0.8521848962267441,-0.21085123809712367,0.44158092834471846,-0.7527457145882936,-1.9951327417206,-0.5067662890137191,-0.7798385540095235,-2.2012954329783283,0.49977052280062395,-0.7256728947451311,-4.472792102984264,-0.5352047454510592,-0.7394268830380183,-4.432221244077482,0.25053517117055096,0.0030097175349136137,0.08684190586520335,-0.25053517117055096,-0.0030097175349136137,-0.08684190586520335,0.31480662733756865,0.6118808595860189,-0.22185237295755666,-0.2969922165576587,0.5999941812925313,-0.3549515286862166,0.2321389010410096,1.1616522698041407,0.4517375847970672,-0.20334202957698205,1.1495940258792599,0.17468492181043896,0.1546807855918163,1.21243375931805,0.4418873065951495,-0.1383619233992405,1.2004738911692632,0.17485756376323378,0.24311759460022206,1.4020361694928545,-0.6297526887491925,-0.22165036424802378,1.3888331501253766,-0.8092614106371381,169.02553641870423,168.1810666745223,59.97505039838547,58.842431323995584,165.4229098155701,165.9243277811712,168.0744567457646,163.7057585973663,131.80017708935304,137.73133935093318,95.21153785398015,102.57699272263793,177.73637823951066,178.17537325867744,93.38422324118167,96.54770827959263,101.70513912407162,111.33181355147528,145.98042712018682,144.2250548932744,109.8975315107413,122.5437113850348,0.5563859827756713,0.5519159777559884,0.6862705797915643,0.617873788890249,0.18985628919609426,0.1831782667181332,0.24183278607590333,0.21292597267864757,0.2207876278472348,0.007066264081357112,0.03784005321673483,1.0887508961691756,1.08943118902696,-0.003467300044956483,0.03956903272600306,1.0909215727848764,1.0916444514987018,-0.010970813124927094,0.07891521525027127,1.8993509349538271,1.901021289741016,-0.0032279918442911096,0.052591313177080164,2.0925091273749,2.0931724043423423,0.023610111492783217,0.0007455028704742868,-2.2615848192528054e-05,0.02362188922817413,0.0036990464623294565,0.005715818547490803,-0.014025273162927164,0.015590439817177606,0.04239402600188743,0.0028476786257615656,0.03432782728280585,0.05462382667080801,0.004978322271090822,0.00010497534452979218,-0.37015029298725316,0.3701837842356242,0.0007761948144257939,-0.007573348372729837,-0.049973045712086564,0.0505496130717829,0.004866229954050535,-0.0038040218068592486,-0.3795815047933085,0.3796317552010438,0.00446767949346285,-0.007418554220626585,-0.03762365277133761,0.03860743911008428,133.09420245058544,-21.40513315331226,-4.803913833062023,-4.773268233077136,6.116114181472225,20.06585834446613,5.8514428611219165,-2.7348176946079747,-7.6474651403042095,-20.02463335199672,1
66,2200,0,0.4489795918367347,0.8427951001759731,0.26895976066589355,4,0.9997855442942996,0.9987140893936157,0.5433516651391983,0.5387129783630371,-0.0002860166132450104,0.5296335071325302,0.3071926534175873,-0.02330454485490918,0.2330658734443009,0.1468032529268836,0.2754467215892566,-0.033635477734707396,-1.004648299128448,-1.0792586304303013,0.33653292259247103,-0.8295175114793194,0.03785368381475001,-0.43613953927331484,-0.8515358959429017,-0.2049896592139357,0.4402841076123252,-0.7518476992347093,-1.801413904618204,-0.5127029359215505,-0.7778426231480814,-2.0286856903569497,0.49811006508785094,-0.7162742630651827,-4.124636723499071,-0.5406817476087463,-0.7378125804447522,-4.047508325653469,0.25165636968256544,0.003284191180554559,0.08758428084515323,-0.25165636968256544,-0.003284191180554559,-0.08758428084515323,0.3145805378857623,0.6167056232936218,-0.22449867341320986,-0.2938789026699678,0.6033072398630099,-0.3583825343171138,0.23050874922442247,1.1681736246111465,0.4267265538664174,-0.20685129866759977,1.1556570412108937,0.1451278932542097,0.15303066086371372,1.2183401480070182,0.41919654963784525,-0.14166864042345625,1.2061431765441495,0.14384813362425988,0.2420556771802485,1.408317743259325,-0.6468470495552734,-0.22333728056034138,1.3943478668519824,-0.8297227463790234,174.77992487542085,168.85714381125646,59.00019524275764,58.36427451234788,165.47508901759588,167.06443061066196,168.32382650707606,163.74830617901864,131.59082786956236,136.71282168389737,95.07162952568356,103.01765843284313,177.63140144578887,178.00677395606868,91.3189323294651,95.94439327742325,102.64751671714843,112.91619684405093,147.72115372585952,144.54428871704297,111.63298444897984,122.0383060655869,0.5078764133590505,0.5031831779686758,0.640197295989839,0.5562407712994928,0.19036558645972734,0.18334649175210865,0.23619123828955804,0.20726095733141425,0.22317651949692546,-0.0049018148166030074,0.028469224474323256,0.9981513912998004,0.9985693388465284,0.008582624036874322,0.039790993306174104,1.0648191864810745,1.065596961558106,-0.0047452414213721315,0.06805071190221969,1.734125080393317,1.735466280616156,0.040787814268425225,0.03562000260424249,2.0836716267599935,2.084375177011797,0.017021796596583993,-0.0010902312264513586,4.450887886445903e-05,0.01705673311460626,0.004651831157171892,0.009624815698879843,-0.00988108231060538,0.014557211202053695,0.04812007519736206,-0.0015737405463830709,0.011365693896564057,0.04946915497618191,-0.0009278752910557055,-0.0007819773545905706,-0.2708241565903614,0.2708268750216999,0.0007112524402675326,-0.0026546307464144054,-0.21086966813500194,0.21088757640932632,0.001921582577833484,-0.008555490579178062,-0.2771544812330552,0.27729315780635083,-0.0001823724205814186,-0.009693316559293352,-0.23420216209852815,0.23440274396270133,66.38559116043567,-94.45532993726886,-38.99346718268716,-17.311841875915263,2.8317448372470184,29.097548600702297,2.8290741858973587,11.855095642833595,-8.587426319260283,-30.044851510864632,1
67,2233,0,0.4557142857142857,0.8445515605536374,0.27039316296577454,4,0.999856128837123,0.9991869330406189,0.5438188016414642,0.5387585163116455,-0.00028243567794561386,0.5314262211322784,0.3074195683002472,-0.022083783522248268,0.23269418490053717,0.14744832936344696,0.2754770290216535,-0.034655039555647305,-1.001260971856467,-1.0707618916639936,0.3410893542596678,-0.8275114935844567,0.039713144602378445,-0.43106114285632563,-0.8520401469497109,-0.19799383988742153,0.43851461660154034,-0.7494188951380734,-1.7626160737144962,-0.5114191230407605,-0.7738971345639801,-1.953622048693125,0.49704087280696224,-0.712580369449709,-4.073989280240801,-0.5321707337784791,-0.7342925496455059,-3.948195466758584,0.25258735918226344,0.00379424395018828,0.08836085836026843,-0.25258735918226344,-0.00379424395018828,-0.08836085836026843,0.3134133997710425,0.6176265801644644,-0.22540478311816362,-0.2909525833943805,0.6029552583390528,-0.35401937010050133,0.22896442577455323,1.1676878795304944,0.3881763488747297,-0.2083523729376029,1.1551123062738284,0.12428388016267751,0.15180188878003364,1.2168393067057066,0.3767359006365215,-0.143256185138574,1.2045413346687084,0.11878260778498217,0.2420556059731271,1.4050012214879821,-0.655545114290467,-0.22200924946417444,1.3930801639674772,-0.8383671002332319,173.47337102645344,161.85255956872527,57.36248809714542,57.68253791830926,165.61263671966566,167.87386353741826,168.26400471621972,164.50005000543615,131.2248195259626,135.71833429970525,95.21629633449236,102.74251621495556,177.73130886801977,177.53458728536907,91.18857929310202,95.24583813870512,104.13409420653008,114.82508116704382,147.6581184863826,145.66856703443355,110.3286852658532,119.9181455759271,0.4976903095010394,0.4846199334958511,0.637015151170051,0.549597196765184,0.19064499637234186,0.18277050630673186,0.22819424790378612,0.2025223107802992,0.22266361201968493,-0.007780212344545326,0.02621656114404858,0.26164542544971875,0.26307065294538307,0.04125454209067615,0.02154798218698218,0.41101376215616964,0.41364062356254405,0.0003458875598329495,0.024797338427919393,0.33428452231667344,0.33520317643453107,0.07251943602706465,0.028543851592324067,0.564069458932589,0.5694279362359312,0.008016824722290058,0.001143325458873405,5.0855856953245344e-05,0.008098102126487145,0.003478743813254625,0.006226879177671505,-0.07182269385366746,0.07217600041017248,0.03638366858164478,-0.0006773255088112587,0.06053698333826947,0.07063254533854607,0.0005012208765203315,-0.0008136937112519255,-0.32800165089694017,0.3280030431428053,0.0030944744745890376,-0.001463926199710734,-0.1548757268623876,0.15491355532471962,0.002696658625747225,-0.002928755500099883,-0.34335097580245133,0.3433740557482739,0.0022694920048569244,-0.004939057610251699,-0.193473374979063,0.19354971379422553,-60.856698146934896,-92.42377250450427,-38.39627569872035,-46.82274044121504,1.5555611029891732,23.418341959160447,-3.0177739834546147,17.268740686151535,0.17523275226303503,-17.920649807386983,1
68,2266,0,0.46244897959183673,0.8389639113888596,0.2590148448944092,4,0.999867477200248,0.9992188215255737,0.5438807755708694,0.5387884378433228,-0.0002826601266860962,0.5317826420068741,0.3081202507019043,-0.02129263849928975,0.23193877766785354,0.14760708178905957,0.2749244390379657,-0.03314739379810821,-1.0001771942508928,-1.0501033541793472,0.34356145072804684,-0.8252526792508131,0.04290723052499282,-0.43157205907068796,-0.85279520873316,-0.19574906914889398,0.4373281981914014,-0.7472567773614132,-1.7420361548619037,-0.5056976891140083,-0.7744218515439799,-1.9338814424376805,0.49721480943882357,-0.7119564682901047,-4.0522342980730235,-0.5262240161773523,-0.7326362923966678,-3.919795835082743,0.25318031036484523,0.0040256117210322575,0.08915758139351664,-0.25318031036484523,-0.0040256117210322575,-0.08915758139351664,0.31408871760759405,0.6190975864601961,-0.24217955343181513,-0.28762727994164783,0.6040162851601936,-0.3445427044252351,0.229142413232266,1.169923026874064,0.3487829789427606,-0.20842594929476513,1.1572265666410237,0.10821099809334474,0.15204418720084398,1.2196770988391636,0.3375538192766356,-0.14331751172749574,1.2069743512978561,0.09766282572882075,0.2422917764642957,1.4040565330529486,-0.6589426979930011,-0.21970928279376356,1.3911259247878793,-0.8501536178449659,170.76338279772315,162.7571748259592,56.466041046642104,55.2739736432277,165.57775605039316,168.61004117996654,168.12465342416806,164.88804306430464,131.60239323121172,135.53005879660984,95.30904929515583,102.7804216599776,177.7750308012889,177.69651687935868,91.01003719462645,94.97511367243496,103.99996627130115,117.32315350679214,146.61658300885975,146.77108324444956,111.33385947488898,118.00670018852546,0.4918688230896601,0.47877450820605494,0.6354174097082631,0.5461264016122123,0.19280176004829036,0.1815590469529117,0.22332619264555875,0.19773554576301183,0.22310374489190293,0.020320735760589227,0.032048172025538335,-1.7408421680108896,1.7412557168770142,0.015312611167110676,0.03187558544215884,-1.2746551143589357,1.2751455562285534,-0.0016902809712424276,0.027532008156847712,-2.7139062312112037,2.7140464071805974,0.01939330528031542,0.03590912961248156,-2.520806753813341,2.521137095826043,0.00614684019515766,0.024140770755597115,-2.547931760104745e-05,0.02491106393261284,0.0009465573438957594,0.02553480774609021,0.11783916113981609,0.12057773540571498,0.020457737481416244,0.003191072549392941,0.17012533412050915,0.17138066190935577,0.0006894567119541481,-0.00033894581581229733,0.48319261465499846,0.48319322542018067,0.006329657426520986,-0.006453314823890826,0.4800248946716556,0.4801099971255414,0.00057202666553099,0.0019705117638431457,0.5276974902224206,0.5277014793594568,0.00814181655200563,-0.006181980246928226,0.5132048321304058,0.5133066391335085,12.759956084686,3.4087416402992847,-3.9718789363834057,-27.7185609971547,0.14612528329775926,9.246255149030347,-7.202198989345909,3.5747053711641454,5.849598311273372,-6.925568660133664,1
69,2300,0,0.4693877551020407,0.8345314941622994,0.2503335475921631,4,0.9997915318517974,0.9984890222549438,0.5442306399345398,0.5403759479522705,-0.00028414279222488403,0.5328732281923294,0.3095015585422516,-0.05712275207042694,0.23803907660636578,0.14747794670580444,0.28002204691090193,-0.03226358255305405,-0.9834248562207724,-1.2157412915520147,0.3438719269765045,-0.8105190099432358,-0.11614737526365049,-0.4249899094175379,-0.838453933129915,-0.28981072628745413,0.4347884608013901,-0.7353631512655856,-2.1505269462826933,-0.5009252503237318,-0.7594853803840849,-2.2268895975585763,0.4870982743313859,-0.7002031174768929,-4.657206416245573,-0.5203636682194047,-0.7195585211537968,-4.48725204473073,0.24850348959891772,0.004369953618788181,0.08701179242022128,-0.24850348959891772,-0.004369953618788181,-0.08701179242022128,0.30708215378779957,0.6079354740272992,-0.19354514999049147,-0.2828060290791209,0.5881561656922454,-0.3075618535795259,0.22394234940579882,1.1428780354898227,0.49749396934082546,-0.20492687831190537,1.1290436095034848,0.23712679002344847,0.1480041349304937,1.19178426605029,0.4968877526868406,-0.1404536724479971,1.1777352802369798,0.23965366834283663,0.23662947631735512,1.3710647529014004,-0.500707524249313,-0.21700097714639835,1.3595255636355392,-0.7339715722092276,174.3282880841274,162.08094525862532,57.096372208407736,55.8253943314999,165.6224271136466,168.4933626324033,167.78145738393354,164.73955526530415,131.61674261281792,135.2543211994763,95.6676525808244,102.9546209454278,178.10949288726673,177.80641628308248,102.08916688064858,101.54804695291526,102.21765761727437,113.8695681090221,139.4715491382832,143.05044327482645,113.84627427169617,121.65841597552699,0.5706279390642821,0.5432916111409151,0.7021473682457647,0.6330734571372114,0.18709894615507142,0.17730198994503826,0.24581579292997924,0.21605476753395272,0.22086051627471814,0.025731414111692448,0.03240491027262665,-0.5411923821292692,0.5427719395443332,-0.003634993709735007,0.02562732838872647,-0.21932730034216072,0.2208493554778773,-0.004641155698406151,0.03967801136757001,-0.7488567437698573,0.7499215342966861,0.05096908825546935,0.04229260914361288,-0.5627301201891529,0.5666142434795182,0.010007797782100822,0.019878593843374627,-2.0308392261391205e-05,0.02225567168314787,-0.0015755197895106945,0.023445086692696127,0.09137336442719621,0.09434641529692786,0.009518061111222428,0.000996376151469214,0.069181309707129,0.06984010213012208,0.0008967385363222925,-0.004870678061869594,0.25766220555376584,0.2577097976709771,0.007613381343101368,-0.00733226092893684,0.053272374085525834,0.05431087797590555,-0.003039836883544914,-0.0027587164693803857,0.27347900974216677,0.27350981681539904,0.012855921218644295,-0.006690843781428534,0.06093123733107708,0.06263112471913235,43.94753485577633,-294.5176812099949,-20.503602294537753,35.492840213436146,2.421500307396414,-0.9063565215725808,-2.840791432921785,0.940315776711623,-0.09914338060987062,-6.972148941327341,1
70,2333,0,0.47612244897959183,0.8326512173269734,0.24396540224552155,4,0.9998719981222441,0.9993399977684021,0.5445512980222702,0.5401203036308289,-0.0002840207889676094,0.5336665362119675,0.30960650742053986,-0.0265491931932047,0.23226051658508376,0.14748722734196695,0.2751316590168987,-0.033674969740381686,-0.9999023446047065,-1.1193916644255972,0.3488390465822057,-0.8251078437850479,-0.0029177177314184464,-0.42796306923518723,-0.8505538887393853,-0.18801030922184378,0.4408278287228608,-0.7436435627354614,-1.872510213621037,-0.5086391040291803,-0.772438652314017,-1.9858304970828409,0.49327301397476747,-0.7065986967281239,-4.231538771577438,-0.5158527975344016,-0.7266262392166724,-4.053874543115971,0.25247174442731474,0.0052245009481625415,0.08983846663835797,-0.25247174442731474,-0.0052245009481625415,-0.08983846663835797,0.3110313895714481,0.6194998143698311,-0.2197409851371914,-0.2875299092426998,0.5989631668378186,-0.3274312438196691,0.2267511077101727,1.1630149427610805,0.4112710753481954,-0.20885205758419254,1.14972860096933,0.12110731928715036,0.14875231552346904,1.213245846034584,0.403902077724662,-0.14251599538147697,1.1995951150159796,0.11243217611653475,0.23978506338463162,1.3944614612949902,-0.5886501440551969,-0.21875685868512104,1.3825083247957834,-0.8721619688224113,173.70786763306018,143.0244901848895,55.09229969290807,57.65199393752793,165.73999657098872,168.54931529302118,167.9343203981623,164.95104422134432,131.59575062471086,135.0629248175409,95.4345813624283,102.91355103930697,177.78289412408682,177.33765455238608,94.1719535522921,94.56668179437048,103.36542313314168,118.74298475094523,145.01320856011807,148.41584240377804,112.03348073090373,118.87176569737645,0.5154938354795362,0.4956012519673571,0.6492838169195347,0.5691274430280604,0.18994106780541029,0.17888258595988893,0.23030476945147488,0.19662187530908365,0.21981767752832151,0.013656688458991715,0.036041844974864456,0.15976302551500657,0.16434641477856085,0.016940814076047882,0.02987773129434284,-0.2975725766384228,0.2995481737151575,-0.0028113524119059126,0.09769607673991769,0.24471138462875724,0.2635072843009836,0.09193068200891628,0.08405519254279824,-0.2005046064203427,0.23604792497246804,0.005662667028831689,0.009595444708159435,0.00014812262220816115,0.011142723964003247,-0.0029459144129897483,0.002894437674320093,0.08671488048452283,0.08681317111259249,0.012127287460095903,-0.0010999766263094768,-0.07523686596841492,0.07621592386416015,-0.0018332943771824613,-0.014497475190596085,0.009556385603817986,0.017460305294702536,0.004475766962224768,-0.008209185166792402,-0.36280506262273343,0.3629255249712926,-0.005303007183652913,-0.009815801273692696,0.001541141307715207,0.011262635409390098,0.009812188870979037,-0.006069739659627253,-0.38152803300004856,0.3817024505486722,17.996126744379456,-365.49365232249914,-26.509919098017704,-1.6266420805965356,1.074996921665046,3.7916878249540735,2.805321554296296,4.1694500926644364,5.193584877494464,-6.225157432797922,1
71,2366,0,0.4828571428571428,0.8265352899377997,0.23288249969482422,4,0.9997185306115584,0.9984943866729736,0.5446043759584427,0.541009247303009,-0.00027436669915914536,0.5336769223213196,0.31041955947875977,-0.0680586937814951,0.24059453105147946,0.14926597021782453,0.28313611256240306,-0.029746576463297092,-0.9724046919678313,-1.227296335780937,0.3387801880966603,-0.8027585843083392,-0.13868968662924178,-0.4159688839378854,-0.8260671118375553,-0.34012120378585015,0.4318698843274055,-0.7211105308145334,-2.0896676460294503,-0.49278686133383864,-0.7464043282461553,-2.2717969236876554,0.47976561277401586,-0.671965390685533,-4.54897570859093,-0.4945310905662636,-0.694287651368583,-4.484671952284364,0.2452172521924504,0.005832973697668212,0.09652088451130145,-0.2452172521924504,-0.005832973697668212,-0.09652088451130145,0.3016980282918906,0.5996870827461759,-0.17123743987413975,-0.27818866862366853,0.5791942049645529,-0.32175164168771586,0.2197319905779921,1.1246919768451242,0.49421539241693563,-0.20294966550299173,1.1124755304524079,0.14991312308936358,0.14382017874005865,1.1741516276823791,0.49174746225592836,-0.1379416283567565,1.1611303791225565,0.14804782091779214,0.2323362072013676,1.3464449723942813,-0.514101306897946,-0.21243572107505132,1.3360137005705064,-0.8382387479539732,175.51603244925644,137.95836420534027,55.34671754793856,55.71803595418053,165.6933769104765,168.74361402885026,167.9666086065171,165.01473897142,131.95951921473255,134.84346080891163,95.23776297738141,103.12218897407975,177.95811461487622,177.55085149626353,104.03097614697212,104.34739583751755,103.39203583525597,116.89160876300136,138.03185042496395,139.9647080532142,113.31365193625183,121.01211451104994,0.5535037339699166,0.5478239849202667,0.6965899555494465,0.6267187684760841,0.18513449663817363,0.1777393138278439,0.24111098031547076,0.2026980763608657,0.221274831000378,0.015216087227437095,0.04523814614139404,-1.4434465721472045,1.4442354468092584,0.02161291108202587,0.027369652221452056,-1.4996199465509732,1.5000253997455197,0.0032835931920293686,0.07296498142071654,-2.4395184730416015,2.440611614085536,0.052645135281691124,0.05582286350762689,-2.8585836068907895,2.859613250064381,0.002582348994354714,0.019827885414237488,0.00014456350411941814,0.019995861195144855,-0.0038013529421678386,0.006324319697138115,0.2408702093273856,0.24098320490283362,0.018909795960383707,0.0015292594681924911,-0.02350635937790382,0.030207084417195367,-0.0016511376224347082,-0.017921426402988792,0.9566426499566074,0.9568119269196879,0.002990018075971473,-0.013706399433648464,0.5911943961435314,0.5913608201640045,-0.001212554191475489,-0.015317504085711642,1.0200534293900716,1.020169150204773,0.002015882463597548,-0.010379214784992317,0.6627480763552821,0.6628324106395876,72.1097060588982,-118.59394356141235,-21.307206990104852,-19.313052392216427,0.19496782895398282,9.776330890394448,1.0309669968865292,3.42784309067987,6.040998455194222,2.981861902079262,1
72,2400,0,0.48979591836734687,0.8219659585844387,0.22281457483768463,4,0.9998333851496378,0.9987492561340332,0.544724315404892,0.5414487719535828,-0.00027433503419160843,0.5337943732738495,0.31112274527549744,-0.06049380451440811,0.23831896001950986,0.14905834442424862,0.281094853647801,-0.030389277346964765,-0.9803365583252167,-1.219752702774757,0.34100704518957964,-0.8088004315573935,-0.12130929220547551,-0.41877397680859246,-0.8299775374386046,-0.3071544003790123,0.434487329575875,-0.7218111503320026,-2.1768717560904673,-0.493312741492904,-0.7542543976614283,-2.301177175491507,0.48297577946585746,-0.6789433665572414,-4.7232729046349755,-0.49297675683000103,-0.70263192863752,-4.649263403263133,0.24660118614025414,0.0065235520064429245,0.09717982977186043,-0.24660118614025414,-0.0065235520064429245,-0.09717982977186043,0.30291153710007784,0.6031390136996664,-0.15770151231650326,-0.27753849274646325,0.5818951137706077,-0.3261223461388152,0.22093170344095425,1.1293448551331342,0.6305311632656279,-0.20432426463319825,1.1173450393815785,0.25941704558123924,0.14469212904938847,1.1791308059081296,0.6384326870813952,-0.13962765591037066,1.1669467234023534,0.26798102322155176,0.233774396462967,1.3510022812050668,-0.3767019268267674,-0.21371370538149326,1.3420739314315162,-0.7447560554469279,178.53921793900633,135.0786959662749,53.66471682457105,56.35801942724943,165.75305941552864,169.2043294626776,168.0033951869537,165.18070970841987,132.00049752120887,135.2627095649802,95.08948941011064,103.32496033706742,177.90043928105698,177.6657066528497,102.78224005886712,102.31119029607751,100.07960448342688,110.78527642622997,140.2778548355163,141.86726915385412,116.4128558914245,123.77378331199083,0.578921845424429,0.5613047460255197,0.7160114184313403,0.6601944514780143,0.18305413194949122,0.1776929325841741,0.26739849300321955,0.22398221521980527,0.2199473515325069,0.02040080170133229,0.033543625874305975,-0.9561207757067364,0.9569264889660563,0.021176106894194278,0.04066549130340137,-0.7628238023217075,0.764200407664566,0.0016084357873717417,0.0015768542218564227,-1.3747606704484228,1.3747625156901522,0.016441540931587856,-0.0026844330688021185,-1.7029029219897895,1.702984407494816,0.0034844252600598835,0.02205727705314987,2.4603596374170204e-06,0.022330801518210774,-0.0030611878010764174,0.017428576056637054,0.1472617819238071,0.14832113318570067,0.021368265151977626,0.0020132135989061124,-0.010761196043954011,0.024009563196702544,0.0028281069513577247,-0.008162277847973302,0.7654119338562271,0.7654606779306988,0.004970315677016549,-0.012937766402515066,0.6440358041827384,0.6441849167022787,0.0010408572296598108,-0.00835888421357571,0.8129933431967014,0.8130369797316835,0.0040557847094180146,-0.010354305381205587,0.7064879051785,0.7065754179088327,54.64018190340351,51.255511979478136,-20.653024695078468,-23.469042045555202,2.0024899113399415,10.681344105116896,-2.9109704957239897,7.360799707769372,-3.258867466256014,1.1482904969950438,1
73,2433,0,0.49653061224489786,0.8197607113556429,0.21752463281154633,4,0.9997611407077673,0.9985243678092957,0.5448378324508667,0.5424870848655701,-0.0002742018550634384,0.5349157750606537,0.3118080496788025,-0.07612727209925652,0.24303282239858698,0.14887335385834863,0.2850056635438254,-0.030079461376867126,-0.9673447116128965,-1.2475002482585846,0.3405722901136215,-0.7996369913364859,-0.19470992427236858,-0.4101993793920582,-0.8191310872936147,-0.33758174531074575,0.4330137017920155,-0.7136800178721472,-2.3007284224014124,-0.48539531407989517,-0.7371336658097543,-2.436222145448806,0.4761774820885806,-0.6723721011088185,-4.842319309992105,-0.4882411178919882,-0.6955496909143687,-4.855578047458875,0.24319801240430053,0.007229795170608619,0.0949496128643588,-0.24319801240430053,-0.007229795170608619,-0.0949496128643588,0.2981802177771243,0.5946651876614817,-0.1354960039254261,-0.2721596474812862,0.5706828465739961,-0.32217140135165223,0.21813632584746268,1.1102102324609493,0.6709082806429991,-0.20126906941131828,1.0969512858592305,0.30033105961979206,0.14230232043166718,1.1592992241192062,0.679642122079683,-0.13690245606067747,1.1458943013234149,0.31315942350436043,0.2336259058101797,1.3288171119425998,-0.302974460014513,-0.21113365123095534,1.3188447210569965,-0.6596877331717788,179.17692463678446,141.3924835079653,53.96296489336831,54.14561013712834,165.82754373453628,169.4592640838931,167.7715735833036,165.50791255184055,131.7411750944934,134.9203962722103,95.17850139815887,103.3259434005633,177.91629303787488,177.65444982012835,107.57562580310007,104.52337882522117,100.6677093823379,108.4097926972486,137.33764752779683,139.659886122544,116.15265366725923,124.87690781960586,0.6013044011915339,0.5989643070232761,0.7245679032730182,0.689632457073373,0.18052551326523972,0.17717441636656434,0.2737362690442007,0.2331989519428021,0.21788500803861688,0.015154932484482209,0.01769354849150679,-0.16974590041420604,0.17133710731846755,0.02904958797223628,0.06447416363340408,-0.20415493936249618,0.21605563080764212,-0.019515102559869858,0.01639669591730284,-0.1099561199997406,0.11287178208181214,-0.01075367132822668,0.005693598227067403,-0.4475839210279041,0.4477492879620468,0.006690621376037569,0.014314597303217047,1.9628328807426137e-05,0.01580102830900734,-0.007354851925011806,0.021309563607880472,0.07293395923845665,0.07633841600527227,0.01936654249827059,0.0016860889666008155,-0.3347962417385781,0.3353601487157009,0.002749038465095277,4.78643359559953e-05,0.02821060744198874,0.02834427412588335,0.0029328194531527308,-0.008500886685920448,0.0571147962050002,0.05781839196942748,-0.0018423253839666115,-0.0004361976276744477,0.022488561543551264,0.02256811537299669,0.005442084688128824,-0.006888851974949663,0.06623374241771092,0.06681303167751941,-28.15762486496245,255.83555648476423,0.9054608540271256,-47.19547271657647,6.543225289603173,8.921047843576426,-1.0650443492117054,3.298289452315943,-9.061247018933713,-6.264076592021305,1
74,2466,0,0.503265306122449,0.8167618300878641,0.21197085082530975,4,0.9997117122014364,0.9981905817985535,0.5451658964157104,0.5423935353755951,-0.0002730395644903183,0.5351044833660126,0.31324493885040283,-0.06234869360923767,0.23762091268889854,0.14847579992046384,0.2801941493128055,-0.031973815852105826,-0.9826840285948318,-1.2610144216978985,0.346109616405824,-0.809545618983917,-0.18012554220450172,-0.4179270549524471,-0.8260959323275162,-0.2629647521288522,0.43787779706685176,-0.7233355492345941,-2.2238579003649552,-0.48963185496080674,-0.7448638690633743,-2.356667990568542,0.4783555566500629,-0.6806354387368628,-4.7643610993688466,-0.49867048606854136,-0.70692127431445,-4.769642240730374,0.24674774754764622,0.007261941643000982,0.0962402510489698,-0.24674774754764622,-0.007261941643000982,-0.0962402510489698,0.3005768434425284,0.6067255186385333,-0.141033414800148,-0.2754448349311189,0.5807910004281645,-0.40603688857401776,0.22071346073586937,1.129614673154208,0.6391984633485496,-0.20586623358176454,1.1155626166441615,0.27369978184525656,0.14314730857634375,1.1794466432058976,0.6457775537964123,-0.14037059310901043,1.1657034651803808,0.28443926551708093,0.23688469593936382,1.3517000053409955,-0.37801853081499626,-0.21610506607360203,1.3393389096253894,-0.6970168275115401,176.6808146979188,151.9638426942694,53.72447724093684,53.24311822795537,166.18491228464245,169.79311862035365,167.93310225990572,165.39839681227272,131.40245521795924,134.8492805099068,95.24999534362031,103.49353970056951,177.79769436762697,177.811218793799,106.45735306206204,99.4895025456204,101.73429994822799,100.16718434697005,138.21451278141078,138.49046326518476,115.40956955180069,122.39811955838944,0.5737275767847001,0.5874284525179198,0.7120250065969143,0.6761895902825986,0.18127347625225723,0.18640888268801015,0.26411966282223615,0.24311808800875392,0.21538316357367937,0.004704318829436788,0.04598542825499566,0.6750306086753715,0.6766114933077082,0.008555490579178062,0.031027331281064083,0.7038187624803212,0.7045542861446562,-0.012095294781585208,0.04095417350085803,0.7739992284063063,0.7751763322345112,-0.016397504664179063,0.014618706347337373,0.7832815398031187,0.7835895324280602,0.009329238934303374,0.005969360693177165,-4.323004786647957e-06,0.011075557993480098,-0.0069194765233281655,0.012363960493856371,-0.041808432607508314,0.0441439883964634,0.011791489017543478,0.004585999161449819,-0.3141705224763094,0.314425170421512,-0.0009741356123739189,0.0018851080937172002,-0.20545810016233476,0.20546905726905032,-0.00030691943951507034,-0.005626856391109623,0.05388037482304346,0.05417426052527325,-0.005844813674243513,0.0016413517852327676,-0.21576903649230447,0.21585442546166833,-0.0002321912281548793,-0.002304119850272557,0.07224338712976922,0.07228049436073716,-7.481265548395408,127.07329929438198,-19.588401401730135,9.871007274257094,6.670767359131017,4.245807553028498,3.4873862969688068,-1.1023964836233455,-7.933405235832797,2.380519008697548,1
75,2500,0,0.5102040816326531,0.817894673257163,0.21220384538173676,4,0.9997831835891261,0.998497724533081,0.545462891459465,0.5428870320320129,-0.00027449149638414383,0.5356684923171997,0.31406936049461365,-0.056874485686421394,0.23591739317962,0.14845821326985528,0.2787415603959073,-0.033243559306472874,-0.9861607473567305,-1.2559894245861853,0.34851591628449496,-0.8110748476127286,-0.17541031051810338,-0.4187917598175078,-0.8307160013184519,-0.23070059816480787,0.44163305816660314,-0.7200999027195149,-2.1901767693736645,-0.4964894883763786,-0.7476760380447128,-2.321795721660884,0.4817287931430083,-0.6790730241228121,-4.7650956255116705,-0.5053970975666244,-0.7091016307262723,-4.7764211716605836,0.24820922088266123,0.007766052130432218,0.09616651628827609,-0.24820922088266123,-0.007766052130432218,-0.09616651628827609,0.3009755228764306,0.6095660235997383,-0.14858926595251035,-0.2776839953638179,0.5831751745501885,-0.40492637417021876,0.22056187857030998,1.1341780486644486,0.6366013607016984,-0.20810835387114587,1.1188155153970152,0.32003238970722736,0.14185292525994372,1.1843116166467116,0.6430530772569419,-0.1422772804131141,1.1696570903896826,0.33756288705650395,0.23896236278815491,1.357028975269982,-0.3986479172586418,-0.21885996742690697,1.3405108787635802,-0.67081040416028,178.67567984504197,149.9063945606889,52.650541999452386,54.806967624503564,166.27448514759806,169.743733189946,168.0052284652005,165.43405198743778,131.2096369436926,135.07989104579303,95.19174218255642,103.50263869164033,177.5787954431674,177.6406831866059,105.9551282407826,97.29200389795778,101.13396455577615,98.640283053739,138.04822509395328,140.72726347268258,115.16359389361095,125.40402930016133,0.5627702452468853,0.5837364328453684,0.7179150004560572,0.684295113532447,0.1816858105844407,0.18603006788232973,0.2641741358127276,0.2519978726465718,0.2145049625666142,-0.014613813428736504,0.03663328156542437,0.30402194208173733,0.3065695714325426,-0.00405622952019992,0.01784447413771907,0.2940813107277042,0.29465012400217444,-0.012276777580602895,0.024556224025897227,0.3689296209990104,0.36994971638946705,-0.016448213093316445,0.011371142828642478,0.29960675026053935,0.3002732945249606,0.009072138302361824,0.006404385637881177,-3.106725304874034e-05,0.011104990497523675,-0.0007677434095695869,0.005620629040162977,-0.034888010861268824,0.035346204925084564,0.0020123239773423007,0.004841320550263838,0.026879915550573657,0.02738645089211388,-0.009188901132612124,0.0005426691539252005,-0.10572373867034955,0.10612369816526329,-0.0014767717959275947,-0.004106493138555287,0.1403868420800172,0.14045465307363061,-0.011846200743717982,0.001855750582111423,-0.1112178190430603,0.11186232410860404,-0.0015559481151068452,-0.001457200121523735,0.15861529912521655,0.15862962372556078,18.57492605338715,45.746993610269044,-45.196663467159304,26.33951374332207,-0.09881777356170826,-1.404921050722689,3.9051967363013764,-1.955658135815663,2.790699356984147,4.432610150945002,1
76,2533,0,0.5169387755102041,0.8160945032582139,0.20851153135299683,4,0.999795164122726,0.9984645843505859,0.5457737296819687,0.5428226292133331,-0.0002751210704445839,0.5357566922903061,0.31454557180404663,-0.03865897376090288,0.23169824368111092,0.14844330175596543,0.27517174629878716,-0.034841701390356083,-0.9972547369690148,-1.203718686008182,0.35175143690611316,-0.8213321497687603,-0.08082456225281608,-0.424557148440072,-0.8378284325202262,-0.19815649744348224,0.4401027348012364,-0.7291775247902224,-2.190415364466314,-0.5017651106207135,-0.755673556654986,-2.3280698768025543,0.4818883213267006,-0.6886386306945553,-4.761483534436413,-0.5139859672268686,-0.7186145925794574,-4.78374009723055,0.25136708230695176,0.007791096631249918,0.09750553792272416,-0.25136708230695176,-0.007791096631249918,-0.09750553792272416,0.3036670806532453,0.6176085704842456,-0.1520946589513384,-0.282191176275751,0.5910109490530542,-0.40689542528177103,0.22029562099303415,1.1488050341041662,0.6251305339620851,-0.2121921743515736,1.1333645030515676,0.31288487508111207,0.14066672962437632,1.1998662462449154,0.6304919828977521,-0.1455203931845674,1.1850655778345933,0.3282587176736595,0.24091050505805456,1.3725390503639003,-0.42385525104422916,-0.22268579171957342,1.3573543344028822,-0.701204054497849,177.92533474349574,155.02889126615742,50.69630078863718,55.00786564875794,166.17829149381382,169.69898890995523,168.19475044123791,165.26736771717307,131.58943207487718,135.14626539002012,95.12805723025943,103.5611687774557,177.8326936052123,177.76210691960094,99.846862095938,95.02618776957925,101.59658944836536,99.42839965738001,143.85674840642395,143.07350741287647,115.06120155390495,124.37845810988502,0.5815617843098382,0.5869124686309268,0.7076666742895117,0.6758163719856223,0.1818868381970521,0.18566164546706926,0.260062702713979,0.24874230920277682,0.21609199393992254,-0.023197947126446405,-0.001956116069446915,0.11802984006477155,0.12030384152916357,0.01163735534205584,0.02204017205671836,0.14308907768943127,0.14524352439148233,-0.005634445132631258,-0.004731796004555454,0.4125670953230435,0.41263269987808116,-0.005294879277547213,-0.004974278536709884,0.435715371912177,0.4357759338399624,0.011688606305555892,0.003877011212435645,-3.653324463150727e-05,0.01231487182172823,-0.0038887515212550406,0.002787871794267141,0.06435997784137741,0.06453759652542017,-0.0007418972073179321,0.0023616082740552558,0.26253599560622076,0.26254766537536733,-0.009892564831358037,-0.0018883835185657895,-0.0707662918350915,0.07147934590736789,-0.002883148915839925,-0.0010412750822125084,-0.06643321478005627,0.06650390084409209,-0.008998495159727176,-0.00024203098181522313,-0.08101219480687942,0.0815107796648,-0.006018262920957638,-0.0003684650767933248,-0.09300232385144112,0.09319757237646764,-32.78508071157324,136.08916942096715,-24.6285494774995,-0.25535441190753455,1.1879181426974847,-5.22790972071146,5.265248542524979,-7.331901612894957,6.692266817275746,5.444992664468104,1
77,2566,0,0.523673469387755,0.8120707792766166,0.20061449706554413,4,0.9997967608047255,0.998449444770813,0.5462343394756317,0.5431429147720337,-0.0002769026905298233,0.5361472070217133,0.31477582454681396,-0.04956301301717758,0.23384267961646144,0.14779390685846802,0.27663231502247987,-0.036094196299337286,-0.9894135250466664,-1.2046584059928542,0.3487159273044738,-0.8176235298457528,-0.11641593665086879,-0.42164401203021346,-0.8334279043054743,-0.2399134410116262,0.43667702097438205,-0.7269821564745262,-2.1787075365749833,-0.500287311923562,-0.749043425684566,-2.305351318058501,0.48126884266062764,-0.6863046915818697,-4.70298761191239,-0.513302596741922,-0.7166201104713947,-4.70887670751884,0.24905248618185402,0.00778325042411068,0.09628619874222599,-0.24905248618185402,-0.00778325042411068,-0.09628619874222599,0.2995538726711914,0.6139539459340417,-0.13435825136693902,-0.28276697677266516,0.5872601743261285,-0.34536826425988504,0.21709468359336204,1.1414503145578199,0.6245802937055217,-0.2131717081906606,1.126172752580089,0.3066313734749051,0.13799890672161655,1.1923589303277145,0.6286366959505433,-0.14758667842861978,1.177562502203679,0.3179565759794921,0.2394164502638218,1.3631327915142852,-0.3856687188701844,-0.22285439233051327,1.3489362185844676,-0.6820166844168196,176.51186451807814,158.88827974247272,51.02505773393742,54.79011423331767,166.3528877450161,169.39869114837904,168.35273486900715,164.95014648098672,131.6513265536328,135.43926056164793,95.09483514506485,103.59699967886588,177.86086966942867,177.56189678480698,102.13050507256295,97.81101275218352,103.46351245588114,106.52362682862133,143.06655792099832,144.4537379679658,114.66263445919745,123.7431074588493,0.571565453167956,0.5722571976536382,0.6984970328643783,0.6649630350755297,0.17995780776282533,0.17869146123096957,0.2566932727143769,0.23479122653603055,0.21587175084899296,0.004397399389921718,0.005000562810186117,0.011339116452345178,0.01314984074933782,0.03222565152751857,0.022757854034651512,0.08162099923660485,0.0906553917481879,0.015915329776593067,-0.002415322545749032,0.09554179746713187,0.09688842329271419,-0.0028988318656807443,-0.002802307926007164,0.21888604804651005,0.2189231787301581,0.010213967579514207,0.004995225080803247,-2.1086811129726528e-05,0.011370041863461045,-0.014413648576878752,0.005242539875542926,0.06030572216902191,0.06222553829394871,-0.004541073272477323,0.0025265252412255065,0.09601985785498524,0.09616037530475911,-0.007386527844329359,-0.004051336601598929,0.09855672494689005,0.09891613697527542,-0.002542538429374119,-0.0006093907712110817,-0.04410654751222514,0.04418397211914129,-0.0015390453053944107,-0.011486793631937936,0.11418537417454477,0.11477201210998952,-0.010111438694284897,-0.003854730235996521,-0.04875126169688654,0.0499378178808296,-45.75032772627451,262.3475887602775,0.6236350758948896,-28.771977824403663,9.613077049521317,-7.017850598931578,8.1600879723469,-5.112961536092392,-9.130452616358783,6.146646450909909,1
78,2600,0,0.5306122448979592,0.8109228909015656,0.19726896286010742,4,0.9998007561221267,0.9986477494239807,0.5464580655097961,0.543157309293747,-0.0002765338867902756,0.536542996764183,0.31526079773902893,-0.04816583264619112,0.23308477750103523,0.1479467337995631,0.2760738117690012,-0.03699077045091858,-0.9906019383051552,-1.2040194451281538,0.34921833211657594,-0.8183368106914405,-0.10845413516221665,-0.4210474468165919,-0.8326456573262467,-0.23847698773234594,0.43725309272880425,-0.7267936569020624,-2.180501234376154,-0.49478361609714716,-0.748893619253005,-2.3006493432691473,0.48169741749693773,-0.6881869745290282,-4.7227334514006385,-0.5154888572219736,-0.7181589075650207,-4.714983033045357,0.24989626102426202,0.007574135091949549,0.09638727995889824,-0.24989626102426202,-0.007574135091949549,-0.09638727995889824,0.2966980101063216,0.6156505677644989,-0.13695705674656672,-0.2848500044212478,0.5884807073961766,-0.38225784896773907,0.21530436790203952,1.1428558389397634,0.6470116558258937,-0.2145947009252216,1.1283010809308787,0.3011634861952879,0.1373547803415663,1.1919457080766804,0.6561484832142255,-0.14997765514127337,1.1790456162406988,0.3153598753349466,0.2391741796726551,1.365032123545526,-0.3738418074638329,-0.22381421844197474,1.3513817753224309,-0.6933140930897452,174.86006278583534,172.60617971309605,50.73808433872214,53.08014313452289,166.82236765613175,169.22879291982682,168.74147633538516,164.92479929425488,130.97769174958114,135.55809070223108,95.12127001552362,103.45516821309805,177.81048591038058,177.7718946774476,101.5988781634095,97.70252927220115,102.48275598513223,102.37306176345514,143.51254142133033,141.90434174469647,116.66092949894332,124.85577969675569,0.5731115095411551,0.5701446423491195,0.7020318962651048,0.666612818617537,0.180273647849442,0.18275692693156687,0.26178687595248545,0.24121435890746615,0.2156947669402498,0.02437563084844327,0.0056513209841144475,-0.3705024719238272,0.3713464561696953,0.03136627709687638,0.011523268116054221,-0.08704680115429302,0.09324041311677857,0.012451143407109927,0.00022907755268153802,-0.4513299287255119,0.4515017032216437,-0.003489985394833684,0.005503643804521689,-0.015287256952541938,0.016618372914224914,0.012891506081196767,0.0044961473835048275,1.655530128906018e-05,0.013653078202871736,-0.0172524309870022,0.001991862681374616,0.020354152170579773,0.026756408624586444,-0.00864801122181449,0.00036385521959902544,-0.0010461949590426746,0.008718658876558085,-0.008389131346745257,-0.006096576576802252,0.14248067763314282,0.1428575838711733,-0.00039721602824196783,-0.004134961028597238,-0.015496429222733189,0.01604353458363491,-0.009459346088010849,-0.021656947349434415,0.16209260741276485,0.16380633679677245,-0.004117168597321002,-0.008559049065433309,-0.013195979061411353,0.016258605769021765,20.066412100246357,207.65283467071444,6.655343457552035,-15.486130656169484,14.818600825350321,-9.1939691110735,10.74748868721688,-6.246779571032415,-33.592205942415596,0.3411162576027421,1
79,2633,0,0.5373469387755102,0.810305417938666,0.19585208594799042,4,0.9997472275387157,0.9981909394264221,0.5470980703830719,0.5434441566467285,-0.00027579348534345627,0.5372124016284943,0.3157908469438553,-0.07176464982330799,0.23881878578936724,0.14793548612387625,0.2809258274004284,-0.03823735173748341,-0.9728598289709386,-1.3034864516319535,0.3455547488223002,-0.8042893514705546,-0.20333481268594147,-0.41593395778329556,-0.8164467112082171,-0.3056170127798258,0.43274202558594455,-0.7155958644122712,-2.233777115584595,-0.4882350223364645,-0.735919519125333,-2.2908819843746095,0.47380837506445755,-0.6768332804470967,-4.738754629127184,-0.5093645069831844,-0.7054274066751645,-4.64055879888596,0.24643512091621297,0.007469733713630072,0.09241630319840193,-0.24643512091621297,-0.007469733713630072,-0.09241630319840193,0.2877864176303507,0.6039733543759563,-0.12745433717893728,-0.28358243808703804,0.5772992802765455,-0.3403433127872102,0.20870135984422128,1.121478695673129,0.649011842195379,-0.21308303358696487,1.1069024670153325,0.2982451898961582,0.13055919521901246,1.1678981492133045,0.6576836373858759,-0.1493875665046242,1.156451672359455,0.30994595510585016,0.231874168655263,1.340465844469126,-0.3428006113931615,-0.22220866506711276,1.327083508659327,-0.6789994954002003,177.85631412879465,172.80101966541062,51.47096574559341,53.75254347935431,167.34573400031456,168.78269521793712,169.07281661105068,164.53161224972754,129.40064875549095,135.4621153509073,95.22545439361069,103.56974039258667,177.7848323545174,177.77424980223338,107.6764025726464,102.60526492896469,103.04881314761067,106.3081355613669,138.52429369432602,139.65269462964773,115.59368808633862,124.2431185138954,0.5714727456255225,0.5585402511397263,0.7038916754074515,0.6601671683384203,0.17897193316995375,0.17873651056325837,0.2630770933804419,0.23390259199278007,0.2158699755036942,-0.003795732151378294,0.005931565255829797,-0.2738129008900042,0.27390344237111813,0.06990631421407081,0.018007375977256126,-0.1271367073059085,0.14620157557690994,0.009932301261208299,0.0038219220710523296,-0.5417339729540289,0.5418384954478752,0.03953278064727793,0.022591515020890726,-0.3234545389811206,0.3266436224452181,0.010299185911814397,0.00026415694843639093,8.875786355047537e-06,0.010302576770842661,-0.008762785882660858,-0.0037243871977835083,0.01947135862075926,0.02167466915462818,-0.005978978041446585,1.8062013568300235e-05,-0.18150664188645146,0.18160509231173275,-0.005652507146199558,-0.007071278311989541,0.005987783273061131,0.010853910011079021,0.0005165735880533867,-0.003757801922884864,-0.3616616807200701,0.3616815715858764,-0.010251998901367214,-0.011178580197421016,-0.0014253186457084922,0.015234686407852709,0.00031518213676683907,-0.005154898672392887,-0.3839030748966978,0.3839378116768932,-60.618460241865186,10.136844603437568,-23.465319998945656,-100.56134204579814,8.716887599361351,-7.081271391135078,6.5817405227339725,-6.649764060847146,-14.291223582036906,0.1761686030683702,1
80,2666,0,0.5440816326530612,0.8079474157456196,0.19306080043315887,4,0.9998277299331896,0.9987490177154541,0.5471378117799759,0.5431747436523438,-0.00027594808489084244,0.5371507257223129,0.316174179315567,-0.05669141374528408,0.23411899295618305,0.14794418873632306,0.276946178604555,-0.038782239675126555,-0.9857477702379264,-1.2290008907743386,0.349809679907139,-0.8141845328700561,-0.14727867371917275,-0.42193261807501525,-0.825127231463082,-0.2601323687054102,0.4325167584142456,-0.7231536730036039,-2.2388881757680212,-0.47901989150847485,-0.7423061934149282,-2.32370291392664,0.48009266078581214,-0.6851713561314753,-4.8369616820991155,-0.5068983337936809,-0.7105758325539083,-4.7772167516446515,0.24999468087529741,0.006759662446104892,0.09380262775579881,-0.24999468087529741,-0.006759662446104892,-0.09380262775579881,0.29122070166223973,0.6127607750427121,-0.13188747727684533,-0.2878320463765188,0.5865683743902997,-0.4243113452644526,0.21082466669010114,1.1375077663779352,0.6463984550318176,-0.216250066294426,1.123788501138921,0.21402387701758022,0.13202449573470568,1.185464179549448,0.6537398599509173,-0.15188455531731024,1.1740402467094313,0.22287512479372085,0.23506221462989338,1.3586099372295384,-0.3606569784110487,-0.2256034651124499,1.3454448661703104,-0.7937257518920433,170.85924440987225,173.27521145692293,49.18937321879173,46.44309455950023,167.3976822376896,168.7614290080119,169.1758712098856,164.48591486623897,130.0344709931667,135.5697178300336,95.38345944895268,103.41404964869015,177.94889001739972,178.18509989666677,104.03726223387964,99.31983872624664,103.16460179989978,100.62909643780829,141.85359966455604,136.9880908667928,115.26879387158182,122.7952048625756,0.5802638688542399,0.5721765473946665,0.7197240325233056,0.6795919619781743,0.1794544898905305,0.18838567103153955,0.26091092280973793,0.2319085355435743,0.21602545299060633,0.009936183246213972,0.011827963501659761,0.059852849191693966,0.06181417324904216,0.062237924604273395,0.013147272280792658,-0.27429167904070884,0.2815711903203944,0.010164815988113605,0.07107809408387124,0.033191780545818186,0.07910191678126148,0.0366684216171947,0.02271470738880664,-0.28470736830981735,0.2879562755793967,0.0008188966494887601,0.00798301910286517,3.067804361457248e-05,0.00802496896328043,-0.011749231993262417,-0.00446767949346285,0.14738510571308952,0.14792016089278157,-0.0008122244877601717,-0.001308633320367155,0.038009414921945504,0.03804060794065082,-0.004039771521269375,-0.015611968823333246,0.017374976357417277,0.023705339649656945,5.4266915392519684e-05,-0.006218454731044469,-0.19231438636779735,0.19241490412169893,-0.003058518936384962,-0.010428143971001898,0.004455447196960438,0.01174528562824554,-0.00420524113213837,-0.0024509074083015037,-0.2157320059947108,0.21578690741239476,-61.66222791897062,42.82988272225133,-3.847581608341478,-97.88360450068114,6.355672448636981,-1.3380956780182096,2.3274233393538992,-0.3319679762419017,8.746300518766619,14.744649179354926,1
81,2700,0,0.5510204081632653,0.8065720033465009,0.18857653439044952,4,0.9997742916598464,0.9985598921775818,0.5471529364585876,0.5439790189266205,-0.0002737380564212799,0.5375671982765198,0.3162323832511902,-0.08355212956666946,0.24268437718672067,0.1481026071568965,0.28430632982256393,-0.03778573607034191,-0.9621866519326565,-1.273810415445221,0.34315703450666984,-0.7954161286547268,-0.22124522762250015,-0.41058949855381466,-0.8067053282791894,-0.3645904205828871,0.4297451620823979,-0.7061810728763049,-2.193118947952941,-0.46795564778947957,-0.7259521621495325,-2.328289754487509,0.4703770980877737,-0.6539164267431111,-4.674594378524595,-0.49485963779853936,-0.6935679374393984,-4.652482658787704,0.243518023595954,0.007312465426783612,0.09212230113044381,-0.243518023595954,-0.007312465426783612,-0.09212230113044381,0.2814027141719924,0.593857750565369,-0.09121312385164193,-0.2805949351244316,0.5682453055400877,-0.3273463922951863,0.20507482708098435,1.102583493299322,0.6453822426780015,-0.21072959488797474,1.090394268901649,0.24937066110507936,0.1280930435847486,1.1496726301001488,0.6509062940987592,-0.14879529056359295,1.1402421818475195,0.25541367335113063,0.2278014484390779,1.3168675885407535,-0.31577678662968744,-0.21969420222607497,1.3058046005935082,-0.7074078755120105,173.7249448582236,175.67062180780147,51.21317777783453,47.194341977808655,167.77156405437324,168.6930428075099,169.2287539747874,164.50937039531934,129.9866508902483,136.4500068459241,95.35568550631132,103.52476597606946,177.90425486399155,178.14542615662094,108.89095735043027,106.47577034129755,106.86186104970041,109.48400770372906,140.0782353267043,136.6295821541079,114.66694326636066,122.9129978452392,0.5617296209442828,0.5590019910636309,0.7057501850456049,0.6608911596781238,0.17504648590618882,0.17708697484442001,0.2554331485593048,0.22207277624785568,0.21815933214328814,0.04305323558067197,0.0059440064786085295,-0.17808444464384574,0.18331116095614455,0.043907272281931295,-0.0010386331757502743,-0.2533170714307181,0.2570962193349971,0.011848869608409338,0.06288957239976553,-0.13922933322280165,0.1532328334831944,0.0015194736309905512,0.0047510239615369074,-0.4649286839499391,0.464955441078197,0.00041500845951820384,0.012503631079374822,-2.2782652235742767e-05,0.012510537208282567,-0.012174471100764457,0.00016280074617755906,0.02540770306516043,0.02817437888780634,-0.0010662114442284401,0.000550675747999503,0.29019244126419447,0.29019492245298883,-0.004376048472390235,-0.01167183491721079,0.2145057738716917,0.2148676535797342,0.002512736106986424,-0.008462080314977824,0.41709006277482796,0.41718346217403013,-0.0104735146707563,-0.012777634521028857,0.2430641829077871,0.2436250386683227,0.0011538391682639022,-0.008738752621323292,0.45274492742410233,0.4528307260450185,30.622230344564706,-179.07830535667162,40.12028555068505,-65.68216881870481,5.983717186219423,-2.8361191081697057,1.5736467148009647,0.6928061036182765,-11.435960759505274,3.3873898107944496,1
82,2733,0,0.5577551020408164,0.8061149228702892,0.1874709278345108,4,0.9997994592695525,0.9984051585197449,0.5471656173467636,0.5440124869346619,-0.0002774745225906372,0.5376839488744736,0.31635431945323944,-0.07418863475322723,0.2395433214778835,0.14664850649107145,0.28086791792712545,-0.03822109597044074,-0.9724825496853151,-1.2732339494074365,0.3470581876737218,-0.804823480946223,-0.19983872219900775,-0.41457510838340694,-0.8162813370165823,-0.326466743915593,0.43664874773697976,-0.7146211023735544,-2.250102683921664,-0.4619564516670922,-0.7351718802552122,-2.3516796238144515,0.4761166653159585,-0.6635849764436428,-4.802630726775381,-0.49955708132921195,-0.7025034669949197,-4.821414382656393,0.2463004012482689,0.007297256768850212,0.08623695160392868,-0.2463004012482689,-0.007297256768850212,-0.08623695160392868,0.28415123348499677,0.6012609793986399,-0.12397959350981057,-0.2841664069235756,0.575526827568888,-0.34915695010988,0.20673804758303013,1.1158578563284627,0.6885478294969629,-0.2127301764181739,1.1030958272960558,0.31053619850022746,0.12758363002316736,1.1628808730241702,0.7025992294307059,-0.14958755644564709,1.1525799120644777,0.32776919262325666,0.2281920164379976,1.3329424382409032,-0.2935100883762832,-0.22282603068714663,1.3213944965107294,-0.660038264756805,172.9109338429581,161.2769649980259,51.877432350687634,42.042389248647,167.7985912891663,168.57140902776453,169.28130553977726,164.5323328751814,129.26826162227985,135.79667294735683,95.37537143000444,103.4474244796267,177.88099593881174,178.3952123137906,107.05535136164102,104.23087394131946,102.50916115993004,103.99704455928449,139.87680981043135,136.8277970369256,117.6784302555389,127.12864379908946,0.5769593972779553,0.5694288588636567,0.7171522056753926,0.6938103215802456,0.1772845295479834,0.17989687126472154,0.2710053133263728,0.238097026097599,0.2168786362629856,0.05632729241342269,0.0041863231947927865,-0.6298278317306997,0.6323554275841341,0.047979481292493534,-0.0018757401090679793,-0.6289084752400732,0.6307387884495825,0.0327509461027204,0.01694397492842245,-1.2359221776326528,1.2364721395653187,0.004158327073761922,-0.0013618758230498377,-1.5839157682476661,1.5839218122411862,0.0005192828900886317,0.008307623140739693,1.7455242799990147e-05,0.00832385497555031,-0.007571596087831458,0.0033739841345584837,0.05364598649920853,0.0542826372215903,-0.0019087032838301272,0.0013934843467943631,0.05075279058832123,0.05080778187790186,-0.0031084725351044704,-0.00026822090148925846,0.5122727968476048,0.5122822980877056,0.004166454979867657,-0.0026668563033595298,0.49658097100980475,0.4966056103576384,-0.010575308944239787,-0.003971836783669222,0.5396961262731854,0.5398143397141135,0.013037161393599108,-0.006123022599653779,0.5310010729414057,0.5311963840689079,-136.31485830356243,-206.14813803638825,55.5785790093367,-70.61444660243568,3.815735091865417,-3.8779623587465024,1.5120428874820255,0.09413959300964145,-17.09761555149821,-18.12078901729848,1
83,2766,0,0.5644897959183673,0.809964960271662,0.19278720021247864,4,0.9997513456778093,0.9986728429794312,0.5471872091293335,0.5445273220539093,-0.00027258601039648056,0.5378907471895218,0.31634849309921265,-0.08573577180504799,0.24383592498626244,0.14620446654426317,0.28430917036106795,-0.03603857739981461,-0.9611041687419805,-1.3388218536903589,0.3438429262807705,-0.7969101995874851,-0.24867556380914094,-0.4092397752674237,-0.8082355554010952,-0.35252337526211497,0.4426962319201524,-0.7071307427781279,-2.339310360803432,-0.45693348365522146,-0.7283088918975308,-2.474266395910879,0.4778547100306992,-0.651905036494779,-4.961460740594022,-0.494009919923907,-0.6958057014354406,-5.0201330481912265,0.24327072257738042,0.007398557400644309,0.08292468842474318,-0.24327072257738042,-0.007398557400644309,-0.08292468842474318,0.2795216726737239,0.592706514220095,-0.07876279679107645,-0.2811557684122179,0.5666345686001257,-0.3155653372958625,0.20423062504310965,1.1005816667774022,0.7642915950209896,-0.20988082893664375,1.0878357409818773,0.36464124366151635,0.12551624694692762,1.1468105696068118,0.7761816882001227,-0.14588788297299718,1.1368808357485747,0.37867453479724134,0.2234246722869455,1.3135424239319196,-0.21254962900756436,-0.22121373205240094,1.3029820710498337,-0.597172476305935,164.7281642101885,162.06484469739988,54.881363992450744,42.53378850204791,168.02340257043636,168.43709729183263,169.3285488053612,164.51558360845797,128.85820826384943,135.2540347707824,95.38538235018689,103.45047607862891,177.69401107522324,178.5042867241388,110.1162010787551,106.38553155935428,105.27804212767158,105.01530292608797,140.91226930213847,136.98151661153943,115.7161983633107,124.31252893032557,0.5955979354630212,0.6038111284027052,0.7457337195211626,0.7239489704357529,0.17294842046812514,0.17642546143928148,0.28063873204349565,0.24447477116771013,0.21615841063663668,0.04886068514923571,0.022803224734406068,-1.3500309702175821,1.351107314079147,0.0006467548768911816,0.006890563822504328,-1.78572935844536,1.7857427697670625,0.07628593871842601,0.04836516593819254,-2.7068622076689417,2.708368834746988,0.009994453458643712,0.024154559889836197,-3.2337690467265245,3.233874700638536,0.0014240617182717454,0.004384499877246476,0.00018308133776508235,0.004613600516652834,-0.011394272989301586,-0.00039410235276862916,0.16387824469537945,0.16427435544861485,0.000136112099263206,-0.001493674605640019,-0.6172966156432903,0.6172984377713839,-0.0003780891646200167,0.00032026376297224945,0.5708339054193093,0.5708341204733256,0.0015377108730487033,-0.0027667230634547102,0.1726418511191418,0.17267086630084086,-0.007680102960387304,-0.0010871175509780246,0.5591751924201647,0.5592289885406335,0.010130120747125012,4.626032131821381e-05,0.21233809972877019,0.21257960881230778,-6.76412176656572,84.62271496322418,24.52245523015166,8.307471465582465,8.217239634040123,-1.5221799599457808,2.990946771675958,-1.3130320605677719,-15.10209219399486,-7.055778469146133,1
84,2800,0,0.5714285714285714,0.811784569512714,0.19403813779354095,4,0.9997683474511811,0.9986565113067627,0.5472610294818878,0.5443062484264374,-0.00026520807296037674,0.5379225015640259,0.3167533278465271,-0.09398868307471275,0.24627551549945792,0.14774538765796202,0.2871938876590608,-0.03553182794028605,-0.949276885470598,-1.3782198923579263,0.34016245898298964,-0.7878881677126833,-0.25582025699195804,-0.4051953745090197,-0.7967759240945027,-0.3968640725089206,0.4380973405729695,-0.6945833290220591,-2.515534029286747,-0.45196235675183705,-0.7183937329698595,-2.716518444724169,0.4830939939829614,-0.6387079738031325,-5.328375682501778,-0.48655402178324864,-0.6824173511772977,-5.469668677509352,0.24062888536496113,0.007419296633090537,0.09058721595335088,-0.24062888536496113,-0.007419296633090537,-0.09058721595335088,0.274901870452316,0.5869022994848946,-0.08305996532179032,-0.27820759116148885,0.5614784680638953,-0.4855191259168101,0.20176383746927135,1.090330896462814,0.8065095060535806,-0.20801789245735616,1.0771298054816263,0.3439293011917252,0.12264943999970349,1.1359898147386378,0.8175315152551376,-0.1442615645808817,1.126180159098271,0.3700435193492302,0.22102846035899715,1.300598227261856,-0.24039512555782047,-0.2193300446493339,1.2906277269737234,-0.7148140153489195,172.4577376845982,166.9466869005619,53.52043685110779,42.59898983684102,168.34914634464698,168.46942297044816,169.48169897347955,164.44435972712336,128.2564214452822,135.32393578992404,95.36750024866241,103.54247924679986,178.01345314674114,178.73643594056853,111.30956929239437,109.1327195348422,102.53409717008732,86.88867651045754,138.67349737461737,122.55627070231334,114.15178521963323,128.39005061665844,0.6501376563723199,0.6667060787026197,0.8080936313608286,0.7908178257962036,0.17401402850630632,0.19918672393796685,0.2943034506098376,0.2812165810858719,0.21787601389060454,0.015984720258570388,0.03726001995712954,-0.5883005127977954,0.5896959502380014,0.0008762772403546211,0.008861075586347415,-1.1907824829443148,1.1908157742528338,0.0628108408913682,0.06944296964958514,-1.0008402724764214,1.0052108131023618,0.011387600827572921,0.0441412427532138,-1.6951258502789355,1.6957387107241169,0.001330206643289591,0.002043905542857606,0.0003175670976069428,0.0024592373702955767,-0.008535918904774203,-0.007283331742927191,0.008705364012006481,0.014201837747557533,0.0020029829509222636,-0.0024171017888766555,-0.45853897706786084,0.45854972228996027,-0.0010328506355854975,-0.004010414009663586,0.1286704148819194,0.12873704154923557,0.002736475930285091,-0.009586561971635937,0.17876500514016178,0.17904278129462553,-0.006300299914915155,-0.006577861842824435,0.11542728587762605,0.11578609748374964,0.007108076294856267,-0.0050459335099405185,0.20924399592983137,0.2094254903928448,90.4681403273892,134.4419524898017,-29.719600587012643,9.139354599488726,5.926190374887115,-0.7584198715856237,-0.451872583595195,-1.276446653774744,-13.785000448322613,2.97150124551752,1
85,2833,0,0.5781632653061225,0.8142898760058663,0.19738230109214783,4,0.9996869419560288,0.9979696869850159,0.5472763329744339,0.5446642637252808,-0.00025130901485681534,0.538384735584259,0.31703145802021027,-0.11113931238651276,0.25336121255840194,0.1484262089331692,0.29363624355201207,-0.03472277844115643,-0.9274915193735636,-1.4213142671188328,0.3357732202105401,-0.7710323999398352,-0.2966266188055643,-0.39633520862597826,-0.7794083968192997,-0.45864801643893843,0.43197818258748155,-0.6766340310953676,-2.399311443055132,-0.44252300515208276,-0.7036193622755741,-2.6674511298458325,0.47670436375059977,-0.6158192210794018,-5.032302362657817,-0.4760233388852683,-0.6640986063424288,-5.247528548786658,0.23534022000349783,0.007888724095789957,0.09181155590184471,-0.23534022000349783,-0.007888724095789957,-0.09181155590184471,0.26839174718608794,0.5717515331094685,-0.07434709950529868,-0.27207161582130723,0.5476180823601037,-0.41024059647134875,0.19720424846119933,1.0642413123321144,0.7693013211289461,-0.20289329269017436,1.0506279196067934,0.39377573563463686,0.11978826479806047,1.1084159749977347,0.7777920062495172,-0.13993553796383482,1.0991511949967043,0.41431776978606044,0.21479113201777605,1.2707861060792875,-0.2500463449092308,-0.2145537375080875,1.258354103731382,-0.6136288247436079,170.7895296121236,171.0724555142166,52.89015075312089,43.14612526021366,168.4204573255538,168.3862831604364,169.29827334226033,164.43006168265507,127.93461323381182,135.45312535423207,95.42723616424695,103.7067805447156,177.93665693019247,178.8218131101196,114.06851691004975,113.27090511780824,103.55541921297619,91.96032065965356,136.04203072888095,123.26973786614803,113.11611167360809,125.44973398136702,0.6186916290585998,0.6491080376319392,0.7734592723001475,0.7577569670132678,0.17288228020517737,0.18832457515566967,0.28760714489433786,0.2792242606161204,0.22018877995373476,0.02506736553076531,0.04568650866999751,0.4841513705976061,0.48694782014159105,-0.0019895307945482573,0.011010603471235749,0.4736889492381683,0.4738210762006511,0.058616652633204355,0.08733886660951519,1.3594410636208216,1.3635043069404171,-0.0005517945145115684,0.027558117201833897,1.407941182454421,1.4082109669904044,0.0007913419694611487,0.002077131560354513,0.0003026233929576283,0.0022432740692159333,-0.0021755695343017487,-0.007300665884306906,0.011171298948201219,0.013521491979176941,0.008686022324995523,-0.011693347584117494,0.2986392514272157,0.29899428732763617,-0.000484965064308858,-0.011836037491307063,-0.18066280719005623,0.18105075773495305,0.0027639396262891247,-0.01908251733490907,0.2391604763088794,0.23993648171627618,-0.0007495735630844546,-0.01827424222772764,-0.19306915275978237,0.19393351318661847,0.005310231989080233,-0.013262936563202772,0.1988608502980426,0.19937337292456558,24.052254142410984,49.728915155891,-20.731804418919847,2.910560757724601,1.0317856836167856,4.275938055890746,-2.677955142730896,1.674891589339395,-12.96246880631043,5.595548340708792,1
86,2866,0,0.5848979591836735,0.8149280371991071,0.19736875593662262,4,0.9997573801965425,0.998543381690979,0.5473132580518723,0.5444433391094208,-0.0002452349290251732,0.538369670510292,0.3174007087945938,-0.10196729749441147,0.24894923528893487,0.14865919441983186,0.2899573724472251,-0.03502446998981756,-0.9371186537380133,-1.391621373602745,0.33974138280623273,-0.7784411247499554,-0.27399763895960016,-0.40143036464585136,-0.787600313676659,-0.4276369613739413,0.4394476846436612,-0.6780371404819673,-2.3814258429303954,-0.4482878390588066,-0.7095135335206747,-2.582876197322441,0.49165196779558884,-0.6132134184464677,-4.968226115281292,-0.4822225656823883,-0.670113490815393,-5.097132914155677,0.23825079001498634,0.00816302833197991,0.09425244913132999,-0.23825079001498634,-0.00816302833197991,-0.09425244913132999,0.27160654711420995,0.5791741627963864,-0.07979442484138526,-0.27375910503159523,0.5529927765012179,-0.41298452542851577,0.19955038259326668,1.0767724138118315,0.7576316484210852,-0.20558634287863017,1.062047696609881,0.3950201728442469,0.12112976735560038,1.1205307105098978,0.7657246823901878,-0.1418580685957684,1.111955219067453,0.4117125179233374,0.21839006941659117,1.28694729316493,-0.25823397826491185,-0.21719934299378124,1.271257455452821,-0.6419890446901497,174.04518645799732,170.22879530085072,52.15213775945907,42.791086846850845,168.4172441997657,168.75163488213695,169.3049539340593,164.55490257201976,127.40089850406571,135.69324198041082,95.38957852975385,103.78673315491856,177.98258551353808,178.73206664245822,112.5131981380459,110.93150912564882,103.46465239061304,92.38037138762598,136.8910291786989,125.66526894318869,112.85128656553704,123.12180011823467,0.6124402128315616,0.6254851221129886,0.7504499597595948,0.7291831702949862,0.1733592633328414,0.18740912322689932,0.283221500238049,0.27761143775171265,0.2194930370599085,0.022311708820400046,0.03052024698969156,1.0944720524460567,1.095124820014724,-0.001411384610987427,0.018161624225217977,1.1125829682421373,1.1127320871726054,0.037982392666944975,0.055823753129190704,2.4525585459239547,2.4534877979624756,0.028590657817783756,0.07768709268142959,2.620478174579688,2.6217853789988683,0.0011945393548082998,-0.00197985279026317,0.0001743936271809827,0.0023188692241047203,-0.00034428354519516817,-0.004423198415272289,-0.01995524030123192,0.020442476143076944,0.011642922216386985,-0.021297540237654587,0.4838330309782475,0.48444147708831575,-0.0016867224849871805,-0.0076169398293566655,-0.7579938244463823,0.7580339706793875,9.830318280120435e-05,-0.016385939583849617,-0.09342271890213279,0.09484889607490557,-0.0035611551199386513,-0.011556184113915334,-0.8238262649792377,0.8239150090189546,-0.0001103130739126637,-0.010975261232746227,-0.12036679840799637,0.12086618504400863,-0.5287856704233601,70.29003010956046,-3.899640377832168,-5.251567871530471,-0.23367913510484772,7.897761739183106,-0.7197071605848756,1.2349329851163207,-8.830102981304623,6.090048662340917,1
87,2900,0,0.5918367346938775,0.8132950514554977,0.19449855387210846,4,0.9996866276769927,0.9979172348976135,0.547356367111206,0.5445316135883331,-0.00023962464183568954,0.5384320169687271,0.3178084045648575,-0.09876392781734467,0.24736631915357393,0.14893668173636948,0.28874249950124836,-0.03535560695861934,-0.9413672648036784,-1.3763662982507345,0.34229953033334265,-0.7817438407751224,-0.26765085322226084,-0.4041148166725146,-0.7886741573727077,-0.4147862895308309,0.44419959447311425,-0.6805605991652521,-2.186054554488862,-0.45062777405011356,-0.7108709934407742,-2.454536330299498,0.49332005186120986,-0.6128436288178393,-4.548539360341705,-0.4777341935274786,-0.6568680921427495,-4.728449120001939,0.23932975435773254,0.008203773238899129,0.09575659122175295,-0.23932975435773254,-0.008203773238899129,-0.09575659122175295,0.2725835076088051,0.5808748921970436,-0.08027806274090594,-0.27425836422402616,0.5524168829386765,-0.30496507840018067,0.19987798916705163,1.0809705425892697,0.6064139494096826,-0.20658639526221975,1.0650916591781605,0.3787312967890553,0.12071497831914231,1.124979833428666,0.5997727357503627,-0.14261001027206494,1.115692827295409,0.39336936504554365,0.21761328294861546,1.2916804478431514,-0.4113079198160803,-0.21627965243618114,1.276013566372491,-0.6181082780883052,170.75410097220524,175.78188753155715,52.62887484780614,42.79427021282112,168.40480082350177,168.91543319696166,169.25005296250114,164.51280219265786,127.34299633406441,135.8611586146089,95.46341621518614,103.88530306831721,177.6976357451554,178.96739078911017,111.87949869934268,109.92166746105859,108.58979216686014,106.04483315728925,137.11728721784732,135.14528418444576,107.43807081414914,124.54054030526439,0.5554744148918519,0.5895438133965961,0.6825773059895358,0.6568070290047675,0.17325662122116647,0.17307306325324517,0.2461820094203041,0.24752081818620536,0.21967806476481258,0.01639839428574298,0.006182425057710132,1.713375547038982,1.7134651717808203,-0.003568272092449146,0.00786514424566016,1.8896620665023653,1.8896818035419933,-0.0023583867656650926,0.011387600827572997,3.0684364375783564,3.068458474690394,0.01094990701817759,0.04629279250529294,3.230381367811529,3.2307316051639963,0.0013515575608210833,-0.0033885685365591615,6.438636068087932e-05,0.0036487326800703095,-0.0002241846340805746,-0.0054898546702826425,-0.2362560758839802,0.23631995716643991,0.008406478967239643,-0.015073747777227206,0.598739109822176,0.5989878199023164,-0.0023548282794098453,-0.00048484375227743316,-1.2067996743899723,1.2068020692712755,0.0004835093199317155,-0.01005984064358388,-0.125008287714489,0.12541334128530834,-0.0029998039131734033,0.0016564753518175791,-1.2683365772019624,1.2683412063804038,0.00023486009284631626,-0.008269032435630718,-0.13565483377940674,0.13590682832147616,-53.99031010432658,132.90854684941297,10.934213026436286,8.871080895430099,0.23414500436992317,5.820970790086978,0.5110938346188444,1.3949766127769971,3.954374340612146,0.5346543585057523,1
88,2933,0,0.5985714285714285,0.815137348391793,0.19337889552116394,4,0.9998253638094122,0.9991355538368225,0.5474038124084473,0.5442163050174713,-0.0002409210428595543,0.53841832280159,0.31786783039569855,-0.06954901479184628,0.23689234442293947,0.14806677584256017,0.2793595406543466,-0.03970406419978595,-0.9718792702536885,-1.2500841331530437,0.35291892244546313,-0.8063698548739415,-0.19471145677233528,-0.41724813479890915,-0.8141115798506038,-0.3014813246637001,0.4597273954812551,-0.7014638220193402,-2.060857241460431,-0.4664741078649737,-0.7337307351625726,-2.2276702972267732,0.5094135898752877,-0.6329325563772206,-4.4208007350897285,-0.49821423080943306,-0.6836197374936281,-4.515757815504602,0.24749538062888368,0.008699719303309037,0.09434644237607666,-0.24749538062888368,-0.008699719303309037,-0.09434644237607666,0.2815323429778758,0.6006418533971462,-0.13949927266510034,-0.28245246559116405,0.5711686992100635,-0.28506884424338186,0.20623164192402252,1.1183174509140243,0.49692589579572793,-0.21359368963915523,1.1007377216156433,0.38000900907079305,0.12468136139983296,1.1642493316840758,0.4905672884632722,-0.14750744314763883,1.1529680417003074,0.39478119090893554,0.22461681188678936,1.335337517143741,-0.5126600524909529,-0.2237756331266992,1.3196671622839258,-0.6101926227759726,170.42783568100745,179.13366793976135,52.8847300322303,43.38544926684466,168.43293191505848,169.14163992507278,169.33919722097878,164.64836600507581,127.66584158488672,135.7290638224307,95.3567139642755,103.91493820049284,177.4162953185921,178.6831800749329,106.57114389288186,102.08153409410127,107.17425069448525,109.93684537640091,137.79014147592048,144.32906728772565,109.55792582200591,125.18831215515024,0.5230005610781764,0.53874313473511,0.659696689268933,0.6394138370698029,0.17805480013703678,0.17080829456081761,0.23014465949101645,0.2382780382058005,0.21722194475298615,0.006569154334790751,0.008369485537211065,-0.5359351634979225,0.5360407648214609,-0.003386627544056271,-0.0007771181337761123,-0.19272981267986794,0.19276113159642166,-0.0015786199858694298,-0.00898133624683723,-1.756998625668605,1.7570222898538326,-0.015779878153945392,-0.014715122454094101,-1.7739769184228071,1.7741081270543437,0.0025298107754100343,-0.011985500653584747,-3.076186685851113e-06,0.01224957868415831,0.0030741547093246792,-0.014643777500499316,-0.23791668089953236,0.23838673976735975,0.006965163982275731,-0.011452219702980687,0.0728408269809951,0.07406384354528595,-0.0019976587006539925,-0.0004659999500621429,0.1719047625859571,0.17191700089279138,0.0011004281766486843,-0.006894270579020153,0.4934185382091617,0.49346792779009935,-0.004400809605916323,0.004875840562762615,0.2231202793843809,0.22321693488385955,0.00017249222957726608,-0.0064400109377774056,0.5550275020527093,0.555064889476283,8.265535067647757,47.41660671588112,0.5701236216002333,11.60188865944561,-1.5497314799305082,3.8236835956415285,-0.24003034363317863,0.6936747947149182,8.742570121957277,-0.18594512315909542,1
89,2966,0,0.6053061224489796,0.8195546562924529,0.197845920920372,4,0.9997608643589597,0.9984604120254517,0.5475233346223831,0.5437405705451965,-0.00023982767015695572,0.5384914577007294,0.31785450875759125,-0.09109087288379669,0.24363907758619624,0.14800999461312747,0.28507360213185395,-0.04013665678131547,-0.9511090231807837,-1.4044703234363107,0.3459858294644531,-0.7885629151715521,-0.27265233484810314,-0.40935105763087076,-0.7961931625457184,-0.36473425257516007,0.4508516288403318,-0.6846068450988368,-2.3382676224206613,-0.4577971224871112,-0.7174249481301392,-2.530746145348667,0.49871790069320004,-0.6200354049466802,-5.01385719183351,-0.48812167652518723,-0.6659539444797095,-5.200013190192827,0.2422932066273127,0.007986842025176535,0.09285565350250127,-0.2422932066273127,-0.007986842025176535,-0.09285565350250127,0.2762176835054756,0.5877353102694545,-0.13639279860080214,-0.2767612002426793,0.5596499531912106,-0.29202522003524795,0.20140222304905672,1.0975496189793212,0.6540184550575641,-0.2095760917029806,1.079978106536696,0.4978421248513378,0.12066400874967927,1.1433620478202438,0.6591491422416605,-0.14499116556138383,1.1313356815162534,0.5269322404141489,0.2197563410494251,1.309196437316686,-0.500592005652571,-0.21905036518361687,1.2947622469135849,-0.5408901806795068,171.29962628667,178.9113835748053,52.66650300683175,43.55999486434453,168.30251854582636,169.167796314274,169.23421095982135,164.55858472910904,127.92000596211359,135.8488862364804,95.52890824960751,103.85456048729019,177.59796068231435,178.8369555230821,111.94715462310809,106.86677231884163,100.94258513701321,103.74175778549507,132.81636612317772,139.1380809141329,112.41648567846478,130.64415116587435,0.5903550274095466,0.6180352941208216,0.7630840572987221,0.7611281211195491,0.1779859516157912,0.17177147452045674,0.26897686622536,0.27031617084535786,0.21693166713520529,0.016348575478169414,0.010170598528278382,-0.7239010796618087,0.7241570894012714,-0.016594555840563376,-0.0005408899107975732,-0.9201106740467561,0.9202604654880144,0.004999673188622306,0.00010319610140216858,-1.6115921646801352,1.6115999232563374,-0.014143648432261872,0.017445923677131266,-1.8592841589628712,1.8594197984355754,0.0036516741140564784,-0.028906473472936754,-3.4264330543688784e-05,0.02913623356786553,0.006393710179115393,-0.032981829856758606,-0.024680826646178454,0.04168721428080089,0.0026016982633676037,-0.028660937921324698,-0.06473909563093026,0.0708475031281581,-0.0013646794788872982,-0.004476575709100968,0.37878885197995216,0.37881776154827995,0.0007277104391980509,-0.010363201596843636,0.49963159792458706,0.4997395913418271,-0.004479244573792404,0.002664416583616335,0.39630372132827885,0.39633798996099906,-0.010897864156694527,-0.010708374763602613,0.5274130337273883,0.527634287057601,-1.3514084038579686,-32.53211710002315,-4.3779297894766165,23.671172066361265,-2.3716091065886475,1.3829956117337634,-3.551581536189137,-3.764622766469526,11.505902877465259,15.74427713038822,1
90,3000,0,0.6122448979591836,0.821543304306088,0.19783508777618408,4,0.9998506072795752,0.9990391731262207,0.547648474574089,0.5422795712947845,-0.00024321675300598145,0.5386280715465546,0.31773243844509125,-0.08457712456583977,0.24003122827828155,0.14833398385876653,0.2821665488965574,-0.04108597760077621,-0.9571567467245893,-1.3722081427911546,0.35116584017637853,-0.7920239634136781,-0.24461909574057378,-0.4151025687702515,-0.7995689006434469,-0.3531406893411844,0.4581688613509332,-0.6852068327623179,-2.212236749525559,-0.4666410331847496,-0.7196961788506554,-2.423979997233238,0.5046659959003218,-0.6197478086509443,-4.759484238136324,-0.4974834395711667,-0.6658127477339059,-4.912310751952918,0.24509417277087406,0.009175070374645286,0.09451921830911617,-0.24509417277087406,-0.009175070374645286,-0.09451921830911617,0.27938273597023855,0.5936989485117877,-0.14396381345464662,-0.2798919281363296,0.5655449838170699,-0.2975970234891548,0.20298891307118438,1.1129932083423169,0.5819333986387744,-0.21216313848890606,1.0941905931604328,0.49487352606355556,0.12151035064507022,1.1601637735598236,0.579796925057424,-0.14949479585698863,1.1458193623461417,0.5160954113471612,0.2228973656268445,1.3224159930985293,-0.5095754068657325,-0.21865219642300748,1.3107177757303663,-0.556044076928757,170.33729131794897,176.9540160940598,52.59140873633537,44.97141779529087,168.27403410491704,169.23430063105894,169.1012412580541,164.39613627972236,128.4367370776769,136.78393039016672,95.39773763802039,104.28284753341293,177.3683196705487,178.79667957983477,110.0527366887471,105.87038670270574,103.04222312866656,103.94681707897465,133.83845346044788,139.79806615642713,110.22922742371452,127.10805429835924,0.5568325590802131,0.5849368572508761,0.7191050141978745,0.702342219952656,0.17839488316890673,0.17227293133234653,0.2527603321791481,0.2694746592262436,0.2183832625144598,0.013609430683192978,-0.022464278918593768,0.2045124324400042,0.2061921323750746,-0.020390126242566548,-0.00312168206741562,0.04414747010416077,0.04872885452907337,0.020034277617041827,-0.024724807312239562,0.38011394329925235,0.38144370261779303,-0.014845115035327573,0.010326282301945515,0.28567171808499126,0.2862434978479377,0.005942227235480945,-0.04707032175206446,-1.3080217055420431e-05,0.047443918740477604,0.009632822292954214,-0.03353250560475833,-0.014000586164531481,0.03759303938778102,0.004271962749424283,-0.044151918211979835,-0.05175028719119193,0.068159619804549,-0.00036474484116283965,-0.0134528572879621,0.28243216116037057,0.2827526092995907,0.0013308738594624589,-0.023934378552792776,0.006616560380850292,0.024867741618643722,0.002886821974569304,-0.0005773643949138608,0.3104112041530337,0.3104251644994228,-0.013518689283684174,-0.019903503247161492,-0.008056857692661602,0.025373556261162247,13.946508652840599,-66.73216914279054,3.2951696702745283,34.074983676893325,-3.716288168648285,1.6750794038595014,-2.08795814608879,-5.471193726549495,30.15988325248913,28.896966183551367,1
91,3033,0,0.6189795918367347,0.8227100720008215,0.19515632092952728,4,0.999815335779479,0.9988172650337219,0.5479214638471603,0.5405868589878082,-0.00024070404469966888,0.5386055409908295,0.31689801812171936,-0.09362099692225456,0.24257650967185068,0.14883373358171037,0.28459592986627374,-0.0416096530444193,-0.9453281063252712,-1.4099612625102764,0.34704478712946657,-0.7848607251064825,-0.2717908899862548,-0.41251250383720905,-0.7871142569053546,-0.38443980819296747,0.4534133729605937,-0.6799631133078256,-2.2940425213758133,-0.4647647016532484,-0.7082826358710113,-2.5245974642080524,0.5028725317366928,-0.6158154719651658,-4.9327824903705775,-0.4938347382685957,-0.6535593022097218,-5.141484667271022,0.24272741788181093,0.008754740658972986,0.09684975050172279,-0.24272741788181093,-0.008754740658972986,-0.09684975050172279,0.27755013894748515,0.5919088714993902,-0.13991468296530563,-0.27761893868688375,0.5612763373017489,-0.3046954125338626,0.20025546429845986,1.1073060449882388,0.721609856166093,-0.211013460687564,1.087237464687912,0.5002384742863389,0.12014722587749717,1.1562265342674327,0.7333360230127469,-0.1498160401334555,1.1396301940873197,0.5259229773023585,0.22231557191063367,1.3128499263936102,-0.39993480277309507,-0.214616388897229,1.3006974001269234,-0.549595074851215,172.2340423664103,174.44032824223837,52.887279374740146,45.843018770696375,168.05352723852693,169.2800266343326,169.0943177640334,164.19201474943023,129.94071814003036,137.78498297077834,95.42269486826554,104.37094897192152,177.50581467310226,178.81245286118565,112.13569179562778,108.07659128372343,98.50660908930308,102.84133327827765,132.02607465784348,137.24992421315218,115.83589842008011,129.92691578983496,0.5770928622547453,0.6096745976378146,0.7513283904101663,0.7449642088285088,0.1793945108827834,0.1729614448608079,0.28655761162949217,0.27430529740297666,0.2185322687019642,0.0073729139385801555,-0.02880620233940363,0.3145635128021248,0.31596575880873057,-0.01117587089538577,-0.028075142340226678,0.296911506941825,0.29844523226575376,0.016316319956924015,-0.03282500035835043,0.6946072433934084,0.6955738102603146,-0.00500769326181124,-0.01629013003724998,0.8077567273920253,0.8079364925385594,0.007465030207778486,-0.03849376331676146,2.3141954884384675e-05,0.03921092992827346,0.009142088167595163,-0.02823544271064534,0.09597815347440339,0.10046205226594941,0.010644847696477742,-0.04262364271915331,0.34792004435351487,0.3506828267310548,0.0020590695467862267,-0.017539118275497943,0.3352372935324012,0.33570210516499555,0.0017330502018784075,-0.027391043576327306,-0.07569202871033659,0.08051432134402495,0.00923330133611508,-0.001768271128336593,0.3505753296794322,0.3507013578761699,-0.005047429691661501,-0.020521156715624312,-0.0629567287184977,0.06640891589518677,30.64645566720288,-54.4665362537576,-7.594212372774005,22.236137545794787,-2.883853133229943,4.699980423193009,0.34614442759604974,-2.8219486627111037,39.10923882419548,20.01547939693575,1
92,3066,0,0.6257142857142857,0.8237358584548488,0.19441774487495422,4,0.9998031276645083,0.9990082383155823,0.5481411665678024,0.5397389829158783,-0.00024168938398361206,0.5386172086000443,0.31554412841796875,-0.08868960663676262,0.24119923844213292,0.14887331775648363,0.2834437111048468,-0.04459622999225568,-0.955641370591513,-1.3184626777030444,0.34833337178265156,-0.789039380098536,-0.2524155523233617,-0.4155351306831003,-0.7928962615427005,-0.371679559245805,0.45608295996968584,-0.6798636226756736,-2.129027813415219,-0.46887894905847144,-0.7140273363871327,-2.3439272500870487,0.5044530604497742,-0.6156353277968424,-4.5763043612836904,-0.4981461203552654,-0.6576425517305301,-4.702095347792553,0.24371307059036204,0.009196604581995158,0.09739694169433606,-0.24371307059036204,-0.009196604581995158,-0.09739694169433606,0.2785143757384226,0.5934124694086874,-0.12097196129186176,-0.27789034783996786,0.5620350639211626,-0.2152481326316847,0.200815489749494,1.1128574978306804,0.6573660500681946,-0.21254185191140848,1.091845579511018,0.475013374616436,0.12137458283022029,1.1634877674270592,0.6588106720245247,-0.1517347229567425,1.1448413722176638,0.4991050572450518,0.22245006909942583,1.3149228833919488,-0.40949664875737496,-0.21291269376445818,1.3032386838563663,-0.5454234360071121,172.35995739198435,173.3592247013118,52.090190719732284,46.43900287331332,168.08369979812386,169.54449933898968,169.12408679027544,164.20988766798342,131.0179468400738,138.10495203036447,95.30582221571409,104.52719126208301,177.18104274135294,178.75599881868112,110.56605138095449,106.95757315631135,102.88533054503952,115.44729830110906,134.79276135010295,145.74721972359148,112.31958879950086,131.50750452866748,0.5336879208600012,0.5596722812458779,0.6940394307407753,0.6686504183626288,0.1770568946016255,0.16560551662789955,0.2661459947108436,0.2473329492976587,0.2191395459628283,0.006648141946365567,-0.03219807325904041,0.724940157648341,0.7256852939698688,-0.025335087705014293,-0.052415168107445426,0.7464369731162892,0.7487037941347434,0.0021982548841789533,-0.023563851171465002,1.3158552682221791,1.3160680735868604,-0.02454554856713132,-0.028575534251198766,1.8416109369761862,1.8419961694592388,0.003789343051056354,-0.04968047142028796,7.325477564512775e-06,0.04982477711905252,0.002085272945574855,-0.061226424886219384,0.0742852354227605,0.0962876922011342,0.010945903721140364,-0.04411277486317182,0.45767487652266087,0.459926127018714,0.0018335100430161158,-0.030060312641200657,-0.34636392522213977,0.3476707535160998,0.003793346348093507,-0.02961550185929476,-0.009775384148554991,0.031416962968216805,0.007814435816522835,-0.01359608635973571,-0.3923920553121984,0.39270528904454965,-0.0002330808497186911,-0.0278166870572673,-0.04194009659895246,0.050326872625406714,9.292594629054278,-78.95716774795817,-32.15770553347653,44.44344800856756,2.153220394153663,5.97474454934174,1.7532207538463886,1.353935006110573,34.81679351072854,6.647361111192517,1
93,3100,0,0.6326530612244897,0.8234225186434659,0.19064483046531677,4,0.9998231331507365,0.9989963173866272,0.5481753498315811,0.5372582674026489,-0.00024021323770284653,0.5385687500238419,0.3128482401371002,-0.09242948889732361,0.2427982900348269,0.14881086429418666,0.284773037655988,-0.044627395016740457,-0.9524803100910939,-1.3304608986401487,0.34621578960922017,-0.7894803934969582,-0.2656679927710401,-0.41368425422801064,-0.7865819269579781,-0.3817899015468019,0.45380398748853285,-0.6754270538145486,-2.122057164338331,-0.47132790520297335,-0.7084855423904735,-2.3474110539919524,0.502185438775241,-0.6092878902492721,-4.620128430489189,-0.500194103517308,-0.64818737077133,-4.705003601581676,0.2426144483615145,0.00782217587339438,0.09666518620449327,-0.2426144483615145,-0.00782217587339438,-0.09666518620449327,0.2769765980320406,0.588824272755804,-0.12235192496074167,-0.27576251981429406,0.5622372051565874,-0.19682814355392808,0.19967076142219972,1.111233516919008,0.6396685434785814,-0.21088128402914982,1.0912820706864355,0.49762573509731606,0.1210195072132424,1.1639972034690484,0.6405581453999635,-0.1506692417413748,1.1440654319804582,0.5157267088666359,0.22253302323518792,1.3099923853535054,-0.41581190315015876,-0.20995751293803278,1.3020297652970048,-0.5004175668786033,172.85664620655695,169.15019800312515,50.73271310399721,48.82072978727041,168.19779300493522,169.68033451913848,169.2117835545411,164.28272839483964,132.27344330524917,138.23035616522824,95.55687675556115,104.23600188787726,177.02733216525863,178.73077777199887,111.15196507444998,107.80212500788788,103.43636257133161,116.93280076703537,133.9073767079674,146.57345937312553,113.00806393028427,128.15868379227965,0.5305317977808028,0.5604379939184434,0.7117659940701238,0.6716486494808667,0.17708960901573909,0.16509447876576633,0.2640205157534224,0.2492966726021274,0.21891264417968628,0.006324319697138073,-0.042853515539596224,0.243041052747128,0.24687116910276558,-0.035787696269021015,-0.05726760892725688,0.42032839646979836,0.4257185679710963,0.0007259311960704272,-0.06627502726085134,0.0005462276401804441,0.06628125360283188,-0.016452216390353488,-0.01272959495658302,0.17525188958466897,0.17648213171568017,0.007447244516059515,-0.09859053056631491,-1.5846384105397654e-06,0.09887140218860321,-0.0003932127312048148,-0.09909850447925143,-0.029959785404489923,0.10352901500429378,0.008644007924777337,-0.06672072766432105,0.011492520570754975,0.06825285636608432,-0.0003309392217379889,-0.03594871777207095,-0.5961091660741534,0.5971922284389233,0.00581590097341963,-0.02121391581065614,-0.5801311179773116,0.5805479902417713,0.008063529854390138,-0.012121093806935749,-0.6617801402931766,0.661940250713949,0.0026679750698715824,-0.017428576056636936,-0.6880656774364283,0.6882915442022999,55.23281306184644,-145.91057822287527,-31.10469407570234,42.425791410661105,6.402257131898323,4.449084042102541,4.604218042791817,-2.2447873964520495,48.46567067632697,9.21923400802392,1
94,3133,0,0.6393877551020408,0.8219775539455991,0.18678626418113708,4,0.9998381282344009,0.9991781115531921,0.5486401319503784,0.5331334173679352,-0.00024179555475711823,0.5385450571775436,0.3103233277797699,-0.05315917544066906,0.2292302241218319,0.14835849552580152,0.2730507990203005,-0.04991189503016352,-0.993003927390567,-1.196922890629679,0.3596211324871089,-0.815308059211744,-0.14379478195796067,-0.4335639651692007,-0.8166966108906866,-0.24380620713108936,0.473166939068425,-0.6920642200191429,-2.150426550230901,-0.4973343088535618,-0.7310651462009449,-2.3300035446624023,0.5220044037631452,-0.6311383225936188,-4.750354119229091,-0.5229709981405005,-0.6616056917074968,-4.83806448219181,0.25314687623425464,0.009968386526450844,0.09808648374087027,-0.25314687623425464,-0.009968386526450844,-0.09808648374087027,0.28719138673515243,0.6158744046759608,-0.13292743046258584,-0.28817380723996,0.5912474223204712,-0.22062057569009416,0.20655039118676372,1.1705860657431475,0.5361165957202905,-0.22103195267975104,1.152389948418573,0.3507438005515329,0.12614558694738554,1.228990151618446,0.5215021493295581,-0.15868279524059603,1.2083317071537247,0.3492679595937635,0.2301804366584722,1.3716796081843983,-0.6051385260057522,-0.22056753769830936,1.3675521541448687,-0.720696051677654,176.06055586712807,163.58321596037914,50.00617621666022,49.28153089782762,168.51265102596105,169.84258796981055,169.4325693991425,164.05948691242114,134.2651467753877,138.72264070890208,95.09646867490528,104.8612417722909,176.94015199723373,178.60772648836559,103.10870471563173,98.07890667310599,108.38936193043364,122.44939762881138,141.5273342176767,153.29377436815037,109.38765372068694,121.05671208056958,0.5498196849945769,0.5703833644945286,0.7102323922324582,0.6851263808508984,0.1773040935189203,0.1678100854604691,0.23832625587054243,0.21943606696904952,0.21829498843308323,0.01797260660113715,-0.07635400150761479,2.100355245850308,2.1018194753368262,-0.04109740257263194,-0.10125022945982062,2.359378518480249,2.3619076186273538,0.008213700670184532,-0.1337645631847963,3.072189562248469,3.0751112385783963,-0.005229404478362125,-0.0480377312862513,3.741349234725499,3.7416612709436174,0.011140424193757981,-0.13022486007574866,-3.3217171827952146e-05,0.13070051391002901,0.0002510619885993733,-0.1183757276246045,-0.4567884360298977,0.4718776867085544,0.012556260282343116,-0.08847045175956979,-0.09326066708926022,0.12915971714413957,0.0006231394681063581,-0.038170453273888884,-1.9223993136124224,1.9227783264805758,0.0051079374371153065,-0.016289226936571567,-1.66992092448654,1.6700081808114096,0.01117948329809943,-0.007398200757575776,-2.0349837388053134,2.0350278945074227,0.0006574572938861285,-0.007336789911443555,-1.8110278655182277,1.8110428461027104,73.72869946172088,-189.43328294291982,-1.3229109488302755,44.62195211360434,9.732826877517006,8.584625827794408,7.606644009785883,-0.725362985024295,60.857097023346284,18.17764559724912,1
95,3166,0,0.6461224489795918,0.8225409411119692,0.1835004836320877,4,0.9998436046369148,0.9990365505218506,0.5489106178283691,0.5286634266376495,-0.00024240557104349136,0.538496196269989,0.3059314787387848,-0.009603771846741438,0.2231717185706245,0.14874321830644982,0.26819798836293723,-0.05187976523109977,-1.0077338647799952,-1.0424527438807434,0.36510207821825014,-0.8291661659529977,0.04305233058022905,-0.44276426816940573,-0.831785500824265,-0.11286170038825115,0.4835310840620663,-0.7039125771101257,-1.736325574443313,-0.5133117392251505,-0.7451407657494985,-1.9118644589742757,0.5325010451637328,-0.6478138959169777,-4.149625844931416,-0.5351352701959006,-0.6680211777063862,-4.075075031884871,0.25854408647156085,0.008493725587775764,0.09989362729562652,-0.25854408647156085,-0.008493725587775764,-0.09989362729562652,0.2914144500215271,0.628130436653581,-0.24231491882338554,-0.29245665016396794,0.6072595426186604,-0.23193447650477464,0.20942255686639835,1.2025628416371286,0.20613201535085762,-0.22539858830674397,1.1867630474743085,0.11744235558568679,0.12850831132630225,1.266160052290992,0.1793710487042263,-0.16256055361760563,1.2450115789879386,0.10193743383495582,0.2334414976051624,1.4076481390984996,-0.8679922292487376,-0.22199029714895052,1.4053941687723168,-0.8973786285097661,177.7227403710305,156.64760132889248,50.645400981374415,51.76577862676829,168.84015957885134,170.2469198237729,169.71382205918698,164.23485443782803,136.29001170879002,139.43008077464668,95.36799715763046,104.49438170706803,176.23206722571624,178.18740483544423,90.33483730204557,88.68099368475562,112.60932227009708,135.98847227362833,145.8130000025179,159.67294590289814,113.55611774370217,123.35165092240806,0.4794596688695193,0.48341861086570403,0.647550328207178,0.5805667971584644,0.19004941752960208,0.16914278514124445,0.19668257212713544,0.18237172657261266,0.22066747655832866,0.01312636617404308,-0.13403171923623122,1.45547647974384,1.4616937388994575,-0.051225744076629054,-0.13558855697290187,1.781750081190418,1.7876357809856736,-0.00828237675908784,-0.1610326233194831,2.135723384458622,2.141801689807281,-0.003546921174917639,-0.1080765653012401,2.908131969508833,2.910141693577214,0.011624684974328767,-0.1477167677523481,-1.4789958498371144e-05,0.14817346926726258,-0.006912359550817672,-0.11901891053612522,-0.46229473690488326,0.4774198420150981,0.016163089382114654,-0.09649547178353812,-0.252029455419796,0.270354337735315,0.002274762338666768,-0.04883221725919341,-0.9692681591902181,0.9705001413735809,0.004453000737659955,-0.028834414126268,-1.0752289820073229,1.0756247563170338,0.0149073885447943,-0.0185192520938702,-0.9740082852875984,0.9742983797278068,6.672161728588486e-05,-0.017680338959195675,-1.1161515739426655,1.1162915993826057,-6.34626440026577,-226.6730340336629,3.030901419147277,83.03670837985395,15.383924399413656,11.177027451691458,12.276531957942904,0.03254219994906327,59.11318858569014,20.68545114523521,1
96,3200,0,0.6530612244897959,0.8220669080813726,0.17981316149234772,4,0.9998716711997986,0.9993100166320801,0.5494189858436584,0.5232363939285278,-0.0002427864819765091,0.5383792817592621,0.3013542890548706,-0.0023020063526928425,0.2221661178395833,0.14869910598680564,0.2673372552361284,-0.054685493160039976,-1.010782550378522,-1.0071322398102955,0.36431110161701674,-0.8308845481116118,0.048739546767171835,-0.4469011923594793,-0.8290569716565744,-0.06414495570576145,0.48365583505673115,-0.7034253038653722,-1.831610683189156,-0.5237149197010502,-0.7436499338943277,-1.9332549919640916,0.5281716021165367,-0.6479642556609443,-4.316620701367099,-0.5379502620825591,-0.6658109399517456,-4.212624756303337,0.2596754936461547,0.010094589676500444,0.09905916709803252,-0.2596754936461547,-0.010094589676500444,-0.09905916709803252,0.28868350416940697,0.636229150240127,-0.25162485298024245,-0.2931952569013988,0.6167206578356719,-0.2884955446643001,0.20862151998100917,1.2203863063083742,0.30466045227779553,-0.2275532232810137,1.2068131454654112,0.08876998495320243,0.12966428647392292,1.2876356351177753,0.28854569599757507,-0.16497082509950609,1.266745925665747,0.07700659189511137,0.23304620865648729,1.4227411810018713,-0.7816179002412745,-0.2241624970728633,1.4228997032489776,-0.9556564319798541,175.63535615231027,148.39612268012368,50.20924661174309,54.84499035927785,169.54337396072177,170.59144880907388,170.25509704032467,164.06166723981772,138.22573041062896,140.10856593563284,94.86617234159169,105.10346924981214,176.32706654593687,177.90025576720728,89.99698558241977,85.59909694558188,106.8081193650663,129.9569221665368,146.0634077637263,158.70989223405138,115.50939889836727,124.71931825834776,0.5048503930367854,0.5006254717938994,0.6646077489927799,0.60972754096171,0.19201166570510128,0.17528581755496897,0.21670860606219738,0.18805941788955644,0.21895747629750897,0.003702604948584704,-0.16210862060091347,-0.3555959730005967,0.39082145561723874,-0.056942897056465575,-0.13961364973836835,-0.06074158113394195,0.16255461973472882,-0.01678626928756482,-0.11792912412045577,-0.7616993206650444,0.7709571403482833,-0.0011787485720506324,-0.12027905948126463,-0.43166573367901595,0.4481113112057504,0.012977132156713651,-0.1419631402883953,-9.202023050678287e-06,0.1425550393505352,-0.009649725102666575,-0.11834101890450063,-0.09843462438725688,0.15423063647723417,0.015928674100050246,-0.10316852313369042,-0.20891461354583005,0.23354396283607065,-0.005913314534657022,-0.0526469145248184,0.09108946394564477,0.10537530706799501,-0.0017690124796397606,-0.04331033621261358,-0.06510614792802424,0.07821588793863127,0.010258226252313844,-0.033951517361313466,0.1030331338519478,0.10896679956910098,-0.013809595535050541,-0.03267135193098829,-0.06536967051562961,0.07437281754217838,-134.20399168163348,-237.113178408451,11.010768404435423,89.80495972945822,14.17735394794451,11.894058193860216,13.813534853077135,-3.2606376022712587,46.68801692766882,31.277358291456228,1
97,3233,0,0.6597959183673469,0.820999010494261,0.17463736236095428,4,0.9998801747957865,0.9993436932563782,0.549780085682869,0.519151896238327,-0.0002430221065878868,0.5381062179803848,0.29688380658626556,-0.008222444448620081,0.22271743094249372,0.1490411038066469,0.26798564265558733,-0.05741085554962957,-1.0106867041253798,-1.0565981435782477,0.36234843000050765,-0.8311900438559797,0.03485751827015061,-0.4494715130642319,-0.8276159089518605,-0.09440863647902625,0.48159546703522255,-0.7095069812736519,-1.826602854591799,-0.531199419528235,-0.745143794180867,-1.9285632849523489,0.5254817378343309,-0.6423183829159879,-4.34334664530658,-0.5390984589540007,-0.6631291918090005,-4.186223942759101,0.2597784650119521,0.008729768064919572,0.09882088844719417,-0.2597784650119521,-0.008729768064919572,-0.09882088844719417,0.28598834280754665,0.634533999611637,-0.2671145975128224,-0.2919504611211107,0.6174398951161031,-0.2843474070010183,0.20486563383407577,1.2258459777095294,0.22907123630162443,-0.22926392266958748,1.2123679337803583,0.10126030585872861,0.12793037548693748,1.294167681034307,0.20527514232300947,-0.16938640358839765,1.273322508667466,0.08567721418539083,0.22289656002388455,1.427604052543846,-0.878935814438503,-0.22441589264344572,1.4277297183219244,-0.9598505076262258,168.73107292836104,140.76101837552622,51.38312246447159,57.782710928642004,169.79004229336363,171.04382172276155,170.63932889434315,164.01639171847586,139.41810884294384,141.52566378017426,95.0377347590004,104.96707354748557,176.54325823171783,177.60018279361273,91.05092606587256,87.76950234806947,109.32740121760952,129.97251348789257,144.2423017409904,157.41460650708083,115.14781507344209,123.37693169293617,0.5009297096042412,0.4925109794134776,0.6747940008127352,0.6054234248722872,0.19440075908004711,0.17522727965300205,0.20800090780705172,0.19073392761365596,0.22029889022625349,0.002781550089518236,-0.18679824742403944,-0.17893630446809755,0.25868808112917163,-0.05193280451225525,-0.1327679915861653,-0.19486564578432072,0.2414476665475824,-0.0009464495109789323,-0.13678678960511212,-0.44752070398041804,0.46795972269873715,-4.5155033920750585e-05,-0.08102212891434198,-0.23990688901959104,0.25321908066306476,0.006872821937907843,-0.11892481283708081,-1.2064860625700547e-05,0.11912324263251799,-0.002771615982055671,-0.1508087822885228,-0.042102440740123044,0.1566000836103692,0.01981357733408615,-0.1184904214107632,-0.033869662068106994,0.12481871583012633,-0.0025819648395885185,-0.0826653205987181,-0.2697418359192942,0.28213627880376024,-0.004448673941872348,-0.05024581244497601,-0.1482467844404961,0.15659355499203573,0.028872128688927925,-0.061120047713771164,-0.30319951474666673,0.3106432130116122,-0.019586447513464774,-0.04590460748383505,-0.17618244005875197,0.1831150296930823,-126.6655075531438,-195.94037161361703,32.84103635716086,56.64269351599481,7.179584084660695,16.273696375044118,6.541932068148714,1.0722248073785157,74.34380580779488,23.285127667406925,1
98,3266,0,0.666530612244898,0.8202738798025883,0.17033910751342773,5,0.9998461622180361,0.999138355255127,0.5498725920915604,0.5153873562812805,-0.00024358276277780533,0.5378749370574951,0.2922426611185074,-0.009879121091216803,0.22367463491527642,0.14899219231474958,0.2687545640081997,-0.06007208939462132,-1.016043330389759,-1.0527639051526283,0.36097107597992006,-0.833605094229101,0.02800050440800197,-0.4502544344102476,-0.8269783900831132,-0.09970561843274477,0.4801004959940839,-0.7163838775808596,-1.8658911872609252,-0.5353943700855953,-0.7431277780093217,-1.9709113462647156,0.5234659921294755,-0.6489336347080112,-4.403754424593617,-0.5368122157525342,-0.6529916717940137,-4.24932168984318,0.25893497977116525,0.007829533173774923,0.098619009557805,-0.25893497977116525,-0.007829533173774923,-0.098619009557805,0.2847926434899311,0.6250439443234519,-0.2606343174542035,-0.2884711024656621,0.6135749856226212,-0.29528878427410954,0.20519944958372793,1.2228549612052084,0.23681430094385097,-0.22913349615996378,1.2173148728648153,0.051898774943388785,0.134383015324551,1.2950406711014384,0.21256808380738193,-0.1705986260331307,1.2779976915735822,0.03333705673916707,0.22351323400311546,1.428174006170744,-0.8813399212828773,-0.22316148940312092,1.4308036629942844,-1.0225973700839293,167.2754326538028,135.464058153625,52.3767550113157,58.5834081313335,170.01722651030937,171.6655127698268,170.68686455682248,164.1324340771047,143.1324215939434,141.6453843616817,95.18223068053277,104.87822548015818,176.6980899929506,177.4155812311802,91.67492337093393,88.17015587636915,109.68732933351367,131.9963047364162,143.93705714930707,156.457820878137,116.85876113768558,123.91034873366647,0.5109700961131745,0.5039195095991456,0.6824027102757023,0.612812281722466,0.19205803652390044,0.17534973011914165,0.21010492302708378,0.187851943463241,0.22071272761610394,0.0038485028850498643,-0.1782098812843444,-0.12828876723104501,0.21961689497736192,-0.048370058856793505,-0.16540778217031063,0.2816661969939286,0.3302048508507002,0.003918782988590996,-0.2135723384458636,-0.5687706506074388,0.6075595062228517,-0.0004007745144972177,-0.09683975532873393,-0.3039267525744095,0.3189820837645382,0.003218428412480154,-0.16663901841462617,-8.13864727518455e-05,0.16667011538783527,2.0461295967671493e-05,-0.15990769685204415,0.02762697525878462,0.1622766825306069,0.013152610010175616,-0.1377374378602902,-0.3470443745157626,0.373609944757141,0.0026092600466600213,-0.08751385247529478,0.25955370780247466,0.2739226347841141,-0.0011378259801152974,-0.029627956561188322,-0.6509000407670887,0.6515749945543877,0.02856218992774178,-0.06349762873863132,0.27837176153909027,0.28694700760118336,-0.005812787297946327,-0.022463834107811862,-0.6907531129780129,0.6911427315886421,43.90364754198262,-167.73525551219004,11.449257594311135,54.43638921153181,5.7621131385257245,12.846967699938789,2.930800008290425,0.008853445853110894,69.2460494581438,12.051129951033532,1
99,3300,0,0.6734693877551019,0.8204616416584362,0.1679164320230484,5,0.9998488913882863,0.9989868998527527,0.5499957203865051,0.5079870820045471,-0.00024847500026226044,0.537626326084137,0.28583499789237976,0.020715012215077877,0.22348158355223516,0.14900199388666607,0.2685993528830938,-0.06512011752884017,-1.0160229230890383,-0.9983266766674783,0.3603138305546279,-0.829910244542772,0.11438514776199964,-0.45241676505240286,-0.8242417981008877,0.04170969751831916,0.48065225897735225,-0.7107721225248452,-1.854409658953688,-0.5428540497305417,-0.743134127403837,-1.8538770770769057,0.5244557868879886,-0.652557927619504,-4.475277806192946,-0.538769479599296,-0.6442031603820424,-4.2524508747660805,0.25937846944865234,0.00870926704919473,0.09787868786623895,-0.25937846944865234,-0.00870926704919473,-0.09787868786623895,0.28453719348960843,0.6347632575706372,-0.2595926464182411,-0.28880539341378636,0.6232384076661878,-0.37024490838882734,0.20424559356416866,1.242782250471315,0.29331177809996734,-0.22982672160614753,1.2437741842168217,-0.06131266334001744,0.1339598756487727,1.316938507176225,0.27426407049277357,-0.17125214629751712,1.3063765209231744,-0.0868011859343069,0.22339524067121527,1.449475501577528,-0.8478479419511261,-0.22409747206666403,1.4514227540645126,-1.2202977046365322,171.67261731367387,129.52275625620953,52.15022272329043,61.42994900581462,170.17610387364485,171.90456855865745,170.8356924948986,164.01698489934802,144.05759415663945,142.3330894868935,94.93992320320825,105.24006110281893,176.65159300631154,177.17215643497207,85.86896361658077,78.80611797816198,107.68859403840354,129.7293767473125,150.1130777601725,159.38333645652153,117.93174555764314,123.59301937903042,0.5307694632880446,0.5101978478101137,0.7042354123202824,0.6448040777399158,0.19375721377439775,0.18500377149764005,0.22179169947941954,0.18686143780228462,0.2191752406946301,-0.0027471513890508325,-0.2186178271450208,1.0627428097511378,1.084999346020129,-0.02244159356871642,-0.19649249404223948,1.201548683109565,1.2177159616343922,0.005510315966250278,-0.22110387460509287,1.1021058950851184,1.1240794860368204,0.00044659002503352264,-0.1283661643070958,1.1875487085598588,1.194466410906458,0.006277392159647,-0.24324655532836853,-8.466695226840098e-05,0.243327555981512,0.002521187511842636,-0.1691001564709104,-0.330851482811258,0.3715695399025119,0.0020447951644214177,-0.15057645626922114,-0.8184022423046717,0.8321416229099322,-0.003916114123899536,-0.08347319133246102,-0.7085345629880659,0.7134453984501874,-0.0015368212514848812,-0.033418634044590195,-1.2255506868015442,1.226007199342933,0.0012018787327097392,-0.07048649574393638,-0.7501314324674303,0.7534367634847579,-0.0005035258051174777,-0.01915622113355945,-1.2694986175690093,1.2696432390069188,9.787065824808518,-43.581044564012224,10.792478987419052,0.11896454170557313,4.002011310617837,5.448883802327345,3.6172530648198413,-3.7934430457445476,24.816345433111447,17.384115142775325,1
100,3333,0,0.680204081632653,0.8225842786557747,0.16898763179779053,5,0.999842163288232,0.9988116025924683,0.5502931773662567,0.4990898370742798,-0.0002492554485797882,0.5377257168292999,0.2780490815639496,0.05388541519641876,0.22791998426370602,0.14881894460499887,0.27220322830582616,-0.06535116327486212,-0.9904981081353395,-0.8828059097190147,0.3544482175742534,-0.8134942295484787,0.25523668837988034,-0.4467870235110954,-0.8105919863724153,0.14251517504899194,0.4717965905935544,-0.7012455843433417,-1.5806474238304047,-0.5356800999611006,-0.7222047332011717,-1.650171410183934,0.5166451597881702,-0.6352618135133531,-4.0766685231138435,-0.5314462934265308,-0.6164420124622336,-3.903161503769487,0.25578399299949495,0.010573458295048754,0.09585633057845104,-0.25578399299949495,-0.010573458295048754,-0.09585633057845104,0.28025992747141626,0.635375350037179,-0.3387470442192325,-0.28585814303194423,0.6286111132821031,-0.492968018262988,0.20009066029667646,1.2466886210123327,0.05943640443711233,-0.2281538890821529,1.2535391323872493,-0.25039449796992996,0.13143117191048534,1.3211563182596286,0.02525873568431977,-0.17010628842192943,1.316963678294932,-0.2795383765859685,0.21974725946891613,1.4594308849837492,-1.0832809190676593,-0.22778776937562067,1.455483273698245,-1.3591038348085358,167.93116606406497,132.54412816783616,53.09985110347278,58.59137875562777,170.28536126812077,172.03058798458272,170.92922051216541,163.87827339303982,144.79511673796188,142.81012007624764,94.46031292686185,105.79501440501413,176.71316483783392,177.0540235084763,76.12470766837805,71.784257179579,111.73177186636643,126.49669608661155,154.68237309516036,158.55689388945996,118.48414125218547,126.014769190226,0.5016847189394587,0.4891666569849587,0.6797719933755235,0.6139476104196688,0.20727816832464463,0.2049961524794969,0.19978327809805338,0.18314781572972047,0.22024798604702028,-0.004809011112559905,-0.1643805792837425,0.6321348024137066,0.6531757113182909,0.013944777575406101,-0.1421909440647466,0.11153519153594924,0.18125346988847504,0.0010457905856045766,-0.12568632761637316,-0.16111135482788017,0.2043404396640918,0.044253739443692104,-0.09335396867809834,-0.9371818918170312,0.9428590855862031,0.013856047933751827,-0.16883557493036372,-8.587923013802694e-05,0.16940321366978567,0.02126079617124606,-0.13045469919840438,-0.25439623630407976,0.2866843125154612,0.004098722428986503,-0.12583985473170373,-0.7150598773450532,0.7260599815119745,-0.011876677021835738,-0.12781132351268368,0.055169404456109475,0.13971561495833842,-0.006657658201275421,-0.0394086043039956,-0.23516538468274104,0.23853746175159884,-0.005396929654208074,-0.1199164173819797,0.09127277316469096,0.15079719204479491,0.0008606549465295004,-0.023495970350323202,-0.20072293100934954,0.20209526561160296,-30.643592413926555,24.449152027666653,-17.386147125312494,-77.07965716898259,-13.702731032982294,3.192358243316032,-3.1057952189682245,-4.532684438238928,32.36274319264822,6.523174139157466,1
101,3366,0,0.6869387755102041,0.8243266195058823,0.17039597034454346,4,0.9998173785932136,0.9988150596618652,0.5509102195501328,0.49684393405914307,-0.00025414302945137024,0.5381944626569748,0.2739318609237671,0.04317737556993961,0.22745940215943228,0.148421980558991,0.2716005595424646,-0.06706578575625315,-1.0088849355237173,-0.9346454706772895,0.3564965442647273,-0.8198135652201167,0.2037207561841511,-0.4501322636798772,-0.8216563456732281,0.11609830952436771,0.4708053328073681,-0.7018354555894658,-1.6802861899674129,-0.5368339099038002,-0.728447689585666,-1.806267238121776,0.5155475681817852,-0.6348616771816665,-4.4649554704446235,-0.5254292781070795,-0.6187423408637577,-4.433178974256854,0.2561643138639589,0.008349900045251886,0.09469907089043798,-0.2561643138639589,-0.008349900045251886,-0.09469907089043798,0.2831924188806004,0.6370757788836363,-0.3185225411676798,-0.2879851403663094,0.6267997047241819,-0.5398951567850416,0.19573551138129547,1.2390184667205837,0.30349791124434433,-0.23227202996134713,1.2614816466204968,-0.11776039456773979,0.12780105994342653,1.3142737843172405,0.2934339422781652,-0.172517728577009,1.3272590551771426,-0.13459761589022912,0.2170954809277739,1.4655360597453886,-1.001111535308946,-0.254005076412707,1.459433179952537,-1.2745782233290428,169.6501402143547,131.13640029003554,51.002737013019804,56.34269163266175,169.271723625468,172.1152642027163,170.6307100104467,163.71782772642425,146.19353520735424,142.7636189800779,95.04078972563997,105.28101203647252,176.63347466133555,177.1461161097199,79.43818672574466,73.77319696287672,100.47342766413192,111.08191394014293,152.73826283603987,154.51450088569555,120.49589631037915,123.31676414043845,0.513638775757316,0.5232590663142398,0.756634038128805,0.7140993167858202,0.20447371054337823,0.21084096914461997,0.23629141808700357,0.20757869034268017,0.22037019391442478,0.006512919468666217,-0.13180988938061214,-1.4135481706306174,1.4196952827109413,0.009742690556084972,-0.10697298975133228,-0.7544858242148814,0.7620938259143812,0.00604586814766502,-0.12304177924768299,-2.999024604683504,3.001553666263381,0.06041642445236914,-0.06767885008854681,-2.7564016740713657,2.7578942619172957,0.028393606641399442,-0.08616185010369179,-0.0003939355487254145,0.09072054065433101,0.037034945701485404,-0.06380632742127403,0.13551438477501995,0.15429511691254186,0.0018419614478723402,-0.09411840296503361,-0.17810245948051412,0.20145012452632555,-0.028827297153757696,-0.16307830810546942,1.7742282474663793,1.7819403530262603,-0.012625954044399028,-0.021183668677486677,0.41779781233019075,0.41852499868235127,-0.017221294232268904,-0.1902028695860913,1.9334229126350282,1.942832433246865,0.0006663265512950412,-0.012401324599536547,0.43973154318866625,0.4399068843721156,-7.38535290257427,-56.87691535048008,-10.414182929417105,-29.13140088505046,-29.343616621292803,-1.743360562537042,2.4154561573881868,-11.320863743788847,5.728850228049012,-15.97544529459026,1
102,3400,0,0.693877551020408,0.8267944626735918,0.17796693742275238,4,0.9998510497989077,0.9990272521972656,0.5521955490112305,0.49331699311733246,-0.00027564913034439087,0.5383183062076569,0.2695322334766388,0.03205216024070978,0.22653318470812084,0.14657136530592318,0.2698155831334543,-0.07209271302261497,-1.018463710580542,-1.0077332574603883,0.3546644874177555,-0.8312813078253035,0.15980688350154226,-0.45752913772751724,-0.8275165795450996,0.07982204375033125,0.4705382378151199,-0.7187862475277853,-1.9455461364911921,-0.545051780250868,-0.7337634243815149,-1.8520284701403462,0.5156677026879543,-0.6500412973688218,-4.857356911472853,-0.5281973201601255,-0.617307358308372,-4.622066916680861,0.2585258482538315,0.005442586070968911,0.08311988121841148,-0.2585258482538315,-0.005442586070968911,-0.08311988121841148,0.28488579438898726,0.6465491705847904,-0.30799622686261685,-0.2949809965549828,0.6321980493551718,-0.5414585600635254,0.18765233106377407,1.2386210639297182,0.5006325648799635,-0.24035874789545789,1.2807671550539226,-0.14876584637326473,0.12126723948087434,1.3070122285974983,0.5056833139137882,-0.1784967646060198,1.3469337678039905,-0.17272108943987458,0.1990607257694757,1.4784438870036896,-0.7124774503209336,-0.28960385472489,1.480903485916481,-1.3702669592190324,167.4363474195925,128.733374839354,52.40210084720184,56.6395748963294,168.31933895449416,171.91378282689274,171.09105607471042,163.11977552220597,145.17894970324116,141.7397652415101,95.34844352588269,104.81411074243667,177.17055129414553,177.03741081551289,82.1324471936136,77.02527789174233,94.60513426388167,112.80076403895131,152.53512055062325,150.8908595692297,122.07258513783312,121.19092027089098,0.5697258873163841,0.5223908608807764,0.7859651764614345,0.7480735738980993,0.20275421380815453,0.2121081552048119,0.2716821857452523,0.20510120640725368,0.22020493165619273,0.020246007549229037,-0.13061868610666813,-1.8161401819827026,1.8209437944632119,0.024840902926317004,-0.08573105086141593,-0.9590965598376868,0.9632409328057456,0.005929327722805674,-0.15675621246224083,-2.714619707705381,2.7191483638329115,0.05628591153159093,-0.09882894914541712,-1.9833240936051635,1.9865824234853364,0.041252863940908116,-0.062467002156955345,-0.0004885968432497643,0.07486096358369543,0.03387056179900681,-0.05897835119446736,-0.03898755383135683,0.07839445273711154,0.004453445548441891,-0.04828065188963041,-0.31973910865499144,0.3233944219179252,-0.03073197692187877,-0.173673700930468,1.2692402103054041,1.2814358041886138,-0.007199262505147024,-0.028955402658946597,-0.18513747560444238,0.18752634374120677,-0.02423684988448879,-0.2563747007455409,1.3801304262075909,1.4039499298118274,-0.0007312689254533029,-0.03400578427670621,-0.19327773531871134,0.1962478307865976,-19.282509452371087,-26.72095987502928,21.337050265513742,-36.47002274033135,-26.260932223889572,-7.67913717060162,8.329386072957274,-12.547903936676395,-95.32708735226846,-23.76215399202142,1
103,3433,0,0.7006122448979591,0.8308599758328814,0.19001461565494537,4,0.9998812910282251,0.9992000460624695,0.5536741614341736,0.4926586449146271,-0.0002868790179491043,0.5396926552057266,0.2666783183813095,0.03241084981709719,0.2287612991034348,0.14499951598016492,0.27084422017457427,-0.07671106528998398,-1.0294364905383406,-1.0184222631499005,0.3528373176760174,-0.8312437363978576,0.1486768952406075,-0.4560812135172142,-0.8374669814285046,0.09277355043603107,0.46692350446430836,-0.7206543493660766,-2.134124646331404,-0.5423929357050001,-0.73623683467771,-2.0484466152540284,0.5082490996986743,-0.6599593069767202,-5.148831264089212,-0.5231777575093421,-0.629465219267184,-4.936062018902928,0.2569823768192253,0.004789930148860352,0.07476661756830486,-0.2569823768192253,-0.004789930148860352,-0.07476661756830486,0.28215704633973854,0.6397178330722934,-0.32893569029757774,-0.29789259022657266,0.6320594025662015,-0.6203773182243604,0.1784748814079417,1.214968736696059,0.6184441834680031,-0.24490648437207665,1.2732942870952118,-0.16376669919317435,0.11195745120537641,1.2699760740155894,0.6357835413468134,-0.18338529979536772,1.3380060442431079,-0.1826646329570381,0.15885631519166118,1.4642136779358683,-0.5619316647088657,-0.30524908490926334,1.4744354819630794,-1.4052033733457483,168.35821208104585,129.34609597840858,52.43231938080922,53.89920010905956,167.51224116646742,171.600762012286,171.18877887733484,162.87711816266693,139.80662035475228,141.17155466261246,95.47283250472303,104.51516040618964,177.3699526115599,177.24944364500453,82.5619428677375,76.84805358332271,88.64433468667592,103.71619197738094,151.38015132477082,146.89389983851288,124.11491658761732,120.11272376474123,0.6197794369798751,0.581055296245144,0.8167580245435999,0.7826457036930775,0.2038978105211651,0.22740300000407268,0.3015011069642324,0.2136895608584497,0.2196199448103104,0.029283942598284974,-0.06674139788656495,-0.29927311521587824,0.30802006586741837,0.04028461196205815,-0.03254594224871997,-0.20584147987943618,0.2122564561014504,0.008406061114686872,-0.08923086253079462,-0.8303270195469676,0.8351501470281879,0.06187097592787283,-0.09392788915923107,0.38168285832260435,0.3979098771851353,0.04931132901798574,-0.01715891288988511,-0.0003791047316608991,0.05221282583312529,0.015937920772668018,-0.02146399382388944,0.1699662569797393,0.17205594689266218,0.024346691189390136,0.0010990735256310618,-0.17692058375387407,0.17859132758982962,-0.00897411144140991,-0.15636917316552298,0.8074465123089842,0.8224972481610955,-1.2191859158602576e-05,-0.018564137545498856,-0.4213886391935909,0.42179735963241394,0.018114393407648182,-0.25128505446694005,0.8580345999110792,0.8942570572780211,-0.0032601934490781703,-0.020326086969086533,-0.47194376362092366,0.47239252184331043,-33.73302699908835,-39.16404094873936,18.616167207346784,-28.528088153586168,-6.629677586457005,-0.8684247283056367,11.333295180236673,-2.3449714626510088,-115.46943531633389,-4.673966207877102,1
104,3466,0,0.7073469387755101,0.8326958025043661,0.1972745805978775,4,0.9998964739568306,0.9991683959960938,0.5554500967264175,0.49218450486660004,-0.0003006700426340103,0.5418423563241959,0.26604264974594116,0.040654802694916725,0.23022306570676968,0.143664433765716,0.27137083393881406,-0.07807515658214674,-1.0311211643806133,-0.9907722569096484,0.3520332916569609,-0.8297543645630545,0.1725360147174284,-0.4523221856748775,-0.8369085692410038,0.1293053596344296,0.462970687363188,-0.7267257563105071,-2.0070899371049364,-0.5441234236885576,-0.7333004335095551,-1.891384755541401,0.5027638093671608,-0.6638444440470482,-5.03137028440581,-0.5221155464497179,-0.6324404682598238,-4.50265628442595,0.25680452803848536,0.004256512372747941,0.06403204825091313,-0.25680452803848536,-0.004256512372747941,-0.06403204825091313,0.2751363538652995,0.6417967016433722,-0.2648014402943918,-0.2993620740900041,0.6330153832403141,-0.5812919997775944,0.1724012981901829,1.19766513869602,0.6942343634314232,-0.25097718540337943,1.273085198425096,-0.2503068287705047,0.11298485080436887,1.2425798910782446,0.711559676212164,-0.19025968400154455,1.3384440812635048,-0.2864202752565577,0.1265822764766579,1.4491682038289273,-0.37042095479712617,-0.3218609627668137,1.4727248921412828,-1.4509168555143936,165.20996763765265,126.1485481367372,53.63076788288673,54.756721078192705,167.881780233788,171.85646679482457,171.83905355660605,162.965007405671,137.5579669723631,141.4312834717902,95.56433231252953,104.16399121422438,177.3647114011332,176.83597128480505,80.2914660784252,75.02272584122501,92.6649315237477,113.28441723373707,158.63946303529295,149.7113681627433,124.06675848705167,118.17527571353111,0.5929121285760509,0.549641554303128,0.8209498865645302,0.7091764733702655,0.1947310309638015,0.22303388734858826,0.3020997197868971,0.19598567131580386,0.21860227057004356,0.050373041807715443,-0.021408298122349016,0.07270165343782777,0.09100158779961608,0.034952341620601735,-0.0030745321245335745,0.32790917069164593,0.329781053361516,0.009933514381522538,-0.020385678134747353,-0.012874603271484342,0.02607692448084219,0.025436949374070743,-0.07160697410355735,0.4702165945252364,0.4763173762321055,0.07150466762371899,-0.017681673391541395,-0.00019746818649235006,0.07365865909442247,-0.010139016962763063,-0.0022507425564438494,0.2576173908674888,0.2578266580173569,0.05691932208502456,0.005090414588131109,0.14345281159699816,0.1544164197952461,0.0033369704858580546,-0.0348740549229863,0.35399843507738166,0.35572774296648574,-0.0066770546471894504,0.001507018929097186,-0.1477285552380686,0.1478870521632685,0.053856799851602445,-0.051470834817459205,0.33494696688296105,0.3431315671155266,-0.028399389181564032,0.005712260061235556,-0.18691771955632405,0.18914911870011378,-95.54637095736747,-67.3067990857205,-7.445287528974388,56.27140392922151,30.23034097294995,16.605574004086108,25.241663303021372,0.41305417768095076,52.60037844246172,24.82117547492459,1
105,3500,0,0.7142857142857142,0.8363245910767353,0.20659080147743225,4,0.9999073292269851,0.9994537234306335,0.5584649741649628,0.4914739727973938,-0.0003001093864440918,0.5453903079032898,0.2663698196411133,0.04744918830692768,0.23048388684736848,0.1434465642367766,0.2714769582996064,-0.08398721832992344,-1.0322260556718963,-1.003842011519418,0.35382025770344866,-0.8257937544844044,0.19164106711005074,-0.4501427326830273,-0.8325727939417933,0.16013315337959294,0.4606199888984243,-0.7198944262177468,-2.111159223353394,-0.5501498118915832,-0.7309158542590002,-1.9626961514901455,0.49186886663037777,-0.6590884665997692,-5.139959447473402,-0.5333277998062669,-0.6413067712177744,-4.808460114691454,0.25656576359909294,0.0032255107095640876,0.06295581294910446,-0.25656576359909294,-0.0032255107095640876,-0.06295581294910446,0.26134990888269527,0.6420351512993875,-0.2645408119327675,-0.30079792022964846,0.6362063541911235,-0.5834787718822263,0.1612352467834113,1.2078939314710908,0.7044176393803714,-0.2636307759445908,1.275062321291036,-0.19979539739109295,0.10734104878087389,1.2586770079193077,0.7170147176569516,-0.20761401141937202,1.3406610986909502,-0.22832109692379904,0.07934029612122942,1.4416862633368654,-0.4636272600296543,-0.33025433526792,1.4744309823637791,-1.4923810779033013,161.9566052269022,124.8365404396653,51.93348511636793,57.66938417231741,169.53767401165507,172.71333547055977,172.87997031863728,162.90479279257156,143.33084571039723,142.83457341943242,95.9706636657234,103.85840086473537,177.46088274389186,176.82565519846824,78.94448277349521,73.29118148007377,93.09514418438495,109.64710533277673,160.42708654722207,151.34201763579333,123.20244993318089,119.17340516035763,0.6264891846728293,0.5775980797925293,0.8224589086898635,0.7729557490629402,0.1948884441542913,0.2241574155272483,0.3058305217592077,0.20256097751273666,0.2184327281993478,0.02854706636115698,0.0472317880658963,0.03464720142421452,0.06516291405592707,0.06535426894230656,0.014041786763205515,-0.18216513875705168,0.19404249540464727,-0.005415126458922451,0.03320823854474893,-0.0930472986022042,0.09894397646637627,0.051985036081342764,-0.056332616663691056,-1.2032576461336555,1.2056967988079184,0.13291546657903924,-0.04549680361107233,8.076095758979033e-06,0.14048658462633185,-0.050601674549615415,-0.03381718450517811,0.039746957038765685,0.07269079741565598,0.08728966784121421,-0.01341816204697344,-0.07928418579386273,0.11868241361526186,-7.739707605162694e-05,0.04456025450976945,-0.12472160716555063,0.1324428237627118,-0.006688619727519048,-0.006052095498611703,-0.15474855899810855,0.15501123186974147,0.033517382038173525,0.08018337078948552,-0.14176631151740288,0.1662843195587194,-0.03726179920025741,0.0008949592931946748,-0.1528139657049043,0.15729383569052047,41.46392339885368,-29.897364986877047,-112.60975720487055,37.291230130899145,83.08239229437996,15.967149151371943,64.38011956882771,-27.206327720880186,116.02988983386135,35.9961154677897,1
106,3533,0,0.7210204081632653,0.8371098326011137,0.20904980599880219,4,0.9998761794783853,0.999204695224762,0.5643554329872131,0.4891362190246582,-0.0003001289442181587,0.5484921634197235,0.2669248580932617,0.06663298979401588,0.23261464836157833,0.1435197214340867,0.2733267002561195,-0.09493091433787539,-1.0273224315557943,-0.8790747601806276,0.3426794892998717,-0.8082095314633921,0.2867903182699931,-0.4587550102981863,-0.8177667139833527,0.20297609441866615,0.43407416323835674,-0.6987951001986478,-1.9842366227564312,-0.5567909295032742,-0.7134585257546174,-1.9225061558683323,0.46525745333154966,-0.6398013161480026,-5.018177363403147,-0.5382177078125816,-0.6305710221553414,-4.765390256471004,0.25459753291856085,0.0008021744147235594,0.06409359739758018,-0.25459753291856085,-0.0008021744147235594,-0.06409359739758018,0.22818236667420055,0.6400671447769405,-0.2531654704530005,-0.3084040605323352,0.6363490331088594,-0.5965691465027689,0.13856737070188618,1.211170405420606,0.6586918482759112,-0.2834021038284441,1.2736442765712555,-0.2864508565828191,0.08781111211786465,1.2644959772992512,0.6717150523121463,-0.2306134229132486,1.3402383824349096,-0.3218316603228802,0.054915746088829785,1.437105331692974,-0.5870722606324403,-0.3476769148741581,1.4728949369043416,-1.6126633714808554,167.98805050537584,124.14542468261645,46.085914150160434,57.25523349696294,173.44830051751143,172.92626578796649,176.15252156771749,161.14218344837204,145.33196959123177,143.8430232081321,96.03313570875113,104.21124570570814,177.6258257886487,176.77993967934788,72.22121450651905,70.34995187843627,95.81791373052093,113.95300628473457,168.3625013465238,152.45204660466658,125.50427533973101,120.14950470621785,0.6219541629705869,0.5822670962566667,0.8294575566707262,0.7773829076578013,0.19519636957310996,0.22743458953591097,0.29510089707010206,0.1938392565646882,0.22026357723364004,-0.008843161843039795,0.03463075016484125,1.1710908376809352,1.1716361382564966,0.07638290072932406,0.021581396912083536,0.43150421344872786,0.43874365002870175,0.004201224355986634,0.027630816806446492,0.8039944099657483,0.80448003305219,0.08791594794302297,-0.01627026182232485,-0.042687762867320775,0.09907663912902949,0.15233479665987457,-0.07734086477395279,-9.732320904731775e-05,0.17084352229217004,-0.044288960370150586,-0.02362059824394463,0.1208969589435696,0.13090270949783187,0.07250498641621,-0.010670134515473363,-0.2955205061218963,0.3044719927420827,-0.006698297731804142,0.02441171443823618,0.40999167796337344,0.4107724126490731,0.004735408407269114,-0.013908653548269595,-0.15903535214337475,0.15971261054680885,0.03802595716534248,0.04277175123041337,0.41989146760015883,0.423773808399094,-0.013383048953432059,0.00037478678154222986,-0.17115772899353185,0.1716805599322325,194.45702843658682,-11.599124436619672,-163.4760236587142,-13.121741166753369,84.60882257516138,2.653109457380193,82.93854753429245,-41.66719612052999,116.86124716057022,34.162239377962685,1
107,3566,0,0.7277551020408163,0.8407673673196272,0.2206607162952423,4,0.9999156016291995,0.9994764924049377,0.5685190707445145,0.4863694757223129,-0.00030653271824121475,0.5507422834634781,0.2665616571903229,0.1379268541932106,0.26026901565656757,0.1453792418760288,0.29811924540238505,-0.08193625056821954,-0.9362084085428645,-0.6063125461408807,0.31045972150002005,-0.7338386110341514,0.48173928924330356,-0.42971929668807773,-0.7407915708268384,0.4456304733151113,0.38377250050571565,-0.6307698192602815,-1.6632024717295666,-0.5177989178943795,-0.643695254752507,-1.691742776192604,0.4151166016001296,-0.5769476604785968,-4.502595933993094,-0.4999269761406238,-0.5704742461788578,-4.388167202332495,0.23693541064877974,0.00020738318222235548,0.05756159458001074,-0.23693541064877974,-0.00020738318222235548,-0.05756159458001074,0.1944634948781068,0.5965508444351612,-0.2141126858864395,-0.2915896013541264,0.5941100308525431,-0.5967376311284646,0.11161798726775496,1.1224737948087273,0.732254074688482,-0.272747372221894,1.175155820935196,-0.2171270646693471,0.07244160969189625,1.1727831853859718,0.7459170725419688,-0.22574791520135337,1.2380543553560779,-0.2457872305136739,0.02875808429551351,1.3270692752140414,-0.5009183036150917,-0.3287561264939377,1.3601914034374054,-1.4506858434766976,174.7907691037169,124.0709982268484,41.14406755489282,56.80334925531169,175.1218563016157,172.88844069474686,178.35391445590056,160.15475784861658,151.04368802299484,145.08928121837795,95.66969507938823,104.6411764742283,177.87365652958107,177.0702136756965,57.58642276401971,54.80329558866746,94.83050799513423,104.47837507971502,174.34680852610813,162.08094126271993,127.02069101179637,117.22796422014311,0.6405592080755231,0.6383895005988284,0.8466814622852313,0.8041699869212701,0.19577068927058636,0.23977964004746088,0.323712528783139,0.20698868592277017,0.22093375095362225,0.06697604905313503,0.005807894379345324,0.3570442769064823,0.3633182330348457,0.08297856174298165,0.012119759374590032,-0.03914512805084674,0.09254550948775943,0.08197951672682101,-0.0028401168424691653,-1.095339433470766,1.0984066559988157,0.05456315937326901,-0.005158025826980805,-1.6815626799170609,1.6824555833902637,0.12546733244141503,-0.07714420112211293,-0.00033249605947465957,0.14728676053998585,-0.013848738883858262,-0.025726076382309577,0.07252806603018899,0.07819168073894543,0.0775145060980496,-0.005634862985183929,-0.7634865703867423,0.76743207744881,-0.00671397394208764,-0.0015692924385640118,1.1438605055880162,1.1438812859597471,0.02516383555398052,-0.021550192761777,0.29384900829685195,0.2957107862505203,0.039741174498600644,0.0036901502466913385,1.2044415100296901,1.2051026218716692,0.0020381230026928297,-0.0049151591400601845,0.33991216723598566,0.3399538118183276,129.28810823157318,123.55042392493465,-84.41618730295184,-43.680297820097124,53.86826243929548,9.861231359895612,55.31143928110492,-23.907863724142295,112.54388036789308,53.20259677512608,1
108,3600,0,0.7346938775510203,0.8467700720736475,0.2371775209903717,4,0.9998569271781228,0.9988973140716553,0.572761744260788,0.4839675575494766,-0.00032240618020296097,0.5536922812461853,0.26534782350063324,0.13060538843274117,0.2555392727888643,0.14604787912232056,0.29433026166806153,-0.09103779713289774,-0.9507568269248059,-0.7043888868277257,0.31308530435465404,-0.740170592348788,0.4648899105419683,-0.4426639817664163,-0.7453697174369408,0.42477596255538436,0.3897837146176483,-0.6300458792204641,-1.7612888389345511,-0.5267299877757884,-0.6422261108645555,-1.7941502418277928,0.42215706985620916,-0.5772305163344866,-4.909339993300083,-0.515950513653451,-0.5691865391911652,-4.8080370959215655,0.24085971921569932,-0.00010292540269358095,0.059508061249610625,-0.24085971921569932,0.00010292540269358095,-0.059508061249610625,0.18018587779705933,0.6060962062507542,-0.2185138036204799,-0.29731194842135017,0.6072168932719176,-0.7277185772684706,0.09858998019763303,1.1419441797742622,0.8721461362159908,-0.2860110125932854,1.1954115216744492,-0.19904343607561872,0.062030553145832626,1.192661646528013,0.8980303814865993,-0.24225359141784378,1.2610401605898012,-0.22141383948722546,0.01556497376041314,1.3473851061352524,-0.42962408189707874,-0.3308249253100008,1.3860718944370205,-1.5537298667560064,176.65035375689126,132.4233030855871,40.430029600862646,54.32865354301642,177.05747410094423,173.5869682890795,179.85838799955152,159.5403565788545,152.87240957588062,147.40759719206557,95.598511655328,105.12281154471633,177.6746545894065,177.30788787941418,58.80109609315758,55.952788361217934,91.86573995909293,90.25601045319429,175.92963682962395,158.04362952871648,135.1140672925595,114.86722241240612,0.6564212807052047,0.6542703658060436,0.9267460979839026,0.8873442322854976,0.19710347622205598,0.2662476338270506,0.35847082336040215,0.23279980123577806,0.2227582625032382,0.0675311729089536,-0.006601436814265448,-0.29482725840895846,0.3025345444464392,0.12642056194703938,0.00857951036140098,-0.2182028186855026,0.2523256557771027,0.06973743438720685,-0.009073695140098434,-1.0365603575065927,1.0389432209955465,0.04714816363889768,-0.0008905111853756099,-1.008967855083406,1.010069242644434,0.10142597689557406,-0.06084366520838935,-0.000315509847740628,0.11827628643001992,-0.010297369601121563,-0.02966621028843203,0.02325481888073588,0.03907565040732403,0.09762084306176004,-0.012581028155426449,-0.4619802556820758,0.4723493070912802,-0.00010141685827454499,-0.008662245166835478,1.1846251896957822,1.184656863753584,0.04878996023491235,-0.023122154065032444,0.5668939661179001,0.5694592725114012,0.023710193918712045,-0.004451666305314237,1.2945383787155118,1.2947631461375253,0.011737666912932864,-0.011221686405922022,0.6902320171470055,0.6904230127720078,37.51616129469555,317.791169784378,-104.08083725713544,-105.89938780846019,38.86765494007016,15.782738602024907,19.190690404880083,-8.152326018802093,62.18435335544407,77.00546052199809,1
109,3633,0,0.7414285714285713,0.8527766330675646,0.24192243814468384,4,0.9998909542054841,0.9991445541381836,0.5753146111965179,0.48229295015335083,-0.0003276718780398369,0.5571234971284866,0.26261788606643677,0.13980542123317719,0.2611997974684187,0.14548928392178756,0.29898572864539447,-0.08755014541683293,-0.9427299310571209,-0.7054536114213439,0.3129067270221018,-0.7328415927480144,0.4732756291668012,-0.4345922278682408,-0.7366269673882114,0.4641142171386647,0.3750647795060708,-0.6167866074195921,-1.724379806731432,-0.5106972368420026,-0.6262726709434924,-1.7356665547106502,0.40681244628645963,-0.5636744400728815,-4.721760176925948,-0.5106413174409823,-0.5553860086403539,-4.601479837926841,0.23582886001989245,0.0008092863046071194,0.059843842152268255,-0.23582886001989245,-0.0008092863046071194,-0.059843842152268255,0.1688637326097031,0.6018085809045677,-0.20821027346281074,-0.29159724875411025,0.6032034759097002,-0.6984631380643727,0.08854313841677086,1.1309141655926391,0.9956664500580128,-0.28375218540667846,1.180203180308089,-0.08939129605634531,0.054816263745720774,1.1820213084268272,1.0339204039378744,-0.2451920204752398,1.2455862172851309,-0.09032945988422661,0.010011965056491304,1.329700160364395,-0.27639835119585077,-0.2998397285932859,1.3772741140923994,-1.4452033434349876,177.30435191046152,145.36300660240178,34.17065145866473,49.70809027214484,177.72598918260042,173.94588418108253,179.63969071302753,159.60855200535684,155.2100396978096,150.24864707335183,95.80091293561762,105.31291432025517,177.75238296653657,177.54301331559842,57.91467499177582,53.28325511904704,90.04383022427953,86.8283033375594,174.6285507437367,160.51006191586526,142.8362975920651,126.0219067794181,0.6582455704073535,0.6589231347932618,0.896364894007647,0.8570993536122434,0.19776894373650583,0.26334111289156187,0.3939042833593956,0.25085574587144277,0.22351117002146698,0.04079034834197083,-0.013950647729815894,0.2009326761419128,0.20550526375616648,0.10385612646738714,-0.02650690801215901,0.4200221914233594,0.433482816805068,0.007476770516597882,-0.015836773496685646,0.8973027720595873,0.8974736599131825,0.023644981962261835,-0.023297739751411264,1.0122440078041794,1.0127881324270085,0.056081197478554605,-0.05499770243962619,5.065830367984206e-06,0.0785483800592281,-0.0012047363050056257,0.0008227247180360756,0.24271214550191766,0.24271652980312305,0.08447739210995782,-0.028406128738865777,0.08640935023625713,0.12413667361372598,-8.850386648467115e-05,-0.0035094492363207355,0.792930523554486,0.7929382947312281,0.04382837902415893,-0.02302545489686914,0.539597236748899,0.5418637063765578,0.009092417630282339,-0.01304077379631277,0.8486179691372516,0.8487668651533254,0.008303107637347618,-0.03490393812006179,0.6466577337546798,0.6476522609529476,45.78568846630079,274.2417112849152,-123.45316961414528,-68.3589408063657,15.88036245164383,22.727724494355947,-1.2087793812005942,15.14372226317135,5.960552076902746,48.327689966024174,1
110,3666,0,0.7481632653061224,0.8562271089264841,0.24095767736434937,4,0.9998341040177778,0.9985582232475281,0.5764631032943726,0.4803377091884613,-0.000322071835398674,0.5601170808076859,0.26042476296424866,0.13924983888864517,0.26097742168875293,0.14681662173217894,0.29944003581378176,-0.07952055673030745,-0.9407431768531104,-0.7026888012176485,0.3204318567060935,-0.7332487121736847,0.4681336215426893,-0.4296091244836869,-0.7355792328040799,0.46408581494470136,0.3797619993108254,-0.6102472649870867,-1.6869467076547542,-0.5072115003073662,-0.6249871909078895,-1.6709575207605691,0.40424022902397705,-0.5587488899090798,-4.627790243440071,-0.5142954231118163,-0.5524866607467779,-4.502881662826772,0.23627752907085198,0.0017561512010301494,0.06534008987322473,-0.23627752907085198,-0.0017561512010301494,-0.06534008987322473,0.16448463478615433,0.6080569776829738,-0.1612895804267539,-0.285979643628814,0.602716168062703,-0.6962559830409762,0.08452715520107087,1.1338061493080773,1.0320332745592393,-0.283831058073255,1.1820595510928915,-0.07671460257608853,0.05061517384491305,1.1815573386270146,1.069749968191565,-0.24865050753555393,1.2439501213427184,-0.07510591283854527,0.008624200276093199,1.3351001909966853,-0.18961371408954042,-0.28325300615058097,1.3841388595979418,-1.4092500862732926,179.6722091956671,150.52325603039145,32.28212040632908,49.8169634497963,178.10557802275272,175.08699810570698,179.77860856039229,160.5398422482238,153.2658060129562,150.59722472982315,96.1057863721531,105.18549276124054,177.48487536078656,177.55228502291635,58.38713558207283,52.81084497334818,93.6429729050205,86.85022684663355,171.79590921304654,161.51212987732484,143.14793267563445,127.68978539201699,0.6466116652522762,0.6405961476256117,0.8807718019456211,0.8482719681096987,0.19500787648044368,0.26205912621084554,0.3912049502349375,0.25399062571948705,0.22459665305788729,0.13860837737126103,-0.020625431146194632,0.11324348734385903,0.18017152414646184,0.06195769381167268,-0.023912582824479226,0.5169582011094721,0.5212066280604458,0.0599311358893094,-0.03567871762745407,0.5252183373294647,0.5298292307976692,0.0036723578154151024,-0.031565107516388316,1.20883379409562,1.2092514147074864,0.016472232875539252,-0.025579288824280632,0.00028070340405649143,0.030425536430160324,-0.0005480068833080676,0.001745437508198748,0.493924536589365,0.49392792460910545,0.06764815814459485,-0.030377017917917658,0.09933247495053395,0.12395957848323,0.0017988148020274559,-0.04687149133255221,0.4501169297232545,0.4525543313878663,0.02410563070382639,-0.011976975113598238,-0.6326501216016582,0.6332224772756365,-0.003279145084210288,-0.06914405680414439,0.4667862137751781,0.47189090132612677,0.0015123566584800568,-0.026839882580201948,-0.7215858395419885,0.7220864147365591,-140.75788077498967,168.9469286249699,20.966206790500234,-28.051627989186578,3.46288593057811,31.286786809145962,-7.940490353102591,35.552796576315544,-52.93194987767995,17.935386051452372,1
111,3700,0,0.7551020408163265,0.8566869668888323,0.23257911205291748,4,0.9998142430276582,0.9982168078422546,0.5764182507991791,0.480579137802124,-0.0003088647499680519,0.5638444870710373,0.2582390457391739,0.12535971030592918,0.255706485700758,0.14717961781977254,0.29503838179295633,-0.07277154104602925,-0.9738988528680306,-0.7319825699347751,0.34011026348551804,-0.7514083058981266,0.4286008664190318,-0.4253450295639562,-0.7557860510650815,0.4232786367981826,0.40781859410921134,-0.6239136876191697,-1.7217978331020072,-0.5072006519364911,-0.634273142407868,-1.6415563773638648,0.4221242721711147,-0.5735093647325158,-4.665725446121847,-0.5203799487630933,-0.5641758855699454,-4.388594247449282,0.2394559635581022,0.00255509042659327,0.0697632269977224,-0.2394559635581022,-0.00255509042659327,-0.0697632269977224,0.16725786581516722,0.6160653831765914,-0.09889480589611929,-0.28387706164782384,0.6101842811873796,-0.6853143660284892,0.08639559229636307,1.1412095477914448,1.1111404700280967,-0.28581507172588744,1.1990821691833438,-0.23431896094746016,0.05106433319886418,1.1879426011958083,1.1536916399115684,-0.2518696928676793,1.2619647678426145,-0.25546600852735213,0.010777239094070598,1.3472123624043173,-0.014687645835444482,-0.27885728624756484,1.409319595413676,-1.5718326617158036,167.8735738985372,156.6824508202748,35.57538731362825,47.82863119686933,177.95800253994915,176.04209889729532,179.10767785936966,161.99058937597,151.66359905600504,151.45031793879915,96.99269401830314,104.47430050348964,177.14827480857292,177.24368453679048,61.64261920669229,54.89219243495215,98.42141578929014,97.4208223347107,169.98037682341206,161.19654441135535,145.52733670240414,119.74828769489932,0.6358781390176217,0.6107372442345991,0.8687091916031165,0.8107547569631646,0.18892894605033833,0.2565860409171237,0.3899086507355334,0.21884636467904345,0.22584784327414095,0.10737732275208403,-0.05873415007520063,0.1701267797555492,0.20957745827367638,0.07423980912165837,-0.0653373661325937,0.39863319539312003,0.4107175977979204,0.06624566974924555,-0.03422107269514844,1.2709489509240872,1.2731342452514467,0.011992988301746851,-0.0972627703823258,1.9674390109617268,1.9698782043885121,0.007315802930006322,0.010336735355320235,0.0007171739838016548,0.012683982373042718,-0.004699870721617729,0.0009794733417567898,0.6382337201442275,0.6382517760899434,0.04323916648750863,-0.0003780891646200142,0.05017888190141352,0.06623963057586371,0.0019144656053229896,-0.04825574248584336,0.16103484737339263,0.16812050419263516,0.009973102541112163,0.001868205284004776,-0.5893214647449649,0.5894088070044676,-0.002886821974569285,-0.07700831142824067,0.1493750223472933,0.1680818582459039,-0.005837696701733019,-0.013129035038734516,-0.677200673676247,0.6773530856882491,-172.13006089570317,172.57462036525126,37.170323288216636,-12.015367327894445,4.58243634976885,22.7781130389899,-9.005071339595508,33.94823219288679,-72.44353257806985,7.235704647669843,1
112,3733,0,0.7618367346938775,0.8553778077616836,0.2219807654619217,4,0.9997416517951272,0.9974824786186218,0.576953262090683,0.48103027045726776,-0.000274021178483963,0.5660934746265411,0.2567010968923569,0.11734620481729507,0.25352717933069896,0.15012561456417,0.29464169903061943,-0.06598216762508176,-0.9794131252776594,-0.7394999848386291,0.3463681714979958,-0.7589327919674885,0.4077390040424849,-0.4200833822089773,-0.7637924319431867,0.39065597116131906,0.40870002073234035,-0.6358917044778848,-1.6758963194753322,-0.5002534328552102,-0.6523732121444502,-1.6076855651589288,0.4242237610780631,-0.5779805143160325,-4.414311183578267,-0.5216073251043409,-0.5859516590254683,-4.12899018471286,0.24056770496494836,0.002939907705560508,0.08379140919368687,-0.24056770496494836,-0.002939907705560508,-0.08379140919368687,0.1644310189491857,0.6158315921211289,-0.01894826552044894,-0.28246812873293586,0.6100951029634278,-0.6963474034459324,0.08467547146915974,1.1389469278904232,1.0852956857912517,-0.2878490838181095,1.1993840789038337,-0.21213566288577493,0.04911943437690731,1.180937575383217,1.1209752241929083,-0.25569090052341403,1.2588722624440003,-0.23048405316304824,0.013133924262762602,1.349035298646255,-0.0028400749517668964,-0.266656623255964,1.4250985514510206,-1.5597112235942783,168.13949511565497,162.08575559486331,34.7725320666396,49.01193383882737,178.41260125818724,176.6131316793193,179.17526878063939,162.81437380514723,148.4120893302255,151.08201694121703,97.20588210840346,103.97574948751036,177.42730559076153,177.5302888827127,64.06862987259014,56.21781901784456,106.14945830932356,95.62576017899202,166.58276501346563,160.8558007529289,143.08396778513716,119.1082881131365,0.615269475942285,0.5901821341490865,0.8070445717886382,0.743165850642683,0.18447216591894253,0.2556417770025942,0.36078455627554074,0.22473098313091583,0.22588921226130476,0.002935980305527203,-0.08622534347303007,-0.8788840337233131,0.8831084727094165,0.07460559859420332,-0.10457725235910152,-1.2679867672197778,1.2744774768104148,0.016334381970492317,-0.022050106164180926,-1.6892570437807066,1.6894799138134025,0.0178254011905555,-0.09597612149787696,-1.8894112471378257,1.8919312941109392,0.012686758330374085,0.010749833150343488,0.0006209381602027214,0.01664026183364721,-0.005519751346472552,0.0055360071586840216,0.3321433905512103,0.332235378785947,0.029983394073717595,0.005984848195856283,-0.1368454911492091,0.14021950925593613,-9.121316851991618e-05,-0.004107301885431474,0.1682481079390559,0.16829825927112968,0.000923871994018557,0.004164197228171619,0.09964914484457561,0.09974039375434436,-0.007409941066395171,-0.029153896100593407,0.13446988481463842,0.13779334819400307,-0.008497274283206846,-0.00926039435646753,0.11081722649661005,0.11152764797251988,1.7013531032178608,103.16253074939917,-9.770449850814176,21.697209888243844,6.0286803265525455,13.59926287388453,-0.7550401795271019,17.298591959347995,-75.06140208150663,-4.111763061076937,1
113,3766,0,0.7685714285714286,0.8534949882463976,0.21366740763187408,4,0.9998065197106564,0.9985989928245544,0.5772555768489838,0.4812886267900467,-0.0002678828313946724,0.5670705288648605,0.2554670721292496,0.10308034345507622,0.24855575959614748,0.1540200291383971,0.2924074811016479,-0.060778365330532505,-0.9899319913413034,-0.8942497560874201,0.348738689814246,-0.7703860703919244,0.40800665993071744,-0.418402078355134,-0.7741814886186202,0.2988714671069732,0.4092870205322043,-0.6514157767549165,-1.935804694410593,-0.497788276776896,-0.6660106932307779,-1.9426665953083218,0.4267455978452383,-0.5860727990368119,-5.089131190199643,-0.5239021484492699,-0.5933413628074564,-4.854683826811923,0.2406065223033047,0.0031939342807024325,0.10704969196815019,-0.2406065223033047,-0.0031939342807024325,-0.10704969196815019,0.16465331274079759,0.6204315311363872,-0.024955865062072057,-0.28252714542872553,0.6145988236448502,-0.722508278895542,0.08428877925208823,1.1481240017863763,1.1589733550946724,-0.2910416875505975,1.2083843051161491,-0.2140753211386431,0.04698770367426494,1.189624202768745,1.194283209482481,-0.25891735900063023,1.26880258525119,-0.23289186197373565,0.02039093258036836,1.3484750784123054,-0.04875582084703321,-0.27249092995030355,1.434808485206641,-1.6187966141793786,167.98586320334957,163.49117784973512,34.930537623474514,49.26064704949342,178.35589544150162,176.9396502469717,179.05784520752087,163.13229644528695,146.70954651862561,151.17894157676807,97.19680225668598,103.74635046782228,177.92625090995247,177.9840970916592,66.26831812835765,60.63677438939601,102.27466213249066,94.56096733693809,170.86770846053216,157.77250924764024,141.05890486158063,117.98680024328758,0.686458663419955,0.6566156955096767,0.9222683299860819,0.8517949437532277,0.18589772164142135,0.25528604996048143,0.37974785190360727,0.22859416874800836,0.2265789805158236,0.0032008583865948707,-0.060676193949002186,-0.931735359021091,0.9337144238238527,0.06527553743390921,-0.0827663870000131,-1.229925831752042,1.2344345759153355,0.02273338944164684,-0.028671168569308726,-1.9350727992271388,1.9354187095332602,0.027996390613157472,-0.04971605628284076,-2.2912843903498956,2.291994686206924,0.0011743004642315812,0.001116252657192861,5.359969921966119e-05,0.0016210720226877856,-0.002637727936701999,0.006298520671787573,-0.12523875530086398,0.12542477745896413,0.014234834642552676,0.004400068254613183,-0.043830764827443774,0.046293920370873265,0.0007677434095695869,-0.0003113675473341314,0.034116542161400774,0.03412660001733409,-0.01954543056772724,0.003676805923234186,0.07889130667074434,0.08135957857617263,-0.008296610704108883,0.006439970500433649,0.03382830477472575,0.035421196664620506,-0.04033544170322719,0.0034286015069306926,0.11294051560003412,0.11997609440921687,19.533790578573573,21.75593352741461,15.987795351869696,25.05665158932465,-0.6103438598243576,12.758407303026447,-6.823557210575738,16.74008255623776,-9.50939279790955,42.86825051755575,1
114,3800,0,0.7755102040816325,0.8537624952468005,0.2065209150314331,4,0.9997268012075713,0.9975385665893555,0.5770319402217865,0.4811050593852997,-0.00027042999863624573,0.5688439607620239,0.2549014687538147,0.10232141986489296,0.24851598556356663,0.15439672328830548,0.29257228720915524,-0.05489413057624968,-0.9950409559303103,-0.8678009341950553,0.35252529638100594,-0.7685070305780846,0.397572536799734,-0.4084976479517418,-0.7778020391512414,0.3037368786760246,0.41205491139713124,-0.6545401410235244,-1.9011328944015888,-0.4891124169360928,-0.6761969507518878,-1.900726256875846,0.43216146649015347,-0.5888900811841868,-4.888684535199797,-0.5191543939600739,-0.6017369544580276,-4.682919020482556,0.24032512056554542,0.00401483252495784,0.10885883669251442,-0.24032512056554542,-0.00401483252495784,-0.10885883669251442,0.16472109970965643,0.6213742262141014,-0.04777464422541713,-0.2814751676157641,0.6151624101833261,-0.7113224443618591,0.08518129210034682,1.1466759568578075,1.1007726843481571,-0.2946299730640339,1.2084538943860064,-0.1955820433862634,0.047297994912496796,1.1905096893422005,1.1366385826889784,-0.26700530944771944,1.268306008000955,-0.20626283587457023,0.02179778826935234,1.3488783000694153,-0.07149127241870158,-0.2731053816494016,1.436230193130698,-1.6051148327695943,169.4482590844194,163.5434031412001,35.843714355214864,50.69072949531211,178.371708219579,177.46794496862208,178.7180904475308,163.93595933641515,147.77496001276558,153.95418972589326,97.30670427490853,103.2188832345937,178.07762412124842,178.1577446924912,67.11999757397373,60.377262828445694,100.67941185623228,94.82350345016778,173.71792226784285,158.95867301122317,141.23398009342242,124.36681470828644,0.6735887699631663,0.6460801718950608,0.8743056182956941,0.8143313995052486,0.18765328236358803,0.25304309424050747,0.3702432017876442,0.23002880840721476,0.22435686986080774,0.019105512704422175,-0.009100383787012788,1.23609802616176,1.2362791626011371,0.03519476349674045,-0.04256972626074026,0.6808291620282967,0.6830660296337818,0.06405364221601327,-0.01639439098870572,2.9022480124857815,2.903001062885561,0.027114330832637888,-0.06913871907476152,2.0402171718540423,2.0415683818427213,-0.005752293031607086,-0.008780564834822447,0.00017905024005405892,0.010498535751639816,-0.009295655720269478,0.005094862695950168,0.011476152924014531,0.015622705498591802,-0.0004968536433888893,0.0005417795323613851,0.06908556418632376,0.06908947508519149,-0.003454400532281212,-0.00320619611597772,-0.45095673247949286,0.4509813600861486,-0.0327554211687685,-0.0020158824635975346,0.1314431984922776,0.1354780271037733,-0.002419770653568091,0.011914701604131411,-0.4673035287145347,0.46746165976835713,-0.06435655835849119,-0.008745869593833788,0.17640583995562836,0.18798211938679965,114.34481624003841,11.972866609933835,18.474784274902426,19.734768733979177,1.9160254087178403,12.157862885255208,-4.277007435543546,14.820345559414,34.920385796590885,65.28660986855162,1
115,3833,0,0.7822448979591836,0.8496849198232997,0.1958022564649582,4,0.9998107082916029,0.998487114906311,0.5768701732158661,0.4807003289461136,-0.0002558864653110504,0.5690418779850006,0.25457215309143066,0.10797268897294998,0.25081598566076957,0.15753071740958494,0.29618336481065555,-0.04475600309137555,-0.9798357577847961,-0.7667257012739368,0.34804658038836395,-0.7595738112764169,0.4268014896752517,-0.4009077208907683,-0.7673733621358536,0.3040199425645334,0.4096923531924463,-0.643183571171725,-1.631547414958692,-0.48217955602658785,-0.665163565603543,-1.7639298837684512,0.4370961315855644,-0.5803236024775993,-4.367772014065199,-0.50978840040329,-0.5994308619578353,-4.331314542310489,0.23725560759893216,0.003549764623095687,0.1200762458179607,-0.23725560759893216,-0.003549764623095687,-0.1200762458179607,0.16175268710335938,0.6156607579117865,-0.022082184682684306,-0.27773651822488354,0.6088724500037822,-0.6977099797776954,0.0837340356354766,1.1347481661359309,1.0421462467423641,-0.2934397628745762,1.194509505308727,-0.18165276608857803,0.047142536456756264,1.179139819901223,1.073308125930811,-0.2688735020168209,1.2526351464299321,-0.19005837094819855,0.02472916656306565,1.3288194736187486,-0.11243376463486089,-0.27057530818971426,1.4199866983637948,-1.5713565239292129,175.64696589143216,164.2933599126007,36.16834816989298,50.58287655467003,178.4842691438857,177.7542270602838,178.77128570933945,164.1252595977677,149.0492123669972,155.55314443796104,97.40335621794391,102.95019165637117,177.76761924268448,177.87405971246244,65.37076619534008,59.24658494241033,103.26562661474772,95.33666417460944,171.21046822504528,160.4877252450541,139.5284996136542,126.14681496797547,0.610895483375391,0.6137122611314297,0.8106786718664553,0.760709769749721,0.1874608086060506,0.24963187303445455,0.35146381575126145,0.2312379233928066,0.2248007713804566,0.07263909686695415,0.012878667224537187,0.9901112679279169,0.9928557908079876,0.0008534301411021804,0.04502182657068407,0.7591924884102529,0.7605267435595664,0.1103236819758555,-0.0010697227535825741,1.9606387976444046,1.9637405515851567,0.0020283641237201027,-0.025963692954092205,1.5467387257200234,1.546957954585332,-0.007197260856628388,-0.0071922938028971045,0.00026813623580065524,0.010178484711709138,-0.019079808032873825,0.006787704698967182,0.051520976491949554,0.05535813425627453,-0.0025146838390465833,0.00238689509305086,0.23857142889138322,0.23859662107052546,-0.006825634927460612,0.004389069297096928,-0.009418436975190094,0.012432223313362622,-0.05349110473285999,-0.0029341741041703532,0.3199673285990037,0.3244210212578682,-0.004760243675925494,0.015424959587328296,0.006137020660169171,0.017269983228371793,-0.06556510925292941,-0.008141452615911276,0.33455934714187135,0.34102056178776213,86.19509408277005,105.60154944285041,38.54416046380958,-32.40829249336612,7.742072967515078,18.795891510932904,-6.7139389075034295,4.860371694728738,24.53514675627101,10.09861129689893,1
116,3866,0,0.7889795918367346,0.8484801731326364,0.1889990270137787,4,0.9998173912366232,0.9984637498855591,0.576556921005249,0.48063036799430847,-0.0002527330070734024,0.5702372789382935,0.25455787777900696,0.11135640740394592,0.2522009296796676,0.15760695139125197,0.29739747823095797,-0.043334186797466666,-0.9788768526725803,-0.7375041222101432,0.35629850356851467,-0.7577251606438242,0.4211089894125952,-0.39879813809499004,-0.7626138251476714,0.3294632149982573,0.42308713658716907,-0.6394661576583884,-1.650616392015037,-0.47939005322977707,-0.6536382140729418,-1.7014630524075327,0.4512306281811023,-0.5779767511817957,-4.374311308867859,-0.5086838600877244,-0.5961397872726817,-4.263739145585944,0.236600779767202,0.003921233232935747,0.1192370628226587,-0.236600779767202,-0.003921233232935747,-0.1192370628226587,0.15941150900819656,0.6143951171485802,-0.03562521625183446,-0.2758691297141728,0.607307435469585,-0.6468959263517423,0.08388172259208444,1.1306416562453308,1.0807632601227557,-0.30012345540546775,1.1897920516079454,-0.12145946660158224,0.047071433722820764,1.1762133410143023,1.119499392597196,-0.27562652031839113,1.2475174549804673,-0.12872862932797954,0.02421985331122516,1.3247401960154706,-0.04709398732758661,-0.27657360887664506,1.4140809807490682,-1.4381810513079616,175.13713529388224,170.51310540442825,38.38762894582631,48.55178219074994,178.882685035435,178.70847380834365,178.27497047963558,164.25674386826725,149.39427969867947,154.6206980714886,97.9818682697838,103.01683169587726,177.66325965716348,177.59308481363686,65.69768892383789,57.473462150995445,100.91805540365745,97.21916062671755,172.56088991985575,163.3360817165227,143.4802248440837,126.12694246303072,0.6174484457885444,0.6053359102766167,0.810269622065763,0.7622560746603111,0.18870540753607323,0.24042638607015318,0.3664799171931365,0.23340683129219272,0.226216440174786,0.06058144925245623,0.011725657021821483,-0.18069148063659743,0.19093719962534064,-0.017437917083057076,0.11883965179101794,0.38004499762805694,0.39857388777002917,0.10600641592225075,0.007677434095695868,-0.5593032979253536,0.5693122888899833,-0.1210081043528092,0.08444510289092597,0.16534862233631714,0.22161702017182133,-0.016821409339335496,0.0006812277124888889,9.229823724547467e-06,0.016835200282366476,-0.015930453343177973,0.009425540468586064,-0.06014554858652538,0.06292938241885271,-0.006884336471557645,0.021043998091968222,0.24416753605230632,0.24516938961910129,-0.006368800775328705,0.0024749271905244387,0.5172597828196077,0.5173049099037259,-0.05916784058755927,-6.227350946682628e-06,0.6748146669410975,0.6774036227519005,-0.006028075716388784,0.017041590676378917,0.5704560386600802,0.5707423635523954,-0.04955592440135464,-0.0012748277009423151,0.7140700385641725,0.7157886802709154,17.694466161584483,117.31022954894372,18.81329236334991,-77.30636536491323,4.3110128141873405,22.85920531258394,-14.095037006353268,8.457822360736294,27.580145582534886,-45.957738527369415,1
117,3900,0,0.7959183673469387,0.8483032584190369,0.18396106362342834,4,0.9998220855539496,0.9986169338226318,0.5757431387901306,0.48074597120285034,-0.00025526806712150574,0.5705433636903763,0.25492969155311584,0.11712924391031265,0.25455677847607106,0.157960841750978,0.299584347045691,-0.03867003629102283,-0.9744458989077731,-0.7236874991332934,0.3592915374675057,-0.7512967123925082,0.40993635921740296,-0.3940048003667939,-0.7562338503794795,0.3737128076032608,0.42235201030742303,-0.6334119235806027,-1.6534380240363045,-0.4768435693467813,-0.6311870779010014,-1.6589127460184723,0.4596036763905426,-0.5721709198880097,-4.443274037304142,-0.5273017562386126,-0.5738927007519731,-4.245166973635428,0.23578489737496927,0.004150259859287705,0.11785921029881051,-0.23578489737496927,-0.004150259859287705,-0.11785921029881051,0.16011567245823036,0.6106271760151397,-0.035284707026306324,-0.27236120118137014,0.6065143202236155,-0.6351849982542483,0.08512111346588472,1.1222672721035445,1.1459950175010696,-0.2995790271291303,1.180795287136442,-0.0286749400799101,0.04902121412895003,1.1694127120257176,1.188700117080981,-0.27314201109593267,1.237977352603276,-0.028205925027753913,0.026860497725934608,1.3155631380772785,-0.014892666464166832,-0.27822399036658396,1.403194900112883,-1.333406532237229,176.83249512425832,172.1531452923799,37.42883875823742,45.403350075220864,178.77310700243626,179.2857938162269,177.8269182299138,164.69193369593702,150.89708212102704,152.4739759566273,98.27662886642469,102.88878903114362,177.76091919206613,177.44414824249233,66.18915033318798,54.486822808188705,99.5692544426052,93.24719582366077,172.87440314118257,165.5479872201692,145.0174843480306,127.98588187309842,0.6194508443164695,0.6105985847847226,0.836067032830189,0.7751387991014806,0.18876028300530703,0.24001830119210008,0.3863153292449435,0.2503625312227432,0.2259414009775276,0.014692989747915755,0.025581068067408425,0.044006909897078506,0.052980025574657155,-0.029764068660451528,0.09792109033954717,0.2916504198045885,0.3090864071561584,0.08086482090736537,0.017101195321154308,0.22066884966039035,0.23564021590601317,-0.15758756381362296,0.10570750307680998,0.32735048834957425,0.3783731738616669,-0.029913969893953816,0.0030974398798017484,-1.38447355868212e-05,0.030073907632731486,-0.01919803334705873,0.02313816725318121,0.004447134795473601,0.030392701033637635,-0.008959823579930585,0.018369795671149942,0.14643170940342293,0.14785118650315857,-0.0089309108791067,0.0032026376297224946,0.42328327449400205,0.42338959425484535,-0.0417984243649157,7.116972510494432e-06,0.5414603819285277,0.5430713153244499,-0.0023770688185051404,0.013397700751005768,0.4607327838442238,0.46093366870996705,-0.02966309661295889,-0.002905504027409352,0.5829769773964808,0.5837383809795789,-34.96413624155445,-18.662186631980788,-2.3955362967134803,-49.11743636155679,0.9048374316130392,18.265787625397955,-11.50306430658739,16.611175862749896,34.55440190799168,-48.682147898293564,1
118,3933,0,0.8026530612244897,0.8484890072634725,0.17850905656814575,4,0.999844598047661,0.9986264705657959,0.5745526850223541,0.4808378964662552,-0.0002536606043577194,0.5706016719341278,0.25515058636665344,0.11571576073765755,0.2537701304937581,0.15787614903838842,0.2988714733225813,-0.034024258358215126,-0.9817035734217678,-0.7111915752133636,0.3647870238993337,-0.7524840900260452,0.40598510748715677,-0.3912265702655529,-0.7577792187509045,0.3700636739691173,0.43100036399242947,-0.631272090024593,-1.6326073429728676,-0.47699215971350667,-0.6291573092254363,-1.627687346526697,0.47383923373800063,-0.5719869305776968,-4.303265873560902,-0.53479653384979,-0.5701969253850497,-4.169323507400212,0.2370390269975834,0.004326635302008948,0.1164190855976584,-0.2370390269975834,-0.004326635302008948,-0.1164190855976584,0.16102757480881014,0.6158576633801179,-0.03444946997345011,-0.26981114925173355,0.6077359797451826,-0.6108758491330383,0.08817194036483643,1.1250890620683192,1.1703263989200916,-0.3013075026665585,1.1832313743472063,0.0005254235546870472,0.05301241326848484,1.1727214881406094,1.2172667946856037,-0.27421092637363037,1.2400191420025672,0.0025991618937183636,0.028016557792976182,1.3217281774289023,0.07292605276562614,-0.2809032782481398,1.4059779811861743,-1.233716387485475,172.7945381656981,169.26273890008554,38.227128013946505,45.26091395452565,178.94330914335308,179.9322815792453,177.50426517109423,165.3696926510715,151.7094246265149,151.35899416230293,98.53539210455956,102.61109822500781,177.67213799155448,177.3801634999286,66.30512472724263,54.62759091731573,99.36111060299656,94.41692609089998,172.6875243914628,166.4316751229775,147.38638257733783,128.73028784798976,0.6106739042808275,0.5988558398741182,0.7984829453313826,0.7600232840412166,0.1896148743696703,0.23536619953696267,0.391522708629005,0.251122918071564,0.2262113428077116,0.01281499862670893,0.019186825463266003,0.16796408277569325,0.16954141548259033,-0.020364468747919168,0.049595579956516866,0.4636929793791318,0.4667821893175705,0.05313392841454686,0.01565570181066333,0.782646916129369,0.7846046843313887,-0.11378120292316735,0.08860411065997462,0.6387685284470039,0.6548450835875909,-0.04018798018946775,0.0010977188746134393,-0.00021448641112356383,0.04020354142183611,-0.0392641081954492,0.028509985316883313,-4.396971428033059e-05,0.048523101595926627,-0.022651119665665964,0.0028384454322583626,0.18629002751726015,0.1876835217779168,-0.009954878778168606,0.003821922071052304,0.09305730010523901,0.09366625754604346,-0.030484163399898515,-0.0005364418029785133,0.2763971234812869,0.27807362668316726,-0.0008525270404237653,0.006905107787161133,0.10818197871699432,0.10840547880541453,-0.021078821384545438,-0.006347894668579075,0.2922787556819831,0.2931066077397323,-103.45385856961305,-99.68540461960716,0.2877034796675547,-22.537891444499504,10.363826609792403,10.32713626377402,-11.488542186782475,18.160457112593633,20.12522849229652,-36.11887265470593,1
119,3966,0,0.8093877551020408,0.8481615330233718,0.17334283888339996,4,0.999851486899636,0.9987356066703796,0.5730907320976257,0.48081842064857483,-0.000269424170255661,0.5709802508354187,0.2553274929523468,0.11993170902132988,0.25553654342384174,0.15727293490054747,0.3000561632048854,-0.029650342782775,-0.9791707723090456,-0.6579514046011572,0.371105138788266,-0.7487763874330486,0.4036169249853272,-0.3851723803317496,-0.7542150878145872,0.39757397146367784,0.43334636570842777,-0.6284370715399747,-1.6138457549843774,-0.47173341183429934,-0.6195270504685868,-1.5542636888318648,0.4794079605720382,-0.5680690666000865,-4.2640900456009305,-0.5426600916976732,-0.5537424940602883,-4.097941811234374,0.23691470706905085,0.00462753368414232,0.11194641731586895,-0.23691470706905085,-0.00462753368414232,-0.11194641731586895,0.16006711618181452,0.6156965796896244,-0.03519171777842324,-0.2680755461336922,0.6059435094046329,-0.5931629036875126,0.09163730415312235,1.121101802215463,1.1647089771894512,-0.2969735211274655,1.1785791256858986,0.032213312831987896,0.057596311801950115,1.1688512833109277,1.2106737326346753,-0.2685092874055827,1.2343929962546574,0.036174895492728294,0.030188074691640372,1.3205568371581022,0.05915724528089272,-0.27756133962393736,1.4006091671978045,-1.1932227976596719,170.00454045866383,165.5739085874858,37.44782718789548,43.91584923988389,179.45711955868256,179.967384809636,177.06867444558614,165.8905238653682,152.22534720151862,150.0901303614167,98.9801841670084,102.30687519967084,177.75620784107232,177.36360853521467,66.10549861376714,52.99195924034974,99.59041764287777,94.30866440868795,172.0629904910609,167.73605809145386,147.15570613045912,129.13346244889604,0.6067155791659352,0.5876279500921047,0.795548472912997,0.7637980523033229,0.18999990364153233,0.2334539736580143,0.3912114208169311,0.2545781693879882,0.2269388424026787,-0.006615225948504531,0.02620113429738508,0.04628078261418117,0.05359264401203275,-0.012549001779129224,0.06796975633991281,0.2508790635350918,0.2602261895789975,0.021162317759955054,0.02897986725195123,0.13719387908480027,0.1418091564647672,-0.18174167889267603,0.1207207565876972,0.18708741486962113,0.28741127277897843,-0.030001597617989078,-0.0052950275478078224,-0.0003292155799581035,0.030467056951104726,-0.024420111926633858,0.02536222116271055,0.009855700295362875,0.036561167338141486,-0.03690772981786007,0.028009734936614464,0.06569477159585509,0.0803898549977491,-0.01564488482119428,0.012334602982250581,-0.12785196304321256,0.1293948581119094,-0.015509217532712982,-9.518950732786239e-05,0.20519190740688137,0.20577721874588908,-0.014408310847495881,0.009431767819532684,-0.14889062340579778,0.14988320587659826,-0.010371653001699848,-0.012797206195432715,0.23754840237157943,0.23811884247510925,-99.41803401712103,-166.80382443325502,-36.72469295051673,-39.33638743311644,2.054131447229292,-3.85606422413807,-11.46330840692238,8.96506365932935,-4.953940291471344,-25.156304644359633,1
120,4000,0,0.8163265306122448,0.8467814515937458,0.16912488639354706,4,0.9998311093359282,0.9985759258270264,0.5725425779819489,0.48048312962055206,-0.0002757180482149124,0.5712108314037323,0.25539588928222656,0.1187048852443695,0.2546024808833155,0.15707098803633862,0.2991550075707419,-0.028336886821335883,-0.9831721700718462,-0.6646985606339935,0.3757901857002199,-0.7497685022198844,0.4022867924850868,-0.3846935738736679,-0.7550516387907825,0.39315771141110006,0.43582957794885063,-0.6236197691771256,-1.6206210152036735,-0.4726313183383945,-0.6121523183799452,-1.5698829997127557,0.48484901995612534,-0.5637684626474164,-4.268387063804838,-0.5682740022484822,-0.5414334827688112,-4.12339728220446,0.23853483156045768,0.004386491701642324,0.10954890439794095,-0.23853483156045768,-0.004386491701642324,-0.10954890439794095,0.16212500824851822,0.6221400884657146,-0.03213576319703493,-0.2711021527324344,0.6146190506290025,-0.5955098641117249,0.09130376155737821,1.1279711263572907,1.1406566575785246,-0.2977761545854223,1.1832745042640054,0.046554291252278786,0.05645450634005172,1.1749082761522236,1.1828406581037583,-0.26955462966160304,1.2371636528985737,0.05587275935329288,0.029390485636651493,1.3333400101117672,0.02723730015114886,-0.2769488491083854,1.4067083837422028,-1.1296426721848487,166.13352988655097,158.08688266305742,35.76657358626188,42.62537599650684,179.08093595031744,179.67392527622806,176.73622350783043,165.97035191624656,151.37751062698632,149.67352175113083,99.26135606158658,102.07147195106631,177.63982686181458,177.3919982999212,65.91188868419447,53.15450572296817,100.70757903845491,93.46520183855762,171.34005498770395,167.66334551372924,145.1555077263737,132.7918981577379,0.6066044974422081,0.5893947446630343,0.7924305093656306,0.7647249240853853,0.19097539100790778,0.23562830679194258,0.38267559062808565,0.25670339493808647,0.227524405588774,0.09872753228714191,0.09562497708334827,0.34841939584532694,0.37454951244785,-0.0940659152927681,0.09950506153391343,0.4277718600942117,0.4491530006347458,0.07891032233167031,0.03130444839819146,0.70725626020289,0.7123329453676709,-0.27092490623246307,0.12552204416758947,0.7500488366653651,0.8072975571449147,-0.013788244617519058,-0.003524013419649485,-0.0003370275693153259,0.0142354468773162,-0.0026555203679782175,0.023900572933367767,0.030731601612781333,0.03902205162026573,-0.034753066390307896,0.03098640868912874,0.4331763110943684,0.43567149280197787,-0.021277968563250586,0.017693683282652854,-0.19600542623605252,0.1979493508154602,-0.011036200309867262,0.002274762338666768,0.17143314732099604,0.17180307407424136,-0.027040047432059604,0.019262086099653054,-0.2225090318651336,0.22497213469138244,-0.009800515957732674,-0.008120465634474093,0.1569814952229382,0.157496609225684,-57.88186040620519,-131.6046331267236,24.606640473333375,14.11938853663811,-9.100489019062623,-10.800189642969205,-12.686368981454176,-1.4645901403845654,-4.867003197227168,-10.820067639339463,1
121,4033,0,0.8230612244897959,0.8476418103232528,0.1662512570619583,4,0.9999047445528435,0.9991181492805481,0.572166919708252,0.4805823117494583,-0.0002920050173997879,0.5717880427837372,0.2555227279663086,0.11255752295255661,0.25176770198619697,0.15540155242031142,0.29586587883372645,-0.02718619676662676,-0.9970085944228094,-0.7442207451648412,0.3879996709350237,-0.7579866003585767,0.3690212200494522,-0.39056081063797465,-0.7633756105885726,0.39382124366956733,0.46496339972739936,-0.6148848081280002,-1.5577250296419995,-0.496593666444254,-0.6049699358672762,-1.4793294357950557,0.5071896693063842,-0.5682274626608373,-4.16424412716691,-0.6085752844403066,-0.532362038278185,-3.9860522229226585,0.24219058098572568,0.004636110099825784,0.10145118981915101,-0.24219058098572568,-0.004636110099825784,-0.10145118981915101,0.16485516158122504,0.6306269632077054,-0.028654516334906052,-0.2766198089597934,0.6223403778697456,-0.5033929290277438,0.09123906579789023,1.1417845557099775,1.1368946144145171,-0.30055628146398783,1.1965842423534299,0.0715675793829395,0.055411112663939846,1.1905654733952482,1.1775085122785198,-0.27140908934862157,1.2508345521409123,0.07231263522952724,0.026500432623714376,1.350459925148308,0.02556479090482212,-0.28015459675401805,1.422047335585248,-1.1253198136826459,166.12645581144807,156.7563981679953,39.09647209960882,44.861848271838646,178.84738679440537,179.24377210355706,176.2186877238287,165.79239632596244,151.8992579873044,149.36518582958095,99.72734985681988,102.16111615385321,176.50648328759598,176.75904177918383,67.27457980472846,53.33902079260682,102.237442144993,102.3621752570897,171.78786832449046,168.04428158682026,143.72329904747787,128.08380845749267,0.5720819551544775,0.5570635799466881,0.7714047785220957,0.7427041500365987,0.19054608139911522,0.22058225979424081,0.37718039961710675,0.24052796104407317,0.23047182964224244,0.2396404743194586,0.19297184366168446,0.9565380486575064,1.0048038255837577,-0.2588611660581653,0.16480458505225945,0.8350719105113658,0.8896711472630452,0.14931505376642437,0.10147916548179883,1.5996820998914354,1.6098372051301415,-0.316607229637378,0.1641882188392412,1.0995395255811313,1.1559347202067414,-0.0369503642573502,0.0027612303242538984,-0.0002916732972318483,0.03705453933011124,-0.005892731926657952,0.016921397411462074,-0.09501992132176076,0.09669458841067423,-0.03289634531194521,0.008711309143991203,0.6091827244469629,0.6101324841430008,-0.03283944996920507,0.016081513780536114,-0.2559012535846601,0.2585004761039213,-0.013234037341493582,0.0062070109627463755,0.2985841340639382,0.29894171981200535,-0.041980635036121816,0.026338931285973817,-0.2577101642435254,0.26243216604248065,-0.009840184992009967,0.001307689782344937,0.258939114935471,0.2591293201025482,137.880948101334,39.529866136975016,110.69477092708662,87.86491560464933,-16.801260631901272,-2.011190242842708,-25.960419173061602,7.833624308093375,6.222066596970092,-10.211481563485165,1
122,4066,0,0.8297959183673469,0.8493526663744089,0.16646568477153778,4,0.9998752077420553,0.9988150596618652,0.5701038539409637,0.4806653708219528,-0.00029496848583221436,0.5717625170946121,0.25588133931159973,0.10988307371735573,0.2503393955597723,0.15406815711045133,0.2939503529588676,-0.02058725128515095,-1.0062244014838142,-0.8283121009187348,0.40205226160679924,-0.7610702545460087,0.3568845618576982,-0.3907669330677961,-0.7683310831132595,0.39275251865028216,0.5056486394411969,-0.5919539627616144,-1.4344807760191716,-0.5308248041341185,-0.5866078005746772,-1.4101169124667887,0.5352554546761401,-0.5515855768124337,-3.984724235118855,-0.6411265190294,-0.5147752158540245,-3.949463146967307,0.24508915879113977,0.00482651047752256,0.09266086751154352,-0.24508915879113977,-0.00482651047752256,-0.09266086751154352,0.1719688760193162,0.6363349865715338,-0.053973872432599254,-0.2749920198736084,0.6268373896864394,-0.469210008654004,0.09384339071303062,1.1509336394654672,1.1034615725735784,-0.29772357584203335,1.2049991137553402,0.11448447773278292,0.05632464881740935,1.2010049280672899,1.1459863280881755,-0.2682403496098754,1.2587423847221189,0.11506653225697565,0.029457879841102652,1.362160121192359,0.0035035777744860295,-0.2835261497419106,1.4325103475785366,-1.0997291644123466,175.233672461239,160.69585382809777,43.072428467449576,48.42446042641368,177.97205274861196,179.54118672020044,175.02283584240837,166.48737112058072,151.78816702238635,148.99956396794082,100.45366999074123,101.9304528176444,174.80229470179006,175.44179754109015,66.77280583037052,53.37925783274713,101.21020036312095,103.9762108655577,172.56890720254654,168.4077292010494,144.24984175596245,127.60136415857218,0.5297897395223988,0.5342282006812028,0.7497893861698853,0.7474438856392892,0.19177895899740915,0.21634480773148052,0.37304745525155436,0.24159195576343684,0.23329762043101426,0.2669861067586899,0.4176323983206722,1.5176120978682952,1.5965102194866925,-0.2925609474751518,0.1334298902483143,0.48391320812168925,0.5810055392109967,0.18792632800429815,0.19927211661837207,2.724183139516376,2.7379188188921972,-0.1446231087641945,0.08172197128409857,1.1757452096512195,1.1874220488928817,-0.04881798331417307,0.002720462742136515,-3.138696079823542e-05,0.04889373576988714,-0.028894018771043774,0.022809896896134805,-0.017824860762304526,0.040900872586648734,-0.03418815669728786,0.00551476407406941,0.15686674794154548,0.1606437651790673,-0.03248542102415205,0.009292986855578167,-0.3705344983001293,0.3720718702271685,-0.013531143985577629,0.010808012378749678,0.2711309370265107,0.27168343711387954,-0.05417706361457541,0.013459084638908872,-0.38904752304305307,0.3930321569123193,-0.010772427516197206,0.00029357511605789725,0.299084292196519,0.2992783741262192,-803.5433082444085,179.27021295174515,30.88341497583768,103.19824211382056,-7.03904881492219,-0.6489104555567461,-27.452347588754744,10.03119394694214,-43.19228428643537,-16.96967306784662,1
123,4100,0,0.8367346938775508,0.8493694626923763,0.16519847512245178,4,0.9998676433707728,0.9985920786857605,0.5688961148262024,0.48076458275318146,-0.00029410794377326965,0.5719365775585175,0.2565139979124069,0.09010643512010574,0.24180535023299268,0.15407227656643185,0.2867195385872113,-0.018227134694107576,-1.0325448639838555,-0.9130619490659004,0.42209394815040424,-0.7763877636150268,0.32823083860063673,-0.40088532911246416,-0.7878626948347338,0.3023543214433618,0.5535921259599348,-0.5375438842220951,-1.2527767488838866,-0.5693923091150609,-0.5937245537546842,-1.413432854044271,0.5786908939677632,-0.5404241286499155,-3.6604947826714533,-0.6503763423009541,-0.5308834619035866,-3.8384541823067297,0.2512845396266726,0.0050367897640239846,0.09497513751840828,-0.2512845396266726,-0.0050367897640239846,-0.09497513751840828,0.1747698225687988,0.6554383900727717,-0.033726534474531195,-0.2820253021325915,0.6428459739074314,-0.4827875246629405,0.09796614558637283,1.1797432843127365,1.0865831373420143,-0.3018982610876196,1.236645106347679,0.13721520574126717,0.05592642637595074,1.2310538357500134,1.1241665332267798,-0.27117662398677894,1.2901690076530905,0.14451610825225772,0.03092099866029785,1.4005334049662916,-0.005637140468332745,-0.2857730499885818,1.4701241017313174,-1.0267027153653636,112.28905415907327,168.76750243576208,41.16566090298992,51.77613049346455,178.37577052380558,179.20029510303476,174.37938043538216,166.46448632040756,149.00537494011326,148.22821773403524,101.18189290675755,101.96727155203322,170.4273769851172,173.83518389776142,66.50291051721443,58.4469024431939,104.1855693151867,102.90021891166539,172.5027966820356,167.35572710922173,139.86435630712626,131.9865211496101,0.45999708334677103,0.4974406218339014,0.690377804818644,0.6959218850836777,0.19136050881045583,0.21667642668527398,0.35533426546213104,0.24621108288706592,0.23610377516874217,0.1484013315457013,0.5916014536103191,2.704612799544826,2.7725341531855077,-0.2399647413794668,0.23306839501679774,2.2253536466342245,2.250356151023491,0.11400678264560955,0.3076547117375608,3.752155980067457,3.7664736116027027,-0.1992623307811675,0.3303142625894111,3.220600868338961,3.243621886361602,-0.03383964744966413,-0.016006293581492824,5.2306967884746814e-05,0.03743428788895801,-0.03357520743982107,0.014249958209137383,0.02710372487555682,0.04544191639575796,-0.03256415253254896,0.0025621101037779787,0.016136178329809348,0.03643301647459904,-0.017768411494013044,0.0030772009892250096,-0.3706572660759304,0.37109566759507145,-0.0060703327406698045,0.007016445273783652,0.0009327682096566703,0.009324671597187476,-0.0507466828645164,0.007395424059967477,-0.3855152806239332,0.38891123629091573,-0.0065049128745918675,0.00020372333811290177,0.017280120458175844,0.01846504691988597,-1642.1542451304294,153.25178365587217,-100.08833294576272,13.515370444092717,5.027049413932073,-7.3209255657230905,-20.648582116686402,-5.826669464109957,-73.4739713549524,-0.4592172423783643,1
124,4133,0,0.8434693877551019,0.8497502140023492,0.16271479427814484,4,0.999859069332932,0.9982452392578125,0.5678365975618362,0.4795929491519928,-0.0002914639189839363,0.5710682570934296,0.25764113664627075,0.1207747645676136,0.25284398821777904,0.15292409285659062,0.2954925727558707,-0.014264980455243263,-0.9996310229433313,-0.8508592432830507,0.4169062914700845,-0.7453239859034521,0.39690705949481664,-0.3950332575629802,-0.756925701360895,0.42251271378401783,0.5443309120411891,-0.4510954572704305,-0.8137618322459611,-0.574791163932794,-0.5270710002580652,-0.8981923704543028,0.5659845832394824,-0.4753198577031522,-3.1131751999035404,-0.675288331216537,-0.4335637878694256,-3.1986229759422575,0.24457071145867193,0.004125632628330906,0.08441305537866094,-0.24457071145867193,-0.004125632628330906,-0.08441305537866094,0.17113130395414505,0.6398741633650565,-0.04755853496160746,-0.27326758974069043,0.6277760326189848,-0.4631142738991569,0.09699760086917938,1.1492537376562517,1.013647735870762,-0.28987329636946857,1.203930220610733,0.1140866019969773,0.05219718006282851,1.20004281084135,1.052581641420375,-0.26064248421138336,1.2558482805371778,0.11837221811811341,0.032827705015868396,1.3642965643780787,-0.009638561830863512,-0.272904304923616,1.4323082828999072,-1.0150941366696429,65.20933803749995,170.96372333304123,36.36651016008346,49.329990246167895,178.3088650593454,179.050684707297,173.63938084059038,166.09698426648535,146.86541094160452,148.96879641270147,101.98359385415914,102.26922298180394,164.80938882199592,170.89810437329623,56.295814402506984,49.051389440629855,104.21321949910647,104.04657365847044,167.90103643682377,167.97320219001057,139.9302576269601,130.89628013853385,0.37007735973357647,0.39967028226707424,0.6795274014955748,0.6809693015437506,0.19308716597377595,0.21785195452996142,0.348521195641672,0.2410375949781135,0.2400658625787909,0.034503864519523475,0.5636124899893034,2.572478218512073,2.6337224113899653,-0.253812833265822,0.5381622097708904,3.6105308117288137,3.6592311024037603,0.014638358896428727,0.6224255670200627,3.7403847232009015,3.791847273504843,-0.3887171095067762,0.819796414086304,4.552192760236285,4.641726626818916,-0.038097753669275966,-0.022662859974485205,-0.00010636832677956667,0.04432894507078751,-0.03160852374452498,-0.0031084725351044284,-0.11357935992154083,0.11793656080705683,-0.0257934584762108,0.0004045891039299198,0.49781889626473547,0.498486829987259,-0.0248361717570909,0.0031039570317123533,-0.40186490073348097,0.40264359974837916,-0.0023327090523459436,-0.0007694417780095797,0.27988873647920703,0.2798995147907542,-0.05880991617838477,0.008242599891893701,-0.3910945220427037,0.39557739048850776,-0.004938154509573218,-0.0003323410496567198,0.2772620117122446,0.2773061826920824,381.44713459826744,43.31794513798092,-108.53904701132085,-89.37117079382624,-0.9718550353002432,-4.924593512273357,-28.795825414980847,-29.825769782048695,-66.46375604108997,15.9277892130172,1
125,4166,0,0.850204081632653,0.8496343001271739,0.16034342348575592,4,0.9998099659428452,0.9976297616958618,0.5663816630840302,0.4792688339948654,-0.00030112825334072113,0.5685164630413055,0.26097503304481506,0.11286012828350067,0.24589064822614667,0.1461107212299517,0.2860254424756848,-0.013443715400944706,-1.0385294372487144,-1.0218984399027682,0.44151036880497935,-0.7607557595254213,0.35324951835692237,-0.4265830257071228,-0.765638529462403,0.4380175490576228,0.5716882536947998,-0.40356606166858305,-0.6621962963225199,-0.6205500247169027,-0.4657556836349296,-0.5837129746459526,0.5922639890568316,-0.39288225429740176,-2.8062642123728505,-0.7328595681681802,-0.3377753682201823,-2.797331812962719,0.2510671288430162,0.004333091032911351,0.04672955113240475,-0.2510671288430162,-0.004333091032911351,-0.04672955113240475,0.1766913167706213,0.6615410877691217,-0.059992124125098786,-0.27987049096668487,0.6497287480863136,-0.36906349284977924,0.10126397223687142,1.1885518194096245,0.9965146812446052,-0.2943781379929661,1.2446979429788727,0.20215669240471917,0.0512828380328089,1.2411726210112264,1.036674531434115,-0.26418315205302134,1.2984525908195221,0.20886919863487774,0.03500346508769283,1.4127291209736792,-0.012919316725118087,-0.27621617601576887,1.4818105942206308,-0.8842674071242053,137.4645650425592,171.62648681486885,34.002083800242666,45.87763322107195,178.31162809147577,178.87527193122472,172.4788559579934,164.49598551479232,144.61876704140127,149.2794518220944,102.98904822422448,103.9712230282383,159.9269598470484,165.0713568537351,52.391312511986605,46.14040878355957,107.56621767073659,109.9546101093082,165.91724784981804,165.34774155156856,138.8860707509316,133.75055774743026,0.31013138267812984,0.30958025319757626,0.6132938257469632,0.6350216234966106,0.19162501345273392,0.20872523046000352,0.3383858960359509,0.23594781473049303,0.24948168167347834,0.0016208904892650962,0.2777496380592453,1.841644075379438,1.862471580751826,-0.16296399173451853,0.4661270041963935,2.2733753074460896,2.326384949905917,0.024187920698478978,0.9755652342269645,2.4906957327429864,2.6750472546936717,-0.342335273970418,0.8606688300175431,2.53472488317916,2.698661614240617,-0.09262761962947537,-0.005588380258474763,-0.00021261955375101975,0.09279628828358771,-0.06757832285183563,-0.00314659147120233,-0.06611866237067447,0.09459602671910071,-0.04722289185025787,-0.00112804014291336,0.4345875845026603,0.43714716354234995,-0.02829530345859805,0.009573217648178759,-0.14541220309129366,0.1484485752771551,7.472821136019105e-05,0.002093279539649161,0.5000523889242701,0.5000567758489092,-0.05111765505662592,0.025066866803525035,-0.12431126921924161,0.13672839545878035,-5.7380590865860975e-05,0.007875819704425848,0.5125509046796529,0.5126114139545465,1593.4284372462557,13.654676263105346,-19.777767587241712,-96.24618629188805,2.7501483580664754,-6.990781441319568,-53.76584767973635,-21.635769610997503,-33.32642548490268,25.350315530637644,1
126,4200,0,0.8571428571428571,0.8520066119504698,0.1589398831129074,3,0.9998735171375852,0.9985156655311584,0.5616305470466614,0.479218527674675,-0.00030570942908525467,0.5664877742528915,0.26360732316970825,0.16302242130041122,0.2705325534049591,0.14417195028735738,0.30655083379672493,0.0005467551956473886,-0.9723804428254986,-0.860957644211927,0.4304192227880258,-0.7003981207073398,0.4724080488917588,-0.39872968440985906,-0.7062932383377926,0.5931779011226522,0.5452942004339837,-0.3728964249884856,-0.38184916155859083,-0.5694293980444086,-0.40495937849938374,-0.36887449257838034,0.5710990235298368,-0.243731829200239,-2.456458135601497,-0.7055048472888767,-0.2285938849844761,-2.5292004923014995,0.2321481340199083,0.004383714776766398,0.03720736429988763,-0.2321481340199083,-0.004383714776766398,-0.03720736429988763,0.17043284965658861,0.6173255517777682,-0.060247426152120975,-0.2534862665993995,0.6061050152093401,-0.3513779860539397,0.10755911313975995,1.1111102407731603,0.9453473071802667,-0.2591555463352063,1.162179548170875,0.21930946419695443,0.059386713871472936,1.16345349555419,0.9874885805466375,-0.23100805610750488,1.2134885956668233,0.22617217033620513,0.04611506757371198,1.3185511452532006,-0.01434988583539885,-0.24162895077572782,1.3835702931600624,-0.8795966104948403,171.96904333299935,171.8785866426693,35.04139973173826,42.88149576461138,178.49312499933586,178.58230235072858,170.03706904604803,164.6473877025485,144.63254043411604,150.6672675532542,104.63069197236071,104.43259695164843,161.47986720463484,166.00625250708342,42.413802771958544,36.29273403942994,107.3369805848127,107.02998412011333,156.3593409419741,161.20740332547507,140.1768687059902,133.4476990070279,0.28266064875093677,0.3134450864140915,0.6372536216282093,0.6657610666440273,0.1911963001286424,0.2105749835677316,0.3439654984400566,0.2442683515071547,0.25686472591567794,-0.02577589518988338,0.10869485228809074,2.981284966886965,2.9833771168715804,-0.028659603488979363,0.2086376076314009,1.5289898016559709,1.5434250347063394,0.0581759125439095,0.9239573976886906,6.405341091440754,6.4718989645422775,-0.20405116365916912,0.7734925889257258,4.07856969691039,4.1562793980998665,-0.1290685205317269,0.06518034792658178,-0.00020280591587522353,0.1445932290196141,-0.07545414255626247,0.051122103164445654,0.48934947699308917,0.49776471117814985,-0.08547217098634725,0.13178142149057104,0.32366500861609504,0.35976502451690856,-0.011219907162794546,0.03610440154573849,0.09598171533043807,0.10315960355435118,7.784188683353337e-05,0.01854505111922099,0.5559687738987996,0.5562779903347862,-0.01779421051936382,0.06508738247316345,0.1032219004275205,0.12331975516146737,0.0038680745594537494,0.01265219788053156,0.6153019728945328,0.6154441956505156,531.2549239157926,64.98195838564207,13.513933922918245,-93.74287517708497,7.182742051766,-15.641091541789278,-56.52611304942029,11.695093138230114,15.350437870566177,8.80669415280562,1
127,4233,0,0.863877551020408,0.8564026662797639,0.16011309623718262,3,0.9998545303489222,0.9980455636978149,0.5577340722084045,0.48363591730594635,-0.00031471624970436096,0.564675360918045,0.26595425605773926,0.13651004061102867,0.2572051733980646,0.14455601130711176,0.29504396558436896,0.00574240528656397,-1.0314885142159254,-0.8628614824752169,0.4629285728683372,-0.7297888535703277,0.40808535744286795,-0.4158760009176283,-0.7457991037502919,0.5194018839229105,0.5776698102655237,-0.38134889267047517,0.035095420765075006,-0.5787805136697639,-0.4189421019074437,-0.21861439198338703,0.6166807926001564,-0.1858579218306959,-1.2658842934983965,-0.7274858813745315,-0.16660374296510286,-1.7855993455794483,0.24312343986612872,0.0037523613507110232,0.02981637253481342,-0.24312343986612872,-0.0037523613507110232,-0.02981637253481342,0.18346545498082942,0.6381275399855876,0.05301152008306421,-0.26141570271511755,0.6449927698485006,-0.28423697839147055,0.12493029467187917,1.1456189960534775,0.9878965495285118,-0.2560527911253279,1.1960614558039593,0.3222755396936714,0.07498399489971934,1.2032129473481763,1.0284729812410016,-0.2259200623115842,1.2468348235530125,0.3422565343418409,0.054621435854540254,1.3592683918002106,0.11061522828999942,-0.24126364802556205,1.4234568667807248,-0.5565539077475591,173.05864494491692,175.98027802670683,34.90751737307818,39.59686058420733,178.79287180894408,177.82731879792485,168.69160638368228,165.27955675505373,145.6472463787292,149.86950033033236,105.79657798460842,103.98956921157746,144.1111596679728,164.21684003494985,33.76421386288325,36.74236753178767,120.73157705666715,110.82554250190675,149.59591420639273,160.71354560303155,139.62038957081555,142.0157650723714,0.154355501395356,0.24294884776696632,0.3883261471112003,0.47033652326539416,0.1881189212486943,0.20567224637202347,0.3143269357845217,0.24178540509235802,0.2614004910179139,-0.023871660232544004,0.3050050952217803,2.4350830777124983,2.4542264686934003,-0.024834365555734407,0.22556203784364698,1.225403481812191,1.2462378071083287,0.04128434441306385,0.9435817147746254,8.451177541053678,8.50379048895025,-0.07456405596299623,0.7657625458457272,6.31878276666007,6.365451101634673,-0.11893700469623941,0.07832569606376436,-0.0004767912976218004,0.14241191340589437,-0.05221637812527756,0.05414630427505044,0.9455475109544691,0.9485349059910027,-0.07524725162621719,0.13917413624850222,0.6402175534855251,0.6594771450693399,-0.004124460798321359,0.031996857036243866,0.15341829169880297,0.15677366572499896,0.00026731780081084346,0.0157618161403772,0.3361499896555244,0.33651942269690593,-0.008170351837620611,0.04164919708714351,0.10720979083668128,0.11530546178910686,0.017764893445101695,0.002538616007024598,0.3656792369755841,0.36611929799642123,5.694987891371556,78.10260596199596,-10.317240727002785,-92.54492398654425,-3.3413075933104044,-13.363925650740427,-58.23755034212164,16.56677266939259,-7.986354031872082,-43.76532709278719,1
128,4266,0,0.8706122448979591,0.8627707520217607,0.16856585443019867,3,0.9998788905866218,0.9982391595840454,0.5537807047367096,0.4843880236148834,-0.0003371776547282934,0.5633533895015717,0.2685413658618927,0.06275794096291065,0.22508311787008384,0.1425629681164934,0.26643312449525186,0.01708957407357065,-1.155708383490836,-1.0067354535790314,0.5293125910954556,-0.7929049619156272,0.19234033457855293,-0.457454523274518,-0.8273639754539629,0.28128785063430617,0.650950233274207,-0.37289233402875804,0.16398401128640377,-0.6318594314972553,-0.42946250317819074,-0.12074581680466755,0.6967808197140641,-0.06609275127699576,-0.7327170902268276,-0.8007430944324802,-0.09272425868223687,-1.3446428240017494,0.266349190337109,0.006470349142142637,0.024368556938396596,-0.266349190337109,-0.006470349142142637,-0.024368556938396596,0.212623312621446,0.7042886394810381,0.16502717261937946,-0.280831832833071,0.7124414248138103,-0.2455752751123393,0.15219565431104984,1.2669373149932464,1.1258137714280678,-0.2686485160690804,1.3216746007293652,0.33571976765821027,0.09576754313396606,1.3295531135045,1.1628537657963076,-0.23192831992363236,1.3774338090130267,0.3509307089399703,0.07171522685189073,1.5037624962660832,0.25277748672391215,-0.25402694758756156,1.5739169869855456,-0.6357857902863121,172.34491253382987,177.033358636161,34.36046184375608,36.773530781499474,178.27259869817738,177.70028325777972,166.193390723468,165.74079469872842,144.10544106801248,147.77875596513024,106.81759840719123,104.49672202982165,112.61225770233585,149.85635650781995,34.86471957459543,38.3498138517038,131.8434520668215,119.21377562783026,153.51914440607933,166.19053319952715,136.30530917962284,138.60546951226155,0.11674830910062933,0.15770809363345906,0.25280267913126075,0.3411840500162689,0.19020072431755367,0.20044135956989517,0.29708618616246424,0.22437678235738537,0.2641329930256893,-0.043798738451146256,0.30197447805262245,-0.29270623379678795,0.42282839803940037,-0.08306841352092664,0.35974739202812445,-0.18396239672134124,0.4125054069989639,-0.02545385218378317,0.9229160956482365,3.5755738838394984,3.692851285523512,-0.13527985829025918,0.7181510106841111,3.4128703288177857,3.490232856920934,-0.09465173109253816,0.029946885891814653,-0.0008095113157447573,0.09927951189445808,-0.05568319292210807,0.0008664914031526914,0.6117001592890524,0.6142299680539891,-0.05842856506803128,0.012290121904059991,0.5381366432602712,0.541438815686277,-0.01573829508539452,0.0042995410179024205,0.11019742310936743,0.11139861778812395,0.0014785510390552085,-0.0036607927350855492,0.4208715104345055,0.4208900281689344,-0.008261915463120169,-0.02220050612492342,0.0562810186129896,0.06106287559096925,0.025443176725017426,-0.028744562348323007,0.44693597661914997,0.4485815113253894,-6.05226117450942,-5.36209784908606,-22.001249303159735,-69.63852040651346,2.1890270253159,-12.617602840967814,-44.30427274790529,1.039596843450234,-47.45591338189261,-92.0231335690588,1
129,4300,0,0.8775510204081631,0.869420691873088,0.185013085603714,2,0.9998030120676215,0.9974467754364014,0.5513924062252045,0.48564235866069794,-0.00036895350785925984,0.5611230581998825,0.2706553637981415,-0.06724157929420471,0.22535758613245258,0.14258820157184784,0.266678527172586,0.020386899252303126,-1.1663993602713223,-1.4482486558795917,0.5378701846044648,-0.789467019640519,-0.3136873210597391,-0.46489354056907406,-0.8228637303596383,-0.18783506617819234,0.6518902889154485,-0.3535674277551036,-0.03450742130390839,-0.6374327077664385,-0.3806444645623691,-0.2878825726267968,0.6996596479423222,0.018721712671868528,-0.5020045515801624,-0.8150727626036376,-0.011421064443511658,-1.1178768899632383,0.2672019594487932,0.006765068436622846,0.005343246793854614,-0.2672019594487932,-0.006765068436622846,-0.005343246793854614,0.21277028954784227,0.6986962748396318,0.2125363359338017,-0.2801206916187365,0.7091617889421479,-0.179065834133847,0.15804470731465126,1.2610299115691954,1.1208640730681858,-0.25913635688044273,1.3148377721018711,0.46249723593047226,0.10466419307797788,1.3180920409668258,1.1522105497008883,-0.21977769596639005,1.3647096659647768,0.4911519282024967,0.06718712985895403,1.5023062329784302,0.25397889674799257,-0.2530996434344566,1.5684409778819832,-0.36972148369382934,172.6531434462248,175.62101747081806,33.43343366976647,34.93107971697091,178.93953661964025,176.98193940758,165.72322010957262,165.3492097435649,142.46770018214238,143.7039503812054,107.32444861376851,105.06732881740716,96.72470250940414,128.08332168644577,31.77928014913454,42.258432166495496,138.49598047730882,119.67067563570234,165.86062008444608,150.30683745665954,134.82041268290212,143.45527277314918,0.14135231243270518,0.12936991411297588,0.15988143525847476,0.2468429913855556,0.1931644777754625,0.19649298364506526,0.28526791475743785,0.2353559873120063,0.2696605504292592,-0.12129812098261104,0.23511230055965535,-1.7257678642201735,1.7459283344981331,-0.14090849392449642,0.36594583027398314,-2.516118948584166,2.546492905503425,-0.10650282475485703,0.6441914323550535,-2.808491018281047,2.8833916232391554,-0.14000285917253602,0.6285509956416783,-2.3160438929031084,2.4039002617730243,-0.0938504044689347,0.050669508193855725,-0.00035259594668203233,0.10665562246544467,-0.10016516073426178,0.00799502899397663,-0.0005272119792539668,0.10048511265857293,-0.097994484118561,0.03666308388781182,0.06845649053801334,0.1250335624326874,-0.021672070916019213,0.010831142539408641,2.492777447202306,2.4928951830325605,-0.000616507743721576,0.002079045594628172,3.168713245818856,3.168713987841164,-0.003891204720112805,-0.013797140833157176,2.723983419475264,2.7240211401796235,0.01138893525991864,-0.023356124536314946,3.474619406372745,3.4747165690947797,48.997976884008686,7.422549064039867,-58.79800276579057,-47.7410854258135,9.703231596470445,-27.70687110688337,-2.048017216944608,4.08956606376302,-39.027947307710136,-46.56505455136273,1
130,4333,0,0.8842857142857142,0.8793824057687413,0.22750647366046906,2,0.9998846343069365,0.9986031651496887,0.547492727637291,0.48778288066387177,-0.00036080158315598965,0.5586133301258087,0.27206720411777496,-0.3107251822948456,0.37813088966917063,0.14590534914111544,0.4053040101331213,0.020010410713171167,-0.7796847911003161,-2.1551437678923286,0.3623687203657719,-0.5208111665841029,-0.785779280566729,-0.30749335663638155,-0.5436524022576928,-0.7457347086965456,0.42337530161466563,-0.21463691548111696,-0.177427433931393,-0.42314206196183635,-0.2301963974284507,-0.495250542430563,0.4559485573925795,0.05466679365522564,-0.9458711693740469,-0.5340107514892224,0.03457465347354257,-1.2667249595096728,0.17985766259584757,0.004702109930422833,0.005224268125856271,-0.17985766259584757,-0.004702109930422833,-0.005224268125856271,0.13872748220284836,0.4559210568786583,0.10845440670320197,-0.185294381842661,0.46601948088905043,-0.1500581724629645,0.11197992352908302,0.8262560658218889,1.1522062006220044,-0.16118812252869422,0.8607917112135192,0.7445627738821814,0.07782531466991224,0.8633463177767585,1.2147752375401824,-0.13506491375788396,0.8932412882095734,0.8051306704624814,0.05140349737762034,0.9844834344915043,0.3707093168343223,-0.15887168218093847,1.027253204348182,-0.04055666841159506,175.62777698505846,177.53066942345168,30.4209956584481,33.57487805796996,178.9227152151409,175.84392289361853,166.05617356993272,166.01479562500054,141.4905685983959,144.65889731018893,107.65457167057383,104.8210530028003,46.57445043712823,73.53436525797603,17.403123292239286,28.40282233374516,122.41331436690842,96.69009170209407,136.557980294522,108.66364620255118,153.91881474059014,160.1332200207553,0.27713917789650516,0.16924614542488983,0.3302895165597339,0.3336241321284856,0.18834503574610073,0.19962415078723292,0.44900683468114166,0.39644717292267956,0.27213998609046275,-0.16806161764896319,0.27421116828918524,-1.2548622590574383,1.295421074920446,-0.11778193892854662,0.2197397477699054,-2.1690293920762667,2.183310936531599,-0.15405362302606795,0.5389740972807926,-2.6166328426563443,2.6760031819067263,-0.028211058992328137,0.5452682574590061,-1.8384709502711487,1.9178343962482136,-0.0964064489711417,0.0783703995473459,0.00012915838989570317,0.12424226177241648,-0.10862856200247127,0.02012469551780012,-0.2657031132416298,0.2877556467538096,-0.09818239645524483,0.0594980788953378,-0.10928229400605893,0.15850054936547514,-0.02547827633944431,0.01771341670643204,1.6413647117036803,1.6416580108301333,-0.002543131510416673,0.005941499363292362,1.7351680858568754,1.73518012180545,-0.016082416881214527,0.006170886935609775,1.7761281042388035,1.7762116334055578,0.0018179416656494186,-0.003804763158162444,1.8739138137210545,1.8739185580993578,82.34112624094941,63.244230465979975,-84.47652376450851,-38.25818411901905,-18.545356148235065,-22.793614049856522,11.651484585879638,19.78431623723643,-34.466684135910675,2.636906687168444,1
131,4366,0,0.8910204081632652,0.8867778001409589,0.2554428279399872,2,0.9998808394778859,0.9985430240631104,0.5450295805931091,0.49081480503082275,-0.00036042905412614346,0.5568618327379227,0.272930771112442,-0.2940385639667511,0.3658692407857245,0.14839580713023692,0.39481846072208543,0.020967082122984072,-0.8085317723907446,-1.804385557011952,0.3781171751072594,-0.5386551867341005,-0.7661944885196461,-0.31817949071847235,-0.565062372570961,-0.7214671287994406,0.4283383828710802,-0.20607787691630106,-0.2330990847617829,-0.4341245789330644,-0.2334726902957224,-0.5570574496321485,0.4629456551080136,0.08964252266006024,-0.7765090972637848,-0.5391376779640034,0.07033487220137283,-1.0624157973265511,0.18772154638415706,0.005917462058354802,0.006555581029776653,-0.18772154638415706,-0.005917462058354802,-0.006555581029776653,0.1416717138310514,0.46219489513107154,0.0991188381572414,-0.18950326149533148,0.4758456529503067,-0.1392391041476008,0.11860739511050464,0.8416177857099923,1.031440946151329,-0.15934189835571466,0.8759942290700418,0.6024304194822717,0.08412240632044897,0.8782306574429394,1.0751415778194164,-0.13202822985616589,0.9080507591854362,0.6449786051471454,0.05535152674560693,1.005609851809475,0.28741618294770366,-0.15989458934215844,1.048178833208679,-0.08307391127224824,178.08765777812744,179.79513668157273,27.857983101308925,32.40603956511566,177.71554311385674,175.47756088028947,166.49221809224068,166.6549746152225,140.19289902917228,143.87798622255852,107.46533686386402,104.93863938462279,60.958517554434714,97.37790764415642,16.27430530498222,35.970027366426926,123.57262351468172,102.93370494273641,136.77965143437214,112.35700332023788,145.71758956286476,153.57225278127513,0.24886737267767758,0.15312927161905157,0.24464178425200908,0.2364675332123906,0.18471329233931774,0.19729224683820618,0.3975173367543456,0.3329380905332157,0.27567459994428234,-0.1219724541279804,0.1413008170341374,-0.8222118242463048,0.8431343216777226,-0.088162386595313,0.17727666826390465,-0.34025000102484315,0.3936618939119428,-0.2235796914171811,0.3037052368050183,1.5912193860580632,1.6352993254581847,0.04094527728521991,0.37733298629077416,1.927387358537356,1.9644028935339828,-0.06100312987370262,0.09945613234790378,-0.00015972095277549576,0.11667446004492302,-0.06926771420151423,0.018234573193450426,-0.1313103112711832,0.14957577924378326,-0.0676228039300262,0.0557383494590644,0.11720352653247178,0.14634300066428654,-0.019135759837591776,0.0063607941812543565,-0.9810426341953538,0.9812498596770024,-0.008414040750531987,0.0022373982329866723,-1.5751525982102312,1.575176659832492,-0.011722543346348063,-0.019251410640887312,-1.190176650659359,1.1903900598580706,-0.0025701166978522845,-0.004461452142516168,-1.7492815629759786,1.7492891403718092,-12.098094262177252,21.17530152163542,-53.796347484285285,-29.936904170276257,-32.254326071667286,-17.27264799314942,21.889713577429486,-1.4581048815598239,-55.00133061345838,-7.117262092736537,0
132,4400,0,0.8979591836734694,0.8926063658613147,0.27384981513023376,2,0.9997984098665642,0.9972721934318542,0.5434055179357529,0.49444644153118134,-0.0003715028869919479,0.5529472976922989,0.27334970235824585,-0.2871842533349991,0.3622656034643343,0.1492827340412611,0.39181845558397604,0.01444245463899335,-0.8282801377876831,-1.6532807621880192,0.3785924903513325,-0.553064546941195,-0.7763752686863679,-0.3298873840932584,-0.5755027067039014,-0.6876331074404495,0.4275213697145655,-0.21486892078027453,-0.3241030114608084,-0.4423498747938152,-0.22481214407905267,-0.57045061672608,0.44384113771011224,0.09147440652021016,-0.7063040903328937,-0.5349573323204835,0.08328090331357202,-0.9807170796139035,0.19033130987936403,0.00684580648204319,0.0041629306558654934,-0.19033130987936403,-0.00684580648204319,-0.0041629306558654934,0.14208896214331132,0.4577241976169875,0.08976074480632813,-0.19280376690053874,0.47458324206242436,-0.13515402533055446,0.12299325150810451,0.8387749595088312,1.0241340924766378,-0.1577432675633871,0.8737941574197077,0.5008690950546043,0.08893075588026296,0.8727621541937403,1.0530952154362592,-0.12972165697457572,0.9062150924916214,0.533745981139052,0.05447304439436369,1.006424522484336,0.28582989146019844,-0.16031643008803914,1.0492626964877099,-0.14199846270454433,174.81720466949258,178.94941462540126,26.816640377000976,31.569105478561447,176.76167536833918,174.6866554780775,167.5227843796205,165.91710259793604,137.80547944729418,144.18204074997558,106.52450323223327,105.84856576938977,75.73451465592984,110.44532155178292,16.07999247712661,40.66925051084246,122.86089855532504,106.86113834022882,136.626960998635,114.17530972776952,135.8374850892361,149.08857596396606,0.22210284070329106,0.1514282875468509,0.19202711661145766,0.20427839034531028,0.1808086726808335,0.19549295201818565,0.3954490499324294,0.29454846611747376,0.2799027681186329,-0.11797983254959304,0.0032306607089825448,-3.7296923683650363,3.731559304191405,-0.08318184027031265,0.14543622287351657,-3.30190316065033,3.306151145333061,-0.2601707159583242,0.0724178641589718,-3.2358694432386628,3.247119369868824,0.033004515206635804,0.18086807051701287,-4.063480825566524,4.067638009546004,-0.07034371148294459,0.05931796422645212,0.0004261391543185522,0.09201652144992903,-0.054405696356474326,0.011582872760829612,0.07951598781258293,0.09704089372649702,-0.09898641216221116,0.024243966856999123,0.15067392543180627,0.18190302781080894,-0.027531118535283717,0.010904981129205021,3.0155617799331815,3.0157071690890365,-0.017143897156217162,0.015571046231397902,2.314373406011661,2.3144892812766407,-0.022712038524115206,0.010030483131978024,3.2696314712068846,3.269725738466803,-0.019642399318182596,0.03718618136733316,2.476116614555239,2.47647372786633,-47.80967914448636,-11.932435644625661,-32.718086148642854,-29.008559962914596,-14.28814867803541,-31.542921597094903,14.087880313713882,-15.688525124047917,-1.7308698538133254,81.47025281279538,0
133,4433,0,0.9046938775510203,0.900144409049641,0.3075259327888489,2,0.9998831152915955,0.998465895652771,0.5403165519237518,0.49478910863399506,-0.0003318777307868004,0.5494217574596405,0.2736999988555908,-0.5191894769668579,0.5640713673955428,0.15337154420196997,0.5845505436541601,0.008539245807272207,-0.557089494195132,-1.9821306091722113,0.2559106805163085,-0.37096928232638154,-0.8822134883756872,-0.2247578379273001,-0.38547209704972946,-0.8930225621891542,0.2838493312223282,-0.1456182025877995,-0.5849789475988931,-0.2946888930560037,-0.14782195622243863,-0.7547553118785089,0.2909262227091295,0.062048041013930105,-0.8954091929617332,-0.3523000349216418,0.061437566843399884,-1.1833760893614902,0.12941700630392144,0.004931641201977086,0.020906911314364143,-0.12941700630392144,-0.004931641201977086,-0.020906911314364143,0.09751501493741419,0.3067054301246696,0.07601218996760582,-0.13127769323624738,0.31737664506415014,-0.07682409601496328,0.08501716991761324,0.5628984052361198,1.042246938663073,-0.1015254131943106,0.5866518359105021,0.6721148787846088,0.062277593373443414,0.5875273213336142,1.100884272620279,-0.08336352621282389,0.6107810135897956,0.7193915504824678,0.04202997912317505,0.6739346532027765,0.4446271904324825,-0.10274427121960425,0.703485090314938,0.0365211128358335,174.88440927544684,178.9956634933828,25.665871329349848,30.46246604760038,176.75823715242836,173.3641851332841,167.4361060732595,165.6038434319113,140.0769307489668,149.33649316101582,106.41620791379547,106.247682550337,71.09348284057198,87.68534573856117,18.631810400006593,41.128191482534355,115.13367569222194,99.91386419302597,123.34919567955501,103.62798249666012,159.51218345173555,161.80355156922832,0.21865007370120407,0.1658370762013515,0.21836095705950728,0.28084253933095443,0.18028599083012017,0.19122293665308565,0.5843753352599288,0.4655547526835706,0.2811739109770032,-0.16281099030465832,0.02102463534384068,-0.5643579995993426,0.5877494411457119,-0.06833672523498552,0.019259976618217746,0.18304970228310832,0.1963365687311225,-0.22772767327048618,0.0028258020227605717,1.0379667986523047,1.0626584368623697,0.018976403005195434,0.08164662303346597,1.185953165545611,1.1889117653515924,-0.09150577313972265,0.04001164978200749,0.00019373890774493916,0.09987129803372329,-0.05290725014426505,0.010550022125244167,0.08702746620683981,0.102392675319349,-0.08360725460630496,0.04204836758700294,0.04060549492185776,0.10201492271910143,-0.033879821950739165,0.011146068572998075,-0.22524866190823697,0.2280548988105693,-0.01822728099245018,0.013679265975952183,1.1311974940878,1.131427031107414,-0.03206820198983865,0.013809312473643944,-0.16697067202943786,0.17058215618234496,-0.018276951529763007,0.034842527273929565,1.2592032100215134,1.259817753801136,0.2798601176230236,-15.86521625621288,-37.38808736994704,-23.198865902923473,-1.7639809296082247,-16.95631346651779,0.7850655024270756,1.7004369046267653,2.3014340320611266,69.41485261285126,0
134,4466,0,0.9114285714285714,0.9022372816548203,0.30720841884613037,2,0.9997344811757406,0.9969724416732788,0.5373661369085312,0.4970872104167938,-0.00035871611908078194,0.5452415943145752,0.2741010934114456,-0.30855606496334076,0.3804871049603491,0.1527895553382379,0.4100183962477344,0.01225521907223136,-0.8022586590829298,-1.6057077210202435,0.36191701143571625,-0.5329193895794109,-0.7531452168906952,-0.3235018696854147,-0.5547689631676659,-0.7501890318391894,0.3970666193705472,-0.2083876051122767,-0.4005916750206422,-0.418985316707517,-0.2181735218151962,-0.5156953638782829,0.4022124499846557,0.0814282847834141,-0.5079039326272411,-0.493427451009618,0.08628613612054233,-0.7463151218126323,0.1848234209348428,0.006745562039413851,0.022584934477764895,-0.1848234209348428,-0.006745562039413851,-0.022584934477764895,0.14199504401028246,0.4326642960214168,0.09975392025852094,-0.18297416077206313,0.4538452372601155,-0.12264977872763402,0.1268097702626367,0.796896880353751,0.9423856185657022,-0.13894582173653156,0.8307694070426092,0.6606923142839816,0.0945508578970907,0.829804145861817,0.9794421261299068,-0.11217603279811227,0.865157854202948,0.7127147312702573,0.06471745498960449,0.9556074787042852,0.5733623441410479,-0.1430923744354646,0.9977908460114999,-0.08986942180553659,174.8356754372557,177.9023103524912,24.349026610584477,30.0379803289685,176.64525262698504,173.56753878928734,167.5745987027807,166.0293314336414,137.9573740934102,148.76342102242376,106.07727740419564,106.29092381557466,112.32084604031886,109.79643553344229,16.724236901575917,28.255875485554395,123.56791016656314,103.43250946002955,135.30963039893243,114.466158728974,143.60468918692428,158.32009037208053,0.1970010921281678,0.172695572388445,0.12673193751318607,0.15955079071434405,0.1783443770742258,0.1932575844465507,0.37644158224794977,0.3568891976051992,0.2811797184301738,-0.1925043205716712,-0.01416989226839432,3.4254888322815877,3.43092297193795,-0.08383660174127813,0.01713544575136095,4.244172083797729,4.245034614249992,-0.20339150926959998,-0.08504426301415265,5.257317379339404,5.261937538570629,-0.0030736425029697623,0.04891139357837266,6.479628940126773,6.479814269979381,-0.12304133443690027,0.028500806039838577,-0.0006625873606596404,0.1263008509351546,-0.05168256474964641,0.018550388848603615,-0.059806199660941584,0.08119104595594394,-0.04123662834736828,0.06392820557551582,-0.05190330210016721,0.09209358150525807,-0.019346600148215175,0.0015799678973297535,-3.950471308693947,3.950518997302749,-0.015970041502767495,-0.0023646141166117594,-2.30136424747865,2.3014208726781145,-0.012139775859775798,-0.01836000983394789,-4.2626684281363305,4.262725254147783,-0.0077717339814598685,-0.01188890257878087,-2.398990873080575,2.399032920778184,15.300428612431507,-11.686099257515442,-25.510264089401854,-20.728675110547577,11.266883056901296,12.004403406772957,-17.339973220763618,17.702212442643084,-37.91014009663761,-28.186855568188943,0
135,4500,0,0.9183673469387754,0.9042559663454691,0.3078979551792145,2,0.9998358108780601,0.9981271624565125,0.5320727825164795,0.49669866263866425,-0.0003762710839509964,0.5394600033760071,0.2743265777826309,-0.24871055781841278,0.3334274030777318,0.1521148963292567,0.3664870731805158,0.016893999622720847,-0.8971163493132464,-1.4525395363083753,0.40419522285793247,-0.5952209013307892,-0.6887133879655253,-0.36388154524077426,-0.618312132324138,-0.6665010515470136,0.4400435175278808,-0.24006340936329887,-0.3066891711997111,-0.46286444452726594,-0.23785527619480135,-0.4278151028797882,0.4493408689833076,0.07820929734848525,-0.4669394510553959,-0.5399899643548279,0.10172493163440183,-0.702790419882202,0.20606304583379106,0.007650521932637249,0.023422821477820814,-0.20606304583379106,-0.007650521932637249,-0.023422821477820814,0.16858300629534928,0.4873791220495962,0.11042775559468213,-0.19443395649541892,0.5126956444974612,-0.13190286511148688,0.15456037671680783,0.8929069988946148,0.9403028251376087,-0.14235961557411447,0.9300728222379077,0.6514229942459531,0.11960805358882408,0.9285450029122196,0.9767550752116386,-0.111892435883874,0.9668179016387314,0.7089819690953154,0.08525309903474407,1.0719570475747446,0.49047392082945984,-0.1481422832379956,1.1214706566158108,-0.10688744618758356,175.90953799247976,178.21269484312927,23.95668363535992,29.07364481519369,177.51311831724075,174.1684801615379,166.27432786746834,166.78989166556838,137.53695136249206,147.44797383794716,106.06672955220041,106.61663374450414,106.24943451854854,110.41976711936992,16.13868608528889,26.666348614346095,126.27656268286127,106.3174983935854,140.24780992156238,121.44477562755316,142.32590805908083,158.86138595060544,0.19161507599089936,0.16855059478078915,0.1306381759984576,0.1626122960143413,0.17920960874613737,0.19484683886442464,0.3385480003590593,0.3258469620605763,0.28173501914220267,-0.1529339534133224,-0.08023185516471273,0.7390605647172482,0.7589706601773072,-0.08662111723600907,-0.024462813761696824,0.3946692641101656,0.4048030079453629,-0.09456321374693889,-0.1586204144492074,-0.5975886067347724,0.625471646178621,-0.022071510998170712,0.010952131072087047,-1.4056416589822307,1.4058575938689808,-0.133834223249065,0.01123369629703348,-0.0004361786726695377,0.13430556763220594,-0.07049539195957451,0.012301686984389545,-0.07652324527057229,0.10476993298144323,-0.06123976920967656,0.059144710426899776,-0.008004203216353438,0.08551300119551973,-0.018176747791802658,0.0058981909680722215,0.4673315517937947,0.4677220992416104,-0.02209775483430316,0.0016760470262214275,0.09605866759570653,0.09858188232435772,-0.003287151678284594,0.005812787297946289,0.5851045473298015,0.5851426536908236,-0.012571687129006425,0.0006289624456149413,0.11698790450594289,0.11766313233855043,12.364925793461316,-4.400619395675865,7.967953637233937,-18.28627648058847,4.129082426223819,1.6055979115013,-14.363271742202398,10.070291089412263,13.274463669249345,-8.517000194273814,0
136,4533,0,0.9251020408163265,0.9061588066996951,0.3077450096607208,2,0.9998164303375013,0.9978188276290894,0.5283992439508438,0.49783986806869507,-0.00038794009014964104,0.5335447490215302,0.2742798775434494,-0.2647054195404053,0.3462214255776449,0.15158908798342172,0.3779530752946221,0.01543064881000232,-0.8759982518998131,-1.8881426784240511,0.38359936972615244,-0.5806534896928991,-0.6847045708404216,-0.3563710950697004,-0.6023504604719521,-0.713974242629821,0.4273677001593495,-0.24228125018587948,-0.3034865485500253,-0.4461622897854216,-0.24301118232924898,-0.48940604925393316,0.44329752099415476,0.05822645919456079,-0.656851828472031,-0.5154772990136148,0.09355668889034226,-1.0587338023638582,0.19876418136820007,0.005119144936771196,0.02612872541068928,-0.19876418136820007,-0.005119144936771196,-0.02612872541068928,0.1652699395762984,0.4695606088297238,0.09472897902432569,-0.18562871456782587,0.5008424236929594,-0.1343969041100526,0.158070917773841,0.8635593234583515,1.1052585763109826,-0.13092630499533156,0.8995571134356245,0.7338507765803858,0.1257146667665465,0.8992432828284503,1.1663366360276146,-0.10019669006728188,0.9366774392228798,0.793996885556769,0.08698655050685898,1.03593354426562,0.44996757337374665,-0.14094641163016774,1.0850237478996698,-0.002800738883143463,175.6641254654176,177.60746885298093,24.882879504279153,28.81279980476907,176.92190114954204,173.67511384935793,166.61225949605313,166.70404093663203,138.84676315924992,148.1927820094074,106.03729450811483,106.25842223197671,82.17513666400872,89.8633508337045,16.388507089049472,27.582285328043376,119.65017811426263,102.64728101110086,137.6929391321342,118.69877935905662,154.28209944684457,158.67098769631085,0.19336229291425758,0.1637099934432306,0.17542302801027407,0.2513364059706623,0.17789257259227353,0.19562189891938836,0.409945279932401,0.3616953254655925,0.2800129225967725,-0.09652430360967487,-0.04285844889554121,0.15209965182073226,0.18517044017081236,-0.11835315010764412,-0.03981183875690817,-1.1158827127832383,1.1228475761803502,-0.020522962916981143,-0.11776432846531752,-1.063820087548461,1.0705152066819947,-0.04821970607295193,-0.008475599866924885,-2.7795993920528597,2.780030531513547,-0.12290861570473904,0.021703541278839163,-0.0004248735918240124,0.1248108650561582,-0.05664518385222478,0.00020319765264337764,-0.17262396938873104,0.18168035928646756,-0.08250592332897785,0.061895811196529656,-0.3406317961035361,0.3559049583031467,-0.008732080459594747,0.0034245577725497242,1.9840051730473884,1.984027344444599,-0.03629335851380328,0.003983577092488617,1.0865357789126335,1.0871490586004968,0.0015849416906183456,-0.0006339766762473383,2.2247329805836586,2.2247336354861087,-0.02128698609092024,0.01042990973501497,1.190490343353968,1.1907263230536915,-5.76269197515292,-17.24315058037356,29.045488864047485,-5.972971364023495,4.510619062659093,-9.69855601964903,-6.279284185438037,0.1271063998591206,-3.772217189568522,-2.934435091326085,0
137,4566,0,0.9318367346938774,0.9095089309143297,0.3186630308628082,2,0.9998577345501293,0.9982813596725464,0.5239608138799667,0.4981310963630676,-0.00040431274101138115,0.5273475348949432,0.27431847155094147,-0.27980633080005646,0.3580070510478722,0.15345353423354383,0.38950871077391735,0.015287101789705777,-0.8506505853200301,-2.003518693179417,0.3678972339393567,-0.5643519302660104,-0.6677394612111788,-0.35050752777208044,-0.584852791586969,-0.7668986371455918,0.4185057250330485,-0.236814287011774,-0.2627181247078903,-0.4347352707164507,-0.23422043351551244,-0.5915372774222867,0.44013155104400253,0.0499547674786935,-0.6195274976302418,-0.4954186343205032,0.09059887024976548,-1.1321675486644645,0.19307192145934254,0.0042705505116025794,0.03882618382830216,-0.19307192145934254,-0.0042705505116025794,-0.03882618382830216,0.16984698220477132,0.45492981386177195,0.07472285938192044,-0.1760960719205221,0.4892034779408072,-0.18175293621532723,0.1647717487274691,0.8370350924580721,1.2209770929674586,-0.11926909614923484,0.8720989786222785,0.7971002985070388,0.133633417782259,0.86987904217968,1.2960647942919234,-0.08805991454069509,0.9077645598366192,0.8688717909221804,0.09570229861846831,1.0057574542795273,0.5252528068818091,-0.1261286798635895,1.0548061596036316,0.0617338755611885,175.52920032211966,177.07464690482462,25.87368590038705,28.67942870516814,177.81081917537625,173.52837546424107,165.85989511122943,166.79828068795908,137.28798502798054,147.25430112191964,105.823143621008,106.43907355126436,78.09060084352531,95.4651308915747,16.46046316849587,32.89450121016789,112.97126328871262,95.303132364943,133.0976920480746,112.41467191042345,158.82090898155423,161.16367018804198,0.20384536013864574,0.15618715013093257,0.17850258037499486,0.2467995369608463,0.1763239038617857,0.20022144034885264,0.4706337171857206,0.4100015249701655,0.2825907115902648,-0.0693922612204488,-0.028705863810297577,0.580494639588832,0.5853318196764552,-0.14396968172557473,-0.008312179081475645,-0.5626896424080069,0.5808751976547945,-0.02154930314021347,-0.0800597133921162,0.7269618226521128,0.7316743960040822,-0.0696720472022676,0.01311924920153276,-0.22773733779565855,0.2385175127474308,-0.11772784724164491,0.0006171749598944431,-0.00034266415594229425,0.11772996364480441,-0.04530486775868023,0.00010141685827454633,-0.10239252292398306,0.11196771891375229,-0.08948703310382995,0.014261523289467124,-0.33655740431885584,0.3485429766070574,-0.012093515538457745,-0.0025469865371932116,0.4484399930754752,0.44861026253088754,-0.04712014055963823,0.0014073813139502832,-0.06169614507191283,0.07764472091042271,-0.007203265802184225,-0.01524722398217061,0.46012517231614336,0.46043407679747167,-0.02875212413161579,0.00041901175655536247,-0.07839834512169766,0.08350545329948691,-16.29633950004627,-34.1618234876898,32.7118782720231,7.571948993262046,11.677898422240416,-8.961268399367192,-14.686040822382951,0.258673942939248,-28.97534238444897,-28.133699592364955,0
138,4600,0,0.9387755102040815,0.9117696691643108,0.32484135031700134,2,0.9998433138384963,0.9981080293655396,0.5205114781856537,0.497881218791008,-0.0004108985885977745,0.523231565952301,0.274302214384079,-0.25654231011867523,0.33999745596319064,0.15356789821312203,0.37307019369421296,0.013746031474886544,-0.8891645323411207,-1.896721840879935,0.38071518432475643,-0.5887854457239592,-0.663410082831255,-0.3661330074978569,-0.6098040325348457,-0.7096902926976225,0.4416418776014161,-0.25071846738913744,-0.20314561780899748,-0.4567146217930536,-0.2477954336091138,-0.5968039599236871,0.4663723522432605,0.04449971634593745,-0.5348317055082271,-0.5135936749778869,0.09702645203638609,-1.1134289114399791,0.20089320733083746,0.004628915686927434,0.04450692337645975,-0.20089320733083746,-0.004628915686927434,-0.04450692337645975,0.18043955984635163,0.4756137674644605,0.07764160443234652,-0.18298649996847166,0.5098480361761423,-0.19653703793202051,0.17911077014678303,0.8742936549025678,1.2003218791422374,-0.11995941787548657,0.9114727657138586,0.7324371638719099,0.14720927267513992,0.9081638125495247,1.2642979027310248,-0.08552887428753699,0.9489014339990853,0.7903709249083366,0.1089378286696746,1.0506866930324565,0.47875779770830396,-0.12505497568277169,1.1037523258801305,-0.022080197135425552,174.57227071891452,175.31862667930574,27.074575348504677,29.320120387317623,177.70432034383214,173.07470886660033,165.62829476095348,166.72137209080896,136.90541521949186,146.30782413671898,105.53839245204372,106.59199742883945,78.40122391686705,107.1389499341973,17.492091367190934,38.44236789999714,113.55449447684995,97.02009434944472,133.5856409786355,115.74478090950251,154.9360593777538,155.30435859941358,0.21426208260717752,0.1454488581250282,0.16591393865707602,0.23269494844151564,0.17630990645467642,0.20025229952668624,0.444464001081144,0.3783064036231869,0.2792713516183224,-0.023042088124289383,-0.012617502639542732,-0.45185925355597995,0.45262227543742667,-0.11964520411704872,0.025853737076716572,-1.2631064920283044,1.2690237983556854,-0.03246229086349251,-0.04975386519930243,-0.5029359860206705,0.5064324767083568,-0.0550448894500731,0.040190433388325605,-1.6350025561318426,1.6364224910909075,-0.12978733475528514,-0.00500456610722327,5.2202715357737625e-05,0.12988379679515652,-0.029297017339450136,-0.003625207872533077,-0.12817119818125167,0.13152685429342864,-0.09771069483970503,-0.00755466631988979,-0.031331248247801285,0.10288877483004737,-0.014188574321234368,-0.010311603546142552,0.8287887964675654,0.8289743747300743,-0.04968847801436226,0.026660179024311965,0.6693672778001455,0.6717382396310108,-0.00965239396735801,-0.015808575188935654,0.8941479583284725,0.8943397850603434,-0.03620359435010303,0.040863876912131135,0.6826141876960851,0.6847939003263264,-46.38515485119111,-28.376357603422647,45.79693539155509,-3.1817666405454803,26.891742375845915,-6.218194128392573,-35.5567411001091,11.797833756496633,-7.436013145717976,13.549601608180396,0
139,4633,0,0.9455102040816326,0.9157104609590588,0.3423739969730377,2,0.999848130977515,0.9980838298797607,0.5152650624513626,0.49779579043388367,-0.0004008151590824127,0.5194243788719177,0.27456194162368774,-0.3500469774007797,0.41485309440577517,0.15630424338638624,0.44332167377496634,0.01673322287737986,-0.7479464953332092,-2.0936555863936066,0.3248749774733495,-0.4949486102382057,-0.7343629593945491,-0.30611065049994546,-0.5121478707856896,-0.843029633502592,0.3838376668671052,-0.20921894836467492,-0.2991260600748447,-0.3804317768536685,-0.201125724404513,-0.7106364824635456,0.4014147322044895,0.03712792541431764,-0.620343154428896,-0.4239858793989754,0.08643185384663017,-1.2418472266767224,0.1696696774298897,0.003901338643608574,0.04768966587333027,-0.1696696774298897,-0.003901338643608574,-0.04768966587333027,0.16441724969955188,0.399916252192163,0.046273931496371844,-0.1498727064391084,0.4294357134932888,-0.16443374504658423,0.16224144367999377,0.734628842876694,1.198016240950205,-0.09268603568314253,0.7710240824538009,0.8014984167907531,0.1355684255130251,0.7626552357821459,1.2738672078028186,-0.06322721137854523,0.8045069983461987,0.8665598973142854,0.10370133096049322,0.8842029692491935,0.5089175137850693,-0.09332232079638228,0.9290916907435915,0.06227980032344466,172.42139494708985,175.1734309453953,28.942080571621247,28.46625034025159,179.61256591455793,173.11175645763876,163.47759345752212,167.58873554964435,136.78977214721743,148.16212442966773,105.96507622595041,106.34421064814401,71.21107780300252,96.11969454864938,15.97734797917124,39.895682202990216,105.99974446650619,94.52754023869943,121.97665032195422,107.67754268730565,161.4122536595339,159.80787778614163,0.23228921863681246,0.15343436256380344,0.17962798875554367,0.2684828583536388,0.17557855718734444,0.1991506855761803,0.5317176573257535,0.4549132498151149,0.28394991072979214,-0.007236545736139391,0.004467187505779796,0.2793964337218861,0.27952583160579514,-0.11475429390415876,0.05245479670437842,0.9696138176050947,0.9777888365886909,-0.045446735439878025,-0.038561495867642064,0.6200375430511638,0.6228956168722142,-0.07209813956058307,0.03985744534116759,1.5853819521990515,1.5875209264874894,-0.12444704771041734,0.02104585820978315,-1.7497575644290615e-06,0.1262140873067933,0.006105863686763812,-0.005056460698445582,0.07065597244284293,0.07109933760591616,-0.07382531960805176,0.0016589959462483541,0.2490458727786008,0.2597629242806519,-0.0024726896575002688,-0.03377235297000732,0.2720590793725186,0.2741584007253753,-0.046414859367138905,0.03562912796482856,0.01804259690371407,0.061231603217908014,-0.0030560926957563586,-0.04447951461329556,0.2636417294993516,0.2673849817327232,-0.03636921897078965,0.03793384089614364,-0.04061153440764412,0.06641530772813184,-53.761556527618225,-11.531622189515733,41.66146972983705,-8.268145152261651,24.796741677310965,8.417408270097123,-47.664860287966256,18.557689777718352,-22.98220760638384,-9.000219813737825,0
140,4666,0,0.9522448979591837,0.9179239498846459,0.344931960105896,2,0.9997799811941205,0.9968194961547852,0.512297973036766,0.4992702454328537,-0.0004110140725970268,0.5162866115570068,0.27488434314727783,-0.19554068893194199,0.2973895297290589,0.15548922034081716,0.33558520532744884,0.022223646188798126,-0.9922028809941228,-1.6319486040012687,0.43022512495311016,-0.658384659915872,-0.5748219293690335,-0.40645388321229,-0.6788965951777801,-0.5880998667151904,0.5140253837537969,-0.28198436032276963,-0.17088743473816856,-0.5058235225193236,-0.26929703406998906,-0.4727715613251143,0.534003411205258,0.03774729107931324,-0.47262862642476255,-0.5606667423930211,0.11156404218957355,-0.9259997472871139,0.22405394197692097,0.004661880165588183,0.05872405616540222,-0.22405394197692097,-0.004661880165588183,-0.05872405616540222,0.2262707428359331,0.5236064180249044,0.10021055021397052,-0.19347031365270118,0.5629854049051574,-0.16950976032001447,0.22310637106250467,0.9611713988628363,1.387904839890406,-0.11801223117971904,1.0161527136542392,0.8177994652845031,0.18752672615606208,0.9967190732417073,1.4573715566894336,-0.07776009366867491,1.058215448710093,0.8706688603087331,0.14599274810343552,1.1630310009679,0.6031282070972135,-0.11458205999234049,1.2229803581299004,0.014371212829893393,171.02400798809168,174.5575396147977,29.824232350673952,28.774422807268348,179.34090529453468,173.63025781242675,162.48241398194767,167.94617961613838,135.3885895174705,145.71380962901227,106.08085563228747,106.32979200421534,90.03207386053798,114.85028413275474,21.55527004275729,33.57051737753846,113.3378415081191,103.77447278512881,139.1066495311151,130.50096201611197,154.3219536673764,150.1769173563065,0.18740645893315,0.14664218884402042,0.14768616379237084,0.19951908624445117,0.17470730705185106,0.1943592557349485,0.45639954468095606,0.36543888942992614,0.2808968058182872,-0.01534775121888114,-0.010470400995282958,0.8291008312310725,0.8293089720439144,-0.11246106517848656,0.017067389701729347,2.337276268361214,2.340042551240646,-0.08775849840534244,-0.05417973247926613,1.7240510058047123,1.7271331355949735,-0.09301571703668828,0.036647960321227024,3.894474079359813,3.8957570960491132,-0.09941031683736748,0.012708688849833442,-0.0003441306414888857,0.10021995954841571,0.008894436394990357,-0.005416905702050038,0.18607677697245706,0.18636797148283543,-0.050930834528225444,-0.00014322907177369949,0.3948928371294211,0.3981636889979195,-0.009397962200107836,-0.08605665235377048,-2.1608734308783633,2.162606772712941,-0.029526984513695485,0.017171475424695326,-2.6827619146944803,2.6829793501475048,-0.010552690989935548,-0.12027238731953604,-2.3889096815194595,2.391958668726547,-0.01725020693309267,0.003479309936067942,-2.972383330117403,2.972435421736978,-63.92620046907462,-13.606912616839063,34.453678742375196,8.010531926091359,-36.40748381473735,3.391736408212601,-48.218401776810964,5.975075759991228,-82.15588829548108,-46.49486332966289,0
141,4700,0,0.9591836734693877,0.9182841299158154,0.3369191884994507,2,0.9997455658334674,0.9965890645980835,0.508604571223259,0.4986472725868225,-0.0004238719120621681,0.5135181844234467,0.2748879939317703,-0.1918967217206955,0.29454067731427147,0.15196391607618473,0.3314321082544048,0.017197034660227123,-1.0018468511064234,-1.530438316603383,0.4394706777596947,-0.6648973355989504,-0.5870098682649766,-0.4098198800378515,-0.6853597643154384,-0.5684174125563505,0.5304125474014187,-0.2845357798638552,-0.23243449037682581,-0.51150159561692,-0.2681434828182588,-0.4779862426500637,0.5392854776054861,0.03614040254730973,-0.4811757443607468,-0.5658283758721103,0.12045014441600702,-0.8737384333649215,0.22394918493618884,0.006217417467570957,0.048633896128554135,-0.22394918493618884,-0.006217417467570957,-0.048633896128554135,0.2418176960070819,0.5312615255776896,0.0995812920693856,-0.19066859300351852,0.5718126761525836,-0.14004728293511645,0.23520948691168983,0.9626695857780729,1.165702092252351,-0.10984917967267316,1.0322195253096627,0.5298208102195169,0.19929837995824662,0.9932407130698078,1.2210616917981887,-0.06796343882163527,1.0742381676853023,0.5582988284186133,0.15847746986115666,1.175458234802053,0.5942554797713873,-0.10488533470474651,1.2416232318491285,-0.1399159662477075,168.13833951566184,174.26176780006708,31.25047704736039,29.002955979299713,177.17326449897052,173.339002796989,160.24696053847578,167.98906562556377,131.2853276314202,145.0469685865803,106.21360604688624,106.89642418841426,99.28704719239873,122.62726612668968,23.04896931104341,35.813869000766594,117.54292686108575,115.6931265198702,139.49201260806797,133.20954581364978,150.01353430949857,141.0521106668183,0.17496006707047349,0.14544787460288167,0.1345402725467981,0.18470500645347993,0.17493407279133694,0.19427203214736088,0.38118585041872244,0.270727393017829,0.2816312706839781,-0.0017925874510807968,-0.055964758147055246,-0.4897201016767754,0.49291078859215426,-0.14314811621139453,0.004859112981540106,-1.8533056796486898,1.8588321431403994,-0.12329532139337017,-0.07907401269941272,-0.644097354874689,0.6605420791429206,-0.08052898876702694,0.012849693867697782,-3.164642782353677,3.1656932846641284,-0.10506141541609236,-0.011082460631185622,-0.0003928374221075869,0.10564504845999513,0.009612360996986606,-0.004279079721934805,-0.24987793346839432,0.2500993595386409,-0.05491500470175731,-0.0024873818924178205,-0.026788340130848957,0.061151124086469645,-0.0137926927253383,-0.06729008546516149,0.7854993663617118,0.7884969553074856,-0.022271231039246754,0.02287128078403782,0.32033671194048413,0.32192345710362036,-0.02009833036963641,-0.09959491331185974,0.9657478154595321,0.9710777171298405,-0.025008596591095694,0.006746889939948766,0.4349835773012578,0.43575413130470403,-110.17129265659393,-56.22352811273259,51.407867957321535,24.920239055182407,-52.478192174535664,-0.30523332721152496,-49.10953080694713,13.269837690227268,-89.9653583865067,-17.91000239468925,0
142,4733,0,0.9659183673469386,0.9223383105162418,0.3526960611343384,2,0.9998462182102781,0.9976615905761719,0.5052588582038879,0.49852772057056427,-0.00043733417987823486,0.5108007192611694,0.27474363148212433,-0.3114606440067291,0.38320429278489343,0.1538810760165367,0.41294662556410056,0.015548141897974314,-0.8042625302175676,-2.0745704703455248,0.3514614181305781,-0.5342052746582767,-0.7035349453853945,-0.3246208498139773,-0.5496349857276387,-0.8028258798277013,0.434483088895816,-0.23643949931358207,-0.21826603245983112,-0.41724205732888453,-0.21626043055420302,-0.684834999010177,0.4310047877283582,0.019644181442950045,-0.48852651849649686,-0.4516510845099408,0.09454659256130157,-1.265917988608866,0.17951154651156628,0.0049333548853534625,0.04966588679615061,-0.17951154651156628,-0.0049333548853534625,-0.04966588679615061,0.20248683858269637,0.4266178312606913,0.040958505500138596,-0.14908940188080197,0.45891025920863276,-0.14203643466843086,0.19611784368627033,0.7719859435657141,1.255404636410148,-0.08247123083237624,0.831295611779338,0.7166308257809818,0.16618060870660048,0.7956327045152164,1.3411025119204203,-0.050204062354278996,0.8628621547338714,0.7781969585207433,0.157133243967725,0.943829436731725,0.6270190315033105,-0.07576087224348453,0.9988070336971576,0.002317486866470309,163.64253138009997,170.79056323124465,33.26855950381446,30.44407882396555,175.82486641884083,173.60980717950358,159.19207541788225,168.8352587413836,129.36091050557462,144.5138394685681,106.11506062773763,106.49144150130334,75.07228282551117,99.12095606588349,19.242235175517727,41.639371086890414,104.65325009194359,102.39326059016449,123.01763181751429,114.86929467528162,161.6727629624493,158.76794516215986,0.23759434958966655,0.15095960178848736,0.1537535547618559,0.27249547371427546,0.1744285178451218,0.19570739276182458,0.5213930065294338,0.38747032858575065,0.282252567618609,-0.006128441203724269,-0.12001575845660616,0.3395912547906248,0.36022709559356164,-0.14981356534090945,-0.018467054222569366,0.195556066252969,0.24703706503306314,-0.1246748548565492,-0.13897184169653726,0.3816404125907214,0.42486044384061583,-0.06677752191370201,-0.03384098862156732,0.3138410322593928,0.3226463132804422,-0.07715663223555613,-0.003436523856538723,-0.0002827269561362996,0.07723364246674597,0.003800247654770369,-0.0006655851999918637,-0.24092369571779773,0.24095458502426972,-0.03319391698548296,-0.0045263406002160386,-0.007599253546107918,0.0343521838974807,-0.009394053256872951,-0.007050506996385996,-0.2970849022720807,0.29731699756911106,-0.018320751912666133,0.021087400840990523,0.1254377491546403,0.1285105339567793,-0.0304227525537665,-0.00653754581104627,-0.30530853704972777,0.3068901858541981,-0.02722532460183815,0.004695220427079646,0.1408701593225656,0.14355370138766654,-117.82750857993463,-77.60247700260173,48.96009472784011,36.10411815332933,-33.32965242989234,8.054674221671313,-23.469065736836775,17.529434554947226,-40.01961553231677,-12.587656838175866,0
143,4766,0,0.9726530612244897,0.922819890759208,0.3470245599746704,2,0.9997366847413959,0.99620121717453,0.5035122334957123,0.49842046201229095,-0.00044253189116716385,0.5086877644062042,0.2745964676141739,-0.17869016528129578,0.28617509569792315,0.15268996830805906,0.32436154491497843,0.020208167987331004,-1.0234029806335638,-1.4929030999292752,0.44459908239064033,-0.6807747010891031,-0.5547275929926405,-0.4126869707878389,-0.6993148804720265,-0.5443400134145915,0.5564272715659029,-0.31445935708694756,-0.1683447721759258,-0.5374355022308662,-0.2770469441833719,-0.4485569576518332,0.541372190549939,0.009349933367633918,-0.4139521663070977,-0.5760506236742511,0.11688916649719049,-0.8288676852716418,0.2279156571725214,0.006225647562617101,0.05843579435716964,-0.2279156571725214,-0.006225647562617101,-0.05843579435716964,0.26356176992565467,0.5434059991735406,0.05278718733280341,-0.185879477687024,0.5840555264601992,-0.14458883221103802,0.2541247803058077,0.9829188831960973,1.1307202231912254,-0.100271988518693,1.0597103074437433,0.5669512383153363,0.21315201935657851,1.0142607878318968,1.185613255899338,-0.059285078057230774,1.099309463146972,0.5991901668987414,0.22276394840039773,1.2025316249662557,0.5609391656954836,-0.09103741042773825,1.2720501999261147,-0.11348825026277166,160.36172394938617,169.14000431789538,34.48184329939783,31.385827777419443,174.97350743859764,173.8706112956193,158.69800219984455,169.14600830619028,128.6440330062873,144.2161832352607,105.94086292975241,106.49204477613235,95.71526846906231,123.00593649137826,25.546501660406683,35.91936910488093,111.49655354964264,115.69996939909394,134.63814851060357,136.37162481549473,146.74692044700606,143.51613991238258,0.17646703742961756,0.14615962997577775,0.13191672937235802,0.17804850083894022,0.1746334610551764,0.19397288229031495,0.37759922886704117,0.2790009710197968,0.2781560564696544,-0.053056140444171826,-0.09087350831102946,0.978756807188487,0.9843971943120254,-0.0734960854943117,-0.017259547959512695,2.669598406820148,2.6706656886018934,-0.10495310399069688,-0.11129432649754738,1.1794301333712078,1.1893094721946218,-0.032880857809265966,-0.03659191416270688,3.9467059854251136,3.947012573375309,-0.04110629878826985,0.0003291599786103653,-6.477557011504655e-05,0.04110766768179044,0.005964912585358106,0.001242801324645082,0.006256791860309983,0.008733394624471308,-0.014588014403385866,-0.001485668011565703,0.19862263727543908,0.19916317283053267,-0.003959705580526314,0.00040744667622580354,-2.0509428942381396,2.050946757160457,-0.004090479950406648,0.012693120472466735,-1.4983835949826558,1.4984429402038306,-0.020618758984466044,0.00856883490263524,-2.2786433127388968,2.2787527081373575,-0.0036599031135217375,0.004252391075020395,-1.677714177032011,1.6777235581390795,-43.1620696364509,-30.888446240486513,8.649722163535605,13.799756360324073,-18.528305432278223,5.869372289684344,-8.632923684394827,8.636340630091695,-9.246890365187772,-17.01252869408776,0
144,4800,0,0.9795918367346937,0.9252637660864628,0.3522361218929291,2,0.9997988686417089,0.9970222115516663,0.5025047361850739,0.49854977428913116,-0.000441674143075943,0.5072701424360275,0.2746128588914871,-0.13320160657167435,0.2603759797542666,0.15264682105433025,0.3018223033690303,0.01832667891133384,-1.1000961197120513,-1.534238732813518,0.4762812591884258,-0.7323612056288703,-0.4579886336781121,-0.4447036971742155,-0.7515378495303647,-0.42173384505651124,0.5917975048214302,-0.34373693066733285,-0.08134314548884448,-0.578051434169105,-0.2997871842546418,-0.344351187865075,0.5755182264759628,0.0020980054749576557,-0.4065611356182791,-0.6161131389544422,0.12116064313707514,-0.855877507284142,0.2461870076222897,0.00666696226221454,0.05738845395559083,-0.2461870076222897,-0.00666696226221454,-0.05738845395559083,0.2874871303656072,0.5838919318672345,0.05744181744936056,-0.19809417558899634,0.6274680412535818,-0.15022551096031633,0.276570096299375,1.0562315376585627,1.2623529478088062,-0.10461836737626241,1.1401049532872898,0.6478743227326892,0.23191257234840906,1.0903962201080883,1.3290568336572048,-0.06037555682662942,1.181419887223512,0.6922990641018355,0.2598387803464547,1.2979940469950597,0.6129948027429372,-0.0944401156121191,1.368736648924725,-0.09768084164766037,160.75067271445775,168.72103733313205,33.848090888771345,31.368662500107266,174.58346995487818,174.00305512291243,158.6136695310278,169.41389356359974,128.74136885110704,143.37400004606422,105.74258237282459,106.47436032789918,92.1861962446541,119.43487211365814,27.909864441431065,33.796620255846264,111.31596944980475,114.6488745598298,140.81432693161545,144.85204763203723,149.21222052224314,148.11679660220588,0.16702385234997316,0.14407024040526875,0.1433683133548767,0.20027563123656406,0.17466474390186137,0.19398015002368166,0.39062787893743517,0.28768236423091526,0.2782492993899988,-0.11739357193904107,-0.027427032812317734,0.48793123951598655,0.5026036085794667,-0.024717245528947,-0.009295210909487572,0.5868995812401828,0.5874933715645583,-0.06783364424064961,-0.045315988028227276,-0.15913417090230872,0.17882568722279987,-0.007114748456584856,-0.02272004511818951,-0.15403263604462997,0.15586171134255675,-0.0191938076446305,0.0011429413041072077,3.78506174728051e-05,0.019227844377177426,0.006466659147347961,0.000193937500910972,-0.03440461274403236,0.035007608749371505,-0.014113846109874177,-0.004159870432383968,0.010291031047479403,0.017955792771348688,0.0021261955375101974,0.014902940436975242,0.25638359696117735,0.2568251684159541,-0.0013989299090940526,0.007709460471993042,0.23699585181563587,0.23712533935342847,0.0010017138808520846,0.01326959524581678,0.299556486642182,0.29985192058430216,2.8467890041977538e-05,0.002004317383267981,0.2964087831440249,0.29641556103469874,67.1314412940862,-5.916094917527878,-43.218261230778786,-0.8420851961336377,-6.621773441061072,0.9464874435083711,-2.06835102914471,4.196810218171912,-5.178696739143711,-12.176393048570588,0
145,4833,0,0.9863265306122448,0.9289833758816575,0.37068402767181396,2,0.9998362768780101,0.9973773956298828,0.502226248383522,0.49849703907966614,-0.0004399958997964859,0.5069332271814346,0.27461838722229004,-0.1394972801208496,0.2635919852761365,0.15322281816946307,0.3048900895562322,0.011442499056840475,-1.0887338715965749,-1.6924946110782524,0.4726561022038225,-0.7248303110004226,-0.46115072079305264,-0.4417795407205443,-0.7437556452255188,-0.4510290383027653,0.5703833321815568,-0.34082023228350483,-0.0718807008684382,-0.5729719860303654,-0.297034026784594,-0.3482398918545603,0.5652576352996391,-0.000262354979805998,-0.47536700795047243,-0.6101850458616033,0.11911023605725016,-0.9156595609175522,0.24475016890418377,0.006530038906832972,0.05651627466645249,-0.24475016890418377,-0.006530038906832972,-0.05651627466645249,0.28603276110288184,0.577901454290092,0.04858960358903808,-0.19663412876090394,0.6201902618994171,-0.15156968195285125,0.27503926636785164,1.0487156466347587,1.2592646878905263,-0.10276529599549537,1.1288304902595108,0.6552307617557195,0.23120272077408238,1.0817002362456434,1.3271507006271974,-0.058847131024625514,1.1697048878249487,0.7025846626376181,0.262026889459605,1.2949584726623133,0.5711613371257472,-0.09261516890791906,1.3562560910812185,-0.10915840862246638,164.85953051608996,168.743625958421,31.586219796935644,31.32940806927849,174.52984861804654,173.93402595433437,158.55942268089186,169.4271945908078,128.29706032476466,143.40036490100647,105.77972403380224,106.49135230877249,84.75961385424529,113.21924161677595,26.378734613369637,32.865188334731606,110.3619487464051,113.87677597091522,139.76453664468008,142.6311288560131,150.00671420778409,149.50608449829576,0.16935690821158997,0.14537128479554726,0.1609886483297059,0.21483957227577907,0.1746763136380006,0.19382202292418035,0.39606631115887186,0.29219435583968767,0.2788791436455264,-0.10732629082419683,-0.0018341974778608887,-0.11237343829689632,0.1554029813650119,-0.01079205310705939,-0.027289444750005616,-0.034877409537633346,0.04558087209658233,-0.011220122828628106,-0.006568702784451588,-0.3472831890438551,0.34752647727191943,-0.0013352343530365948,-0.051877715370871935,-0.11194610234462882,0.12338966744842471,-0.004163745677832412,-0.0017488544637506702,0.00023256253563996575,0.004522096343293896,0.004561561526674224,-0.0015099843343098997,0.13257766311818936,0.13266470764348595,-0.007950898372765762,-0.03946730584809284,0.04446258147557588,0.059981715274850016,0.0022631703001080193,0.07478305787751187,-0.14401520743514587,0.16228988772534989,-0.00040413755359071775,0.001085527015454844,0.008186833425001684,0.008268369705826499,0.003932100353818961,0.09327946287212972,-0.19943759296879673,0.22020870349759786,0.004580978191260147,0.0037894104466293893,0.001030663649241132,0.006033842911419893,99.07045382739523,-2.739392957294771,-49.1049776649987,0.47849650663686827,0.6140895788259949,3.05024965119486,3.614804299876998,2.086173600949256,51.20150568038542,-4.331849780240143,0
146,4866,0,0.9930612244897957,0.9317722817262014,0.38546285033226013,1,0.9998035575404312,0.9971176385879517,0.5022299289703369,0.4984343498945236,-0.0004263250157237053,0.506443440914154,0.27453838288784027,-0.1466716155409813,0.2674599834098094,0.15346201358331513,0.3083592585582945,0.008364695809912379,-1.0758377689339065,-1.6972703972582883,0.4659327315861072,-0.7165723055739694,-0.48550405018402787,-0.43860414113925617,-0.7356037572009151,-0.4630342956987199,0.5571713943562646,-0.336468265266412,-0.1037204841495824,-0.5672159299992418,-0.29889855703398827,-0.3445660342514034,0.5618074082284498,0.001021908202917555,-0.47232328517663263,-0.6024466586677739,0.10786275633474231,-0.8617439079816265,0.2433654064994725,0.006468509307132697,0.051487761983361816,-0.2433654064994725,-0.006468509307132697,-0.051487761983361816,0.28326017697595807,0.5715650441220193,0.08455072311632492,-0.19470533402769666,0.6060931414352565,-0.13757403844832702,0.2720826361915611,1.0502209121780635,1.204717910177615,-0.1015958548690326,1.1165423534579872,0.635842436436727,0.22872902514515894,1.0876202298906268,1.2581453412274695,-0.057223959921751874,1.157560174326292,0.6777937325381977,0.2610937524093011,1.291038096075926,0.4709851626613154,-0.0914282862528381,1.341615955890634,-0.13545905283145268,167.28932266706582,168.5402373979506,30.60716236288144,31.4002432695453,174.6239998670807,174.2043715998913,158.85224661481968,169.5515810212624,132.12066822601247,143.08809796056838,105.5869478193065,106.51281722782923,87.47686676352335,112.95686796674093,24.96973857516905,32.24225178666656,116.37278058499636,115.70263726846979,142.463719545399,142.06036848312587,145.09123363385203,147.0874702189828,0.16849012485773612,0.14505579829638937,0.1541145933065711,0.20318252825188574,0.17498371687453765,0.19133447879012666,0.3756432063024357,0.2871884079748129,0.27907007635209247,-0.033147299467627594,0.05573345654046343,-0.3043634455595436,0.31119458323181265,0.010541125909605997,-0.07010173441758778,0.08880980868837704,0.11363340452112798,0.05184358625269635,0.1594713374749934,-0.06931264009048672,0.18144725676602924,0.04895320579187182,-0.20193341952651242,1.2728462913143068,1.2896942287191786,0.0038327121022921793,-0.005401337324683332,0.0004516566978461695,0.006638382387809815,0.004360035284241622,0.0036287663587883244,0.40391095872245514,0.4039507896131153,0.0007997697858668065,-0.05321894119034939,0.12810222470938237,0.1387194121549877,0.0023726207106860658,0.21326719824947474,-1.6023578928477689,1.6164898217897197,-0.00016280074617755906,0.011568638815808623,-0.9062170092739253,0.906290862695587,0.0013975954767483348,0.2917896455793231,-1.8351892037178106,1.858241793734829,0.005129557936938828,0.0359602828524005,-1.0123948997526,1.013046340180216,51.75992682801443,-8.972262234628529,-16.007282668316225,-0.039643515128020224,2.9808647962644383,6.449828062937612,10.919715059615564,-1.8686200076147108,175.00348510002019,36.989913103249144,0
147,4900,0,1.0,0.9315500801259821,0.3828365206718445,1,0.999607017545989,0.9942675232887268,0.5024830400943756,0.49813514947891235,-0.00040973490104079247,0.505251869559288,0.27447135746479034,-0.14702225476503372,0.26744791877225726,0.15150954554194632,0.3073817360318258,0.006894014461411161,-1.0781866793647907,-1.4538443030186952,0.46107988960690416,-0.7178470970632589,-0.5058309757816377,-0.4430643139213941,-0.7374364529715047,-0.4481132744962182,0.5576992526233996,-0.32473198064114633,-0.13773858435103764,-0.5668652232183351,-0.30872900536615555,-0.32615762057132663,0.5711405689983842,0.03567707021198665,-0.4867201917794678,-0.5954039513345283,0.07530662468715996,-0.6308933234464881,0.24396337290520506,0.005594811961124127,0.03448253865194254,-0.24396337290520506,-0.005594811961124127,-0.03448253865194254,0.2838291107602813,0.575185257856927,0.13613776265835073,-0.19570129650349768,0.6047401756302476,-0.12251705756500217,0.27249153288165706,1.087877905895943,0.89969263371508,-0.10280317909621987,1.1233790989933385,0.452292861659146,0.2287978015104366,1.137710659947251,0.9162781170961697,-0.05808744074324377,1.1692388142344405,0.47611931443801075,0.2597172697307005,1.3076771788053243,0.2283086296511255,-0.10542621077105312,1.3471161189435152,-0.19116957183453065,168.32744561356694,168.1424843887009,30.513731858158454,31.326751953764912,174.72956655939626,174.3661644345512,159.2910435898861,169.30199705029762,140.02229382646604,145.87868907892417,105.391609548659,106.53297742740241,93.03187339018103,125.21844001956295,24.518387474591602,31.827918765134257,133.7964589764877,124.10321314679572,148.3181051777901,141.7892058429718,128.02401728816093,141.37989745548498,0.1681821422311634,0.1421918548844379,0.15426261508612643,0.15094968214601834,0.17826983669521893,0.1901269970480028,0.2827240886122593,0.23968342640542967,0.27854820587953555,-0.0038024257211123416,0.10697718928841765,-0.30407539623624513,0.3223669090735648,0.02692289212170714,-0.08908001815571322,0.17681827439980985,0.19981189633389132,0.07566984962014436,0.30447542667388294,-0.11608968762790217,0.33452657168500416,0.08843576206880276,-0.3062293810002881,2.112300518680978,2.1362141276146542,0.007444444824667385,-0.008800012223860617,0.0004879445494974261,0.011536813414933846,0.004444052191341533,0.007496160619398973,0.4644368720405147,0.4645186219460837,0.0040382146835326324,-0.038457267424638744,0.14056802234228633,0.14578970299997868,0.0033185762517591805,0.3014487378737444,-2.79177199391752,2.808001641832892,-0.0005495898863848405,0.020907205693861588,-1.6771984450957012,1.6773288400103321,0.001490116119384735,0.4127796958474467,-3.126382827758725,3.1535153215823453,0.0012832529404583836,0.06350173669702737,-1.8422647434122046,1.8433592981622666,30.533027838267575,-11.698617919108516,-2.7479560212642045,-2.161509287658408,3.1049027151635453,4.758612784114779,12.905793384306325,-7.34070502837568,232.40075295451203,82.07620936340396,0
